customer_id,full_name,gender,birth_date,phone,email,city,region,loyalty_tier,registration_date
CUS01518,Mohamed Mansour,Male,1981-05-01,01158132110,mohamed.mansour52@hotmail.com,Suez,Canal Zone,Bronze,2020-12-19
CUS02370,Maged Lotfy,Male,2003-04-10,01281872177,,Zagazig,Nile Delta,Bronze,2021-05-13
CUS01962,Ahmed Hafez,Male,1971-05-03,01141856715,ahmed.hafez18@outlook.com,Giza,Greater Cairo,Gold,2023-09-26
CUS00344,Hoda Fathy,Female,2000-05-19,01195645083,hoda.fathy26@outlook.com,Giza,Greater Cairo,Bronze,2021-07-07
CUS02664,Hussein Lotfy,MALE,1998-12-26,01149528740,hussein.lotfy80@gmail.com,Tanta,Nile Delta,Bronze,2022-10-05
CUS01174,Nour Mostafa,Female,1984-06-10, 01114481563,nour.mostafa72@hotmail.com,Cairo,Greater Cairo,Silver,2021-10-07
CUS02677,Hazem Hamdy,MALE,1974-09-25, 01084698064,hazem.hamdy68@outlook.com,Giza,Greater Cairo,Bronze,2020-01-28
CUS01028,Fatima Ramadan,Female,1975-10-20, 01019232076,fatima.ramadan42@outlook.com,Aswan,Upper Egypt,Bronze,2023-04-03
CUS02084,Ramy Farouk,male,17/08/1989,01069113227,ramy.farouk8@hotmail.com,Suez,Canal Zone,Silver,2021-09-09
CUS01445,Sherif Zaki,Male,1992-01-06,01252440768,sherif.zaki7@hotmail.com,Luxor,Upper Egypt,Silver,2020-10-25
CUS00933,Bassem Farouk,Male,1990-12-18, 01229438263,bassem.farouk40@gmail.com,Ismailia,Canal Zone,Silver,2020-12-26
CUS00179,Hossam Fathy,male,1981-10-08,01248988647,hossam.fathy16@yahoo.com,Port Said,Canal Zone,Bronze,2023-07-02
CUS01594,Hoda Badawi,Female,1985-11-14,01271886181,hoda.badawi40@yahoo.com,Cairo,Greater Cairo,Gold,2022-05-20
CUS01948,Ahmed Mostafa,male,1980-12-01, 01070428122,ahmed.mostafa83@hotmail.com,Cairo,Greater Cairo,Platinum,2022-07-20
CUS01663,Yasmin Khalil,Female,18/11/1986,01078622351,yasmin.khalil15@gmail.com,Suez,Canal Zone,Silver,2023-11-23
CUS02432,Hussein Younis,Male,1994-12-08,01224467198,hussein.younis30@yahoo.com,Aswan,Upper Egypt,Bronze,2020-03-07
CUS02863,Ramy Ramadan,Male,1989-05-22,01019329244,ramy.ramadan58@yahoo.com,Port Said,Canal Zone,Platinum,2023-04-19
CUS02343,Doha Shaaban,Female,1998-05-21,01093235590 ,doha.shaaban46@gmail.com,Cairo,Greater Cairo,Bronze,2022-08-19
CUS01498,Tarek Ragab,Male,1974-02-20,01290242618,tarek.ragab11@gmail.com,Alexandria,Alexandria,Silver,2020-11-11
CUS02967,Ibrahim Bakr,Male,1980-03-20,01221940949 ,ibrahim.bakr8@outlook.com,Zagazig,Nile Delta,Platinum,2021-10-17
CUS02414,Salma Zaki,FEMALE,1977-05-07,01095240437,salma.zaki23@hotmail.com,Cairo,Greater Cairo,Bronze,2023-09-08
CUS02808,Ramy Ali,Male,1995-10-13,01225235645,ramy.ali33@hotmail.com,Cairo,Greater Cairo,Bronze,2022-03-07
CUS01284,Hany Khalil,Male,1997-01-24,01258398175,hany.khalil59@outlook.com,Cairo,Greater Cairo,Bronze,2023-05-17
CUS02869,Engy Attia,Female,20/10/1991, 01027978174,engy.attia68@yahoo.com,Giza,Greater Cairo,Bronze,2020-01-07
CUS00890,Tarek Lotfy,Male,1989-03-07,01044810342,,Cairo,Greater Cairo,Bronze,2023-01-14
CUS01460,Nour Bakr,Female,1980-03-04,  01126675052  ,nour.bakr54@hotmail.com,Mansoura,Nile Delta,Silver,2020-09-20
CUS00652,Ramy Mansour,MALE,1997-05-16, 01034772080,ramy.mansour11@hotmail.com,Alexandria,Alexandria,Bronze,2023-02-17
CUS01437,Yasmin Abdallah,Female,1996-08-08,01223416165,yasmin.abdallah68@gmail.com,Giza,Greater Cairo,Gold,2022-09-12
CUS00555,Omar Ahmed,Male,1978-09-26,01167096991,,Luxor,Upper Egypt,Bronze,2023-07-25
CUS02264,Hussein Hassan,male,1977-09-12,01216614286,hussein.hassan95@hotmail.com,Giza,Greater Cairo,Silver,2022-01-24
CUS00440,Ahmed Zaki,male,1982-09-07, 01214344197,,Cairo,Greater Cairo,Bronze,2023-01-02
CUS02568,Rana Ismail,female,1994-01-10, 01046060709,rana.ismail64@gmail.com,Giza,Greater Cairo,Gold,2021-02-16
CUS01042,Amr Salem,Male,2001-07-24, 01143524010,amr.salem38@yahoo.com,Hurghada,Red Sea,Bronze,2021-02-13
CUS01227,Fady Lotfy,male,1989-03-24, 01228177418,fady.lotfy20@gmail.com,Giza,Greater Cairo,Gold,2021-04-11
CUS00189,Dina Attia,Female,1978-02-27,  01272850928  ,dina.attia61@yahoo.com,Alexandria,Alexandria,Gold,2021-03-28
CUS01780,Sherif Hamdy,Male,1999-02-14,01164024116,,Aswan,Upper Egypt,Silver,2020-01-07
CUS00496,Nadia Badawi,Female,1977-07-05,  01212906871  ,nadia.badawi95@yahoo.com,Giza,Greater Cairo,Bronze,2023-08-10
CUS00791,Ibrahim Hamdy,Male,1990-07-13,01279641006,ibrahim.hamdy27@outlook.com,Cairo,Greater Cairo,Silver,2022-04-28
CUS00573,Manar Ibrahim,Female,1992-08-22,  01288709162  ,manar.ibrahim47@hotmail.com,Giza,Greater Cairo,Silver,2020-10-20
CUS02191,Hoda Younis,Female,1987-10-13,01160605064,hoda.younis8@hotmail.com,Cairo,Greater Cairo,Bronze,2023-05-04
CUS01711,Hana Badawi,Female,1988-01-26,  01259175761  ,hana.badawi79@yahoo.com,Cairo,Greater Cairo,Silver,2023-07-26
CUS00832,Rania Ahmed,female,1976-11-12,01112423190,rania.ahmed91@gmail.com,Giza,Greater Cairo,Bronze,2022-05-19
CUS00360,Heba Lotfy,Female,1989-08-02,  01210626224  ,heba.lotfy31@yahoo.com,Alexandria,Alexandria,Bronze,2020-01-14
CUS02620,Essam Salem,Male,07/01/1982,  01178042648  ,essam.salem29@yahoo.com,Giza,Greater Cairo,Gold,2020-09-25
CUS02008,Dalia Gamal,FEMALE,1977-08-12,  01193356597  ,dalia.gamal68@gmail.com,Hurghada,Red Sea,Bronze,2023-01-20
CUS00569,Ghada Gouda,Female,1995-05-02,  01078043121  ,ghada.gouda76@gmail.com,Suez,Canal Zone,Gold,2021-09-06
CUS00103,Doha Ramadan,Female,1980-01-11,01039732676,doha.ramadan87@hotmail.com,Giza,Greater Cairo,Bronze,2023-08-15
CUS01584,Adel Hamdy,Male,1996-03-19,01073604365,,Alexandria,Alexandria,Silver,2020-04-07
CUS02287,Engy Gouda,Female,01/06/1978,  01115247808  ,engy.gouda79@gmail.com,Ismailia,Canal Zone,Gold,2020-11-18
CUS02013,Zeinab Wahba,Female,1993-09-11,01146337178,zeinab.wahba56@outlook.com,Suez,Canal Zone,Gold,2021-07-10
CUS02663,Emad Khalil,Male,1981-10-17,  01099277799  ,emad.khalil79@outlook.com,Cairo,Greater Cairo,Bronze,2023-12-03
CUS02824,Aisha Saad,Female,2000-01-20,  01085204135  ,,Cairo,Greater Cairo,Bronze,2021-11-04
CUS01180,Doha Abdallah,Female,07/01/1987,  01024212949  ,doha.abdallah41@gmail.com,Alexandria,Alexandria,Silver,2022-04-24
CUS00052,Emad Ahmed,Male,1979-12-22,01021503440,emad.ahmed30@gmail.com,Hurghada,Red Sea,Platinum,2023-09-14
CUS00508,Mona Gamal,Female,1974-07-20,01292199318,mona.gamal93@gmail.com,Aswan,Upper Egypt,Silver,2020-01-16
CUS01018,Ayman Fathy,Male,19/05/1995,01189602636,ayman.fathy26@outlook.com,Alexandria,Alexandria,Platinum,2022-07-23
CUS01092,Aisha Mostafa,Female,1977-10-08,  01220713289  ,aisha.mostafa61@hotmail.com,Mansoura,Nile Delta,Bronze,2021-11-28
CUS00064,Emad Bakr,male,1987-05-21, 01297438349,emad.bakr77@outlook.com,Giza,Greater Cairo,Silver,2022-11-05
CUS00945,Karim Ramadan,Male,1996-09-07,  01184351399  ,karim.ramadan21@outlook.com,Cairo,Greater Cairo,Bronze,2023-01-17
CUS02376,Maged Bakr,Male,1975-12-28,01150176369,maged.bakr1@hotmail.com,Cairo,Greater Cairo,Silver,2023-06-28
CUS00045,Samir Abdallah,Male,01/12/1981,01286884584 ,,Cairo,Greater Cairo,Silver,2022-10-08
CUS02708,Hossam Ibrahim,male,1981-03-01, 01129465805,hossam.ibrahim93@yahoo.com,Cairo,Greater Cairo,Silver,2022-01-18
CUS01511,Ali Ragab,Male,1993-10-18,01199072761,ali.ragab56@yahoo.com,Aswan,Upper Egypt,Bronze,2022-06-10
CUS00255,Magdy Barakat,Male,1975-02-05,01163770881,magdy.barakat22@gmail.com,Cairo,Greater Cairo,Bronze,2022-04-11
CUS00322,Shaimaa Ragab,Female,1998-02-28, 01277166896,shaimaa.ragab32@outlook.com,Tanta,Nile Delta,Gold,2023-01-01
CUS02805,Fady Salem,Male,1995-05-05, 01246193334,fady.salem20@gmail.com,Alexandria,Alexandria,Bronze,2021-03-02
CUS02938,Suzy Mohamed,Female,09/06/1979,01189868447 ,suzy.mohamed95@yahoo.com,Alexandria,Alexandria,Platinum,2020-09-22
CUS00706,Hana Ismail,Female,1989-12-22,01089625763,hana.ismail73@hotmail.com,Ismailia,Canal Zone,Bronze,2021-09-01
CUS02271,Nadia Rizk,FEMALE,1986-12-20,01118659744,nadia.rizk62@hotmail.com,Cairo,Greater Cairo,Bronze,2023-08-16
CUS02125,Radwa Ali,female,1985-02-14,01039737286,radwa.ali88@gmail.com,Ismailia,Canal Zone,Bronze,2023-05-12
CUS02862,Hassan Mohamed,Male,28/03/1973,01082701326,hassan.mohamed1@yahoo.com,Giza,Greater Cairo,Gold,2022-08-20
CUS02590,Emad Fathy,Male,25/01/1998,01140198707 ,emad.fathy33@hotmail.com,Tanta,Nile Delta,Bronze,2022-02-05
CUS02445,Nadia Amin,Female,1982-02-16,01231347320 ,nadia.amin79@outlook.com,Giza,Greater Cairo,Bronze,2023-07-05
CUS01452,Dalia Ramadan,Female,2001-02-08,01169880867,dalia.ramadan65@outlook.com,Mansoura,Nile Delta,Silver,2021-07-08
CUS00140,Reem Ali,FEMALE,1982-08-24,01079946108,reem.ali42@yahoo.com,Ismailia,Canal Zone,Silver,2020-12-18
CUS02575,Bassem Badawi,male,1991-08-11,01145280103 ,bassem.badawi24@outlook.com,Cairo,Greater Cairo,Bronze,2020-06-07
CUS00582,Hana Ramadan,female,1987-12-23,01047158689,hana.ramadan37@hotmail.com,Ismailia,Canal Zone,Bronze,2020-07-07
CUS02606,Reem Badawi,Female,01/04/2003,01219554390,reem.badawi76@hotmail.com,Alexandria,Alexandria,Silver,2023-11-23
CUS00810,Karim Gouda,Male,1976-08-26,01296912383 ,karim.gouda93@yahoo.com,Cairo,Greater Cairo,Silver,2022-06-13
CUS02592,Mohamed Younis,male,17/07/1992,01193079615 ,mohamed.younis28@yahoo.com,Hurghada,Red Sea,Gold,2020-06-05
CUS01823,Lobna Attia,FEMALE,1995-07-20,01090607170,lobna.attia37@outlook.com,Mansoura,Nile Delta,Bronze,2021-09-21
CUS01476,Amr Ali,Male,16/04/1981,01161218112 ,amr.ali22@hotmail.com,Mansoura,Nile Delta,Bronze,2021-04-18
CUS01892,Reem Ibrahim,Female,1996-01-17,01279478250,,Giza,Greater Cairo,Bronze,2020-01-12
CUS01428,Maged Ismail,Male,1987-03-25,01236326944,maged.ismail63@yahoo.com,Port Said,Canal Zone,Silver,2022-05-21
CUS02586,Mohamed Farouk,Male,1990-07-17,01291780371,mohamed.farouk48@outlook.com,Mansoura,Nile Delta,Gold,2023-08-01
CUS00135,Adel Hamdy,Male,05/05/1996,  01111416778  ,adel.hamdy61@gmail.com,Port Said,Canal Zone,Bronze,2023-08-10
CUS00742,Bassem Lotfy,Male,1971-09-25,01137531916,bassem.lotfy42@gmail.com,Giza,Greater Cairo,Bronze,2023-09-20
CUS00965,Magdy Younis,Male,1972-08-04,01135670862,magdy.younis91@hotmail.com,Giza,Greater Cairo,Silver,2020-04-22
CUS00150,Hussein Khalil,Male,1981-09-13,01255300210,hussein.khalil41@hotmail.com,Cairo,Greater Cairo,Silver,2022-07-25
CUS00241,Radwa Ragab,Female,20/10/1978, 01029278938,radwa.ragab9@outlook.com,Port Said,Canal Zone,Silver,2020-01-14
CUS01767,Aisha Ismail,Female,25/01/1986,01291142579,aisha.ismail70@gmail.com,Zagazig,Nile Delta,Gold,2020-04-14
CUS01897,Fady Barakat,Male,1975-11-23,01273669065 ,fady.barakat40@outlook.com,Mansoura,Nile Delta,Bronze,2023-11-03
CUS02322,Maged Ali,male,07/12/1973,01069565923,maged.ali99@hotmail.com,Tanta,Nile Delta,Bronze,2020-05-07
CUS00175,Ashraf Badawi,Male,1975-10-20,01042844845,ashraf.badawi27@gmail.com,Mansoura,Nile Delta,Silver,2021-03-02
CUS00053,Hoda Amin,Female,03/05/2000,01114661179,hoda.amin80@yahoo.com,Port Said,Canal Zone,Gold,2020-08-06
CUS01147,Ashraf Sayed,Male,1970-03-26,  01183421108  ,ashraf.sayed60@gmail.com,Hurghada,Red Sea,Bronze,2020-03-21
CUS00145,Neveen Attia,Female,1970-11-17,01134901990,neveen.attia42@gmail.com,Giza,Greater Cairo,Silver,2023-04-17
CUS00332,Ayman Mohamed,Male,1991-05-08, 01073562365,ayman.mohamed31@gmail.com,Zagazig,Nile Delta,Bronze,2023-02-21
CUS00247,Nader Khalil,Male,1976-04-05,01239677351,nader.khalil68@gmail.com,Giza,Greater Cairo,Bronze,2023-08-03
CUS01972,Mona Saad,Female,2002-08-08,01046897895 ,mona.saad53@gmail.com,Aswan,Upper Egypt,Bronze,2023-12-08
CUS02485,Ali Gouda,male,1977-01-14,01126341998 ,ali.gouda8@hotmail.com,Alexandria,Alexandria,Bronze,2020-05-04
CUS01621,Aisha Ismail,Female,1976-07-16,01284787394,aisha.ismail48@hotmail.com,Alexandria,Alexandria,Bronze,2023-11-05
CUS00558,Tarek Barakat,Male,1982-01-19,  01154084020  ,tarek.barakat78@hotmail.com,Cairo,Greater Cairo,Silver,2020-11-09
CUS00252,Hussein Nasser,Male,2002-12-16,  01189105321  ,hussein.nasser49@outlook.com,Giza,Greater Cairo,Bronze,2021-09-08
CUS01117,Reham Ragab,Female,1978-04-15,01117890314,reham.ragab4@yahoo.com,Cairo,Greater Cairo,Platinum,2023-11-18
CUS01878,Mahmoud Lotfy,male,2003-03-26,01050393690,mahmoud.lotfy8@hotmail.com,Alexandria,Alexandria,Silver,2022-09-10
CUS02523,Ahmed Ramadan,MALE,1983-12-22, 01140694296,ahmed.ramadan91@yahoo.com,Giza,Greater Cairo,Platinum,2023-03-11
CUS00212,Ayman Shaaban,Male,1974-09-08,01061596498,ayman.shaaban46@hotmail.com,Tanta,Nile Delta,Silver,2022-07-02
CUS00001,Manar Hamdy,Female,1977-10-07,  01283233096  ,manar.hamdy91@yahoo.com,Giza,Greater Cairo,Silver,2023-05-27
CUS01477,Dina Ibrahim,Female,1982-10-22,01093364164,dina.ibrahim81@yahoo.com,Hurghada,Red Sea,Bronze,2022-01-13
CUS01554,Youssef Ibrahim,Male,1986-11-22,01053254525,,Suez,Canal Zone,Silver,2023-11-18
CUS01296,Salma Barakat,Female,1987-12-27,  01145353959  ,salma.barakat10@hotmail.com,Cairo,Greater Cairo,Platinum,2020-05-16
CUS00566,Ola Younis,Female,1983-06-23,01284036002,ola.younis34@yahoo.com,Alexandria,Alexandria,Gold,2023-05-02
CUS01235,Reham Hassan,Female,1992-06-18,01220610410,reham.hassan34@hotmail.com,Mansoura,Nile Delta,Bronze,2023-11-12
CUS01625,Emad Ragab,Male,1994-03-17,01276643230,emad.ragab21@yahoo.com,Cairo,Greater Cairo,Silver,2022-03-15
CUS02915,Ashraf Gamal,MALE,2000-05-08,01273724781,ashraf.gamal82@gmail.com,Cairo,Greater Cairo,Bronze,2022-06-17
CUS00790,Walid Abdallah,Male,04/05/1983,01210378180,,Port Said,Canal Zone,Bronze,2020-06-07
CUS00813,Eman Barakat,female,1979-07-13, 01226501040,eman.barakat42@hotmail.com,Cairo,Greater Cairo,Gold,2020-06-10
CUS00267,Dalia Saad,Female,1997-10-24,01218037180,dalia.saad88@hotmail.com,Tanta,Nile Delta,Gold,2023-07-11
CUS02798,Emad Attia,Male,2001-06-28,01079680430,emad.attia9@outlook.com,Mansoura,Nile Delta,Bronze,2022-11-10
CUS00323,Lobna Khalil,Female,16/01/1970, 01190244451,lobna.khalil28@hotmail.com,Mansoura,Nile Delta,Silver,2020-03-24
CUS00033,Heba Wahba,female,1978-11-27,01120043577,heba.wahba38@hotmail.com,Cairo,Greater Cairo,Gold,2022-07-23
CUS00371,Neveen Lotfy,female,21/05/2001,01219560913 ,neveen.lotfy73@yahoo.com,Cairo,Greater Cairo,Silver,2021-07-09
CUS02464,Hassan Hamdy,Male,2003-12-09,01045500468,hassan.hamdy84@yahoo.com,Alexandria,Alexandria,Gold,2021-05-07
CUS00015,Heba Abdallah,female,1996-01-09,01227030641,heba.abdallah32@outlook.com,Cairo,Greater Cairo,Silver,2023-03-19
CUS00094,Hany Nasser,Male,1991-06-12,01139319229,hany.nasser97@gmail.com,Alexandria,Alexandria,Bronze,2020-11-12
CUS02758,Rania Nasser,FEMALE,1976-07-28, 01151971760,rania.nasser45@hotmail.com,Suez,Canal Zone,Bronze,2020-04-12
CUS00880,Mariam Barakat,Female,1985-03-05,  01023228017  ,mariam.barakat7@yahoo.com,Cairo,Greater Cairo,Bronze,2021-01-02
CUS00643,Samir Mansour,Male,23/10/1995,  01036658273  ,samir.mansour34@yahoo.com,Cairo,Greater Cairo,Bronze,2022-09-12
CUS02098,Zeinab Wahba,Female,1984-11-05,  01033172968  ,zeinab.wahba79@hotmail.com,Mansoura,Nile Delta,Gold,2021-06-02
CUS01603,Ali Younis,Male,1981-11-08,01063761226,ali.younis95@outlook.com,Cairo,Greater Cairo,Gold,2023-06-26
CUS01107,Maged Mohamed,Male,2000-03-24,01144327434,maged.mohamed11@outlook.com,Giza,Greater Cairo,Bronze,2022-03-06
CUS00757,Emad Salem,MALE,1979-04-03, 01261524781,,Mansoura,Nile Delta,Silver,2021-04-14
CUS01076,Nader Gamal,Male,1983-02-06,  01289984645  ,nader.gamal12@gmail.com,Giza,Greater Cairo,Silver,2023-04-25
CUS00431,Nadia Ibrahim,Female,1970-03-25, 01229674854,nadia.ibrahim62@gmail.com,Cairo,Greater Cairo,Platinum,2020-10-14
CUS00451,Radwa Hafez,Female,1989-03-07,01166250794,radwa.hafez56@hotmail.com,Hurghada,Red Sea,Silver,2023-01-18
CUS02003,Hossam Badawi,Male,1980-02-09,01094293030,hossam.badawi73@outlook.com,Suez,Canal Zone,Bronze,2022-04-28
CUS01838,Bassem Mahmoud,Male,12/05/1987,01089306711,bassem.mahmoud60@hotmail.com,Giza,Greater Cairo,Bronze,2022-04-07
CUS01689,Mona Amin,female,12/06/1992,01170597233,,Mansoura,Nile Delta,Bronze,2023-02-16
CUS00692,Essam Younis,male,1979-04-17,01139045233 ,essam.younis81@hotmail.com,Giza,Greater Cairo,Silver,2023-10-04
CUS02638,Ashraf Sayed,male,1986-02-04,01287671828,ashraf.sayed60@yahoo.com,Hurghada,Red Sea,Gold,2020-11-06
CUS01850,Maged Ramadan,Male,2003-08-16,01159138081,,Mansoura,Nile Delta,Bronze,2022-02-16
CUS01430,Heba Zaki,Female,1983-06-08,01028692391,heba.zaki88@yahoo.com,Luxor,Upper Egypt,Gold,2021-08-20
CUS00760,Mohamed Ramadan,Male,2000-05-11,01250341681,mohamed.ramadan39@hotmail.com,Hurghada,Red Sea,Bronze,2020-03-18
CUS00185,Mariam Nasser,Female,1972-08-13,  01280107942  ,mariam.nasser12@hotmail.com,Cairo,Greater Cairo,Silver,2023-01-04
CUS01236,Manar Ahmed,FEMALE,01/08/2001,  01048259629  ,,Giza,Greater Cairo,Bronze,2022-06-10
CUS00204,Ramy Ahmed,Male,1986-02-02,01072279029 ,ramy.ahmed69@yahoo.com,Suez,Canal Zone,Bronze,2023-11-23
CUS00802,Mahmoud Mansour,Male,1982-04-07,01049594225,mahmoud.mansour16@yahoo.com,Cairo,Greater Cairo,Gold,2022-11-25
CUS00464,Amira Mohamed,female,1971-09-17,01039032170,amira.mohamed29@gmail.com,Alexandria,Alexandria,Bronze,2021-05-09
CUS01424,Eman Lotfy,Female,1997-09-18,01266214824 ,eman.lotfy35@yahoo.com,Cairo,Greater Cairo,Gold,2022-09-24
CUS01178,Mariam Mansour,Female,1995-08-03,  01240746598  ,mariam.mansour55@hotmail.com,Cairo,Greater Cairo,Silver,2023-06-05
CUS02415,Dalia Saad,Female,1973-09-22,  01223724851  ,dalia.saad35@hotmail.com,Alexandria,Alexandria,Bronze,2023-11-25
CUS00840,Rana Gouda,Female,01/01/1984,01278974303 ,,Mansoura,Nile Delta,Platinum,2020-02-27
CUS01396,Fatima Gouda,Female,1978-12-27,01095752856,fatima.gouda22@outlook.com,Aswan,Upper Egypt,Gold,2023-08-15
CUS02555,Amira Mahmoud,FEMALE,07/10/1986,01222574690,amira.mahmoud76@yahoo.com,Cairo,Greater Cairo,Bronze,2020-05-11
CUS02870,Heba Ahmed,female,1984-11-16,01078209349,heba.ahmed77@outlook.com,Giza,Greater Cairo,Gold,2021-10-11
CUS01914,Amr Amin,Male,1993-04-19,  01041050794  ,amr.amin75@hotmail.com,Giza,Greater Cairo,Bronze,2020-07-11
CUS02820,Youssef Attia,male,1981-10-03, 01190108427,youssef.attia78@yahoo.com,Giza,Greater Cairo,Bronze,2022-04-18
CUS00195,Reham Shaaban,female,1978-05-02,01183670115,reham.shaaban15@hotmail.com,Giza,Greater Cairo,Silver,2020-04-14
CUS00529,Mariam Mansour,Female,2002-02-05,01089665373,mariam.mansour23@hotmail.com,Cairo,Greater Cairo,Bronze,2020-04-10
CUS02526,Bassem Farouk,male,2003-06-16, 01136925774,bassem.farouk90@gmail.com,Cairo,Greater Cairo,Bronze,2020-09-10
CUS01211,Ahmed Lotfy,Male,1994-11-09,01239768686,ahmed.lotfy97@gmail.com,Giza,Greater Cairo,Gold,2020-07-21
CUS01810,Ahmed Mohamed,male,11/10/1980,01135907091,ahmed.mohamed9@yahoo.com,Cairo,Greater Cairo,Bronze,2022-06-28
CUS00333,Ali Ali,male,28/06/1994,01218727939,,Cairo,Greater Cairo,Silver,2023-02-04
CUS02114,Dina Farouk,female,2000-09-18,01031252809,dina.farouk63@outlook.com,Suez,Canal Zone,Bronze,2023-08-26
CUS02957,Samir Mohamed,Male,1987-03-04,  01011264861  ,,Zagazig,Nile Delta,Bronze,2023-08-17
CUS02345,Eman Ali,Female,1994-03-24,01178826793,eman.ali95@gmail.com,Port Said,Canal Zone,Bronze,2023-09-26
CUS01816,Neveen Ibrahim,female,1997-06-16,  01222522836  ,neveen.ibrahim9@gmail.com,Ismailia,Canal Zone,Bronze,2020-11-24
CUS00865,Mona Mohamed,Female,1987-03-23, 01224643784,mona.mohamed23@outlook.com,Giza,Greater Cairo,Gold,2023-10-17
CUS02224,Aisha Hafez,Female,1972-09-27,01225073447,aisha.hafez91@yahoo.com,Cairo,Greater Cairo,Silver,2022-11-17
CUS01053,Amr Mostafa,MALE,1979-12-14,  01034031104  ,,Port Said,Canal Zone,Bronze,2022-03-20
CUS00696,Neveen Ahmed,Female,2000-04-08, 01210409797,neveen.ahmed35@hotmail.com,Mansoura,Nile Delta,Gold,2023-06-20
CUS01656,Dalia Rizk,Female,1990-03-06,01134831499,dalia.rizk67@hotmail.com,Port Said,Canal Zone,Bronze,2021-12-21
CUS01939,Rania Nasser,Female,1979-11-19,01059621760 ,rania.nasser65@gmail.com,Alexandria,Alexandria,Silver,2020-02-11
CUS00046,Hossam Salem,MALE,03/12/1991,01056548066,,Mansoura,Nile Delta,Bronze,2022-08-01
CUS02168,Ashraf Mansour,Male,16/11/1983,01038067311,ashraf.mansour97@outlook.com,Cairo,Greater Cairo,Bronze,2021-07-17
CUS00545,Emad Gouda,Male,1988-12-18,01242831540 ,emad.gouda98@gmail.com,Mansoura,Nile Delta,Platinum,2023-04-19
CUS01426,Hazem Younis,Male,1985-03-25,01264829712,hazem.younis33@hotmail.com,Ismailia,Canal Zone,Platinum,2021-12-14
CUS02169,Amira Mostafa,Female,24/03/1979,  01247650461  ,amira.mostafa90@yahoo.com,Tanta,Nile Delta,Silver,2021-09-25
CUS00417,Neveen Amin,female,1987-04-19,01121707969,neveen.amin76@yahoo.com,Giza,Greater Cairo,Gold,2021-12-15
CUS01815,Tamer Badawi,Male,01/09/1986,  01163610121  ,tamer.badawi54@yahoo.com,Cairo,Greater Cairo,Gold,2020-11-08
CUS01925,Maged Ahmed,Male,1973-04-05,01164521433,maged.ahmed86@outlook.com,Hurghada,Red Sea,Bronze,2023-08-28
CUS02080,Eman Gouda,Female,1974-12-03,01116579870,eman.gouda57@outlook.com,Hurghada,Red Sea,Silver,2023-04-21
CUS00193,Adel Shaaban,Male,1974-10-04,01290048179,adel.shaaban12@yahoo.com,Suez,Canal Zone,Silver,2021-10-25
CUS02910,Mona Mohamed,FEMALE,1975-11-24,  01140195198  ,mona.mohamed1@outlook.com,Giza,Greater Cairo,Bronze,2021-05-09
CUS02918,Rana Bakr,FEMALE,1988-07-11,01247389079,rana.bakr39@hotmail.com,Aswan,Upper Egypt,Bronze,2022-10-27
CUS00315,Omar Ali,Male,1996-08-19,01185935555,omar.ali78@yahoo.com,Aswan,Upper Egypt,Bronze,2021-09-21
CUS00479,Nader Ahmed,Male,1998-05-12,01016594707,nader.ahmed52@yahoo.com,Ismailia,Canal Zone,Bronze,2022-09-20
CUS00684,Hassan Mansour,MALE,1975-12-03,01068112164,,Mansoura,Nile Delta,Bronze,2022-11-17
CUS00355,Zeinab Amin,Female,1981-10-24,01171448654 ,,Cairo,Greater Cairo,Bronze,2020-04-28
CUS00300,Neveen Gouda,female,1980-10-07,01121568480,neveen.gouda13@outlook.com,Cairo,Greater Cairo,Bronze,2023-05-08
CUS01507,Akram Mostafa,MALE,12/08/1994, 01233865861,akram.mostafa40@gmail.com,Alexandria,Alexandria,Platinum,2020-12-02
CUS01365,Sherif Mostafa,Male,06/10/1984, 01216060961,,Zagazig,Nile Delta,Bronze,2021-01-14
CUS01243,Ali Abdallah,male,1982-02-15,01048825894 ,ali.abdallah32@hotmail.com,Hurghada,Red Sea,Bronze,2023-08-26
CUS02468,Tarek Mohamed,Male,13/03/1995,  01239167240  ,tarek.mohamed98@yahoo.com,Cairo,Greater Cairo,Bronze,2021-07-11
CUS00728,Rania Barakat,female,17/10/1987,01050714161,rania.barakat28@yahoo.com,Hurghada,Red Sea,Bronze,2023-08-16
CUS02349,Wael Gouda,Male,1986-02-12,01278207429,wael.gouda7@hotmail.com,Alexandria,Alexandria,Silver,2021-11-28
CUS01085,Ghada Ahmed,Female,1971-12-02,01016472544,ghada.ahmed69@yahoo.com,Port Said,Canal Zone,Silver,2022-03-04
CUS00730,Ayman Ali,Male,01/07/1990,01060154780 ,ayman.ali17@outlook.com,Cairo,Greater Cairo,Silver,2023-11-28
CUS01955,Sara Mohamed,FEMALE,2001-03-10, 01128464221,sara.mohamed56@yahoo.com,Sharm El Sheikh,South Sinai,Bronze,2021-08-28
CUS02879,Lobna Rizk,Female,16/03/1994, 01142679457,lobna.rizk60@hotmail.com,Alexandria,Alexandria,Bronze,2023-11-03
CUS00843,Mohamed Fathy,Male,1998-08-20,  01162443962  ,mohamed.fathy52@outlook.com,Cairo,Greater Cairo,Bronze,2021-10-05
CUS02346,Yasmin Mostafa,female,11/10/1999,01228729323,yasmin.mostafa31@gmail.com,Mansoura,Nile Delta,Bronze,2021-06-13
CUS00433,Hossam Farouk,Male,19/02/1994,01266618508,hossam.farouk12@yahoo.com,Mansoura,Nile Delta,Platinum,2022-01-07
CUS02571,Sherif Mahmoud,Male,1985-03-20,  01114332363  ,sherif.mahmoud46@gmail.com,Giza,Greater Cairo,Bronze,2020-07-12
CUS02610,Ahmed Mostafa,MALE,1974-03-02,01063360110,ahmed.mostafa95@outlook.com,Cairo,Greater Cairo,Bronze,2022-03-14
CUS00176,Mahmoud Zaki,MALE,1991-02-02,01065963010,mahmoud.zaki90@yahoo.com,Cairo,Greater Cairo,Bronze,2023-12-19
CUS00257,Hossam Wahba,Male,1987-03-25,  01124500436  ,hossam.wahba4@gmail.com,Port Said,Canal Zone,Silver,2020-02-16
CUS02119,Zeinab Younis,Female,09/12/1985,01228228078,zeinab.younis7@yahoo.com,Cairo,Greater Cairo,Silver,2022-01-14
CUS02404,Wael Ibrahim,Male,1977-10-11,01294173034 ,wael.ibrahim25@hotmail.com,Giza,Greater Cairo,Bronze,2023-08-20
CUS00444,Yasmin Fathy,Female,05/01/1976,01183435357,yasmin.fathy59@hotmail.com,Giza,Greater Cairo,Bronze,2021-05-06
CUS01337,Rana Ali,Female,1979-09-18,01165967954,,Cairo,Greater Cairo,Bronze,2020-10-20
CUS02152,Lobna Lotfy,female,1977-06-20,  01111744307  ,,Cairo,Greater Cairo,Silver,2020-08-07
CUS02298,Emad Hamdy,Male,1972-09-02,01285708054,emad.hamdy30@yahoo.com,Cairo,Greater Cairo,Bronze,2020-06-25
CUS01840,Mahmoud Nasser,Male,1989-04-10,01190497815,mahmoud.nasser71@outlook.com,Cairo,Greater Cairo,Silver,2020-12-17
CUS02794,Hoda Hassan,Female,1988-03-05,01259571765,hoda.hassan18@yahoo.com,Cairo,Greater Cairo,Bronze,2020-05-08
CUS02773,Neveen Ismail,Female,1976-11-01,01078866174,neveen.ismail52@outlook.com,Hurghada,Red Sea,Silver,2023-11-01
CUS02770,Karim Saad,Male,05/04/2001,01010400313,karim.saad43@yahoo.com,Tanta,Nile Delta,Bronze,2020-06-08
CUS02595,Bassem Mahmoud,Male,1996-12-22,01087213046,,Cairo,Greater Cairo,Bronze,2023-05-03
CUS02323,Tarek Ragab,Male,1996-05-01,  01016544576  ,tarek.ragab26@yahoo.com,Mansoura,Nile Delta,Gold,2022-03-01
CUS02300,Osama Younis,Male,1992-11-22,  01294942673  ,osama.younis94@hotmail.com,Giza,Greater Cairo,Silver,2022-02-22
CUS00197,Omar Mohamed,male,1979-12-16,01268617594,omar.mohamed59@outlook.com,Zagazig,Nile Delta,Bronze,2021-08-17
CUS01910,Rania Younis,female,1998-04-27, 01015868959,rania.younis12@yahoo.com,Cairo,Greater Cairo,Bronze,2023-07-14
CUS00171,Nour Barakat,Female,1979-08-27,  01270625891  ,nour.barakat90@yahoo.com,Tanta,Nile Delta,Bronze,2023-07-11
CUS00299,Aisha Khalil,Female,1988-12-07,01156150415 ,aisha.khalil78@outlook.com,Mansoura,Nile Delta,Silver,2021-05-24
CUS02827,Zeinab Ibrahim,Female,2002-01-19,01214135520,,Zagazig,Nile Delta,Silver,2021-04-13
CUS00089,Zeinab Younis,female,1997-01-17,01013391969 ,zeinab.younis21@hotmail.com,Suez,Canal Zone,Bronze,2022-03-27
CUS01481,Hoda Shaaban,Female,1991-01-09,01126723636,hoda.shaaban76@hotmail.com,Aswan,Upper Egypt,Silver,2022-03-18
CUS00830,Amr Ramadan,Male,1976-08-21,01166971876,amr.ramadan68@hotmail.com,Giza,Greater Cairo,Bronze,2022-12-02
CUS00271,Fady Hafez,male,1994-12-24, 01066756516,fady.hafez53@hotmail.com,Hurghada,Red Sea,Bronze,2020-08-18
CUS02923,Doha Saad,Female,1981-05-01,  01056612671  ,doha.saad79@gmail.com,Aswan,Upper Egypt,Silver,2023-09-01
CUS01048,Yasmin Ragab,FEMALE,1981-10-24,01199131349,,Cairo,Greater Cairo,Bronze,2022-10-17
CUS00811,Reham Younis,Female,1988-05-06,01083252711,reham.younis63@gmail.com,Ismailia,Canal Zone,Silver,2021-03-27
CUS00651,Noha Mohamed,Female,2001-12-04,  01121959568  ,noha.mohamed53@outlook.com,Cairo,Greater Cairo,Bronze,2023-03-28
CUS01115,Hassan Attia,Male,1989-12-18, 01027976656,hassan.attia45@gmail.com,Alexandria,Alexandria,Bronze,2023-01-05
CUS02636,Ashraf Zaki,MALE,1999-09-10,01040312385,ashraf.zaki64@yahoo.com,Mansoura,Nile Delta,Bronze,2021-06-20
CUS01238,Walid Saad,Male,1971-11-15,  01282542655  ,walid.saad12@outlook.com,Alexandria,Alexandria,Silver,2022-12-14
CUS00153,Tarek Amin,Male,1984-05-26,01122335296,,Cairo,Greater Cairo,Bronze,2022-08-06
CUS01741,Tarek Mohamed,Male,1991-06-21,01094448949 ,tarek.mohamed39@hotmail.com,Aswan,Upper Egypt,Bronze,2022-02-18
CUS02286,Ashraf Ali,Male,1995-08-16,01156962250,ashraf.ali42@hotmail.com,Cairo,Greater Cairo,Gold,2020-01-11
CUS01658,Ramy Ahmed,Male,1994-12-06,01181222187,ramy.ahmed13@yahoo.com,Giza,Greater Cairo,Bronze,2020-12-24
CUS01411,Adel Attia,MALE,28/08/1986,01056638324,adel.attia12@gmail.com,Cairo,Greater Cairo,Gold,2022-11-18
CUS00290,Neveen Wahba,Female,1982-08-15, 01173946652,neveen.wahba48@yahoo.com,Alexandria,Alexandria,Bronze,2023-11-14
CUS01818,Nader Ramadan,Male,2002-12-20,01012706348,nader.ramadan52@gmail.com,Hurghada,Red Sea,Bronze,2022-06-01
CUS02935,Mona Bakr,Female,02/12/1976,01020288463,mona.bakr73@yahoo.com,Tanta,Nile Delta,Bronze,2022-12-19
CUS01269,Salma Rizk,Female,1971-01-23,01034488359,salma.rizk21@yahoo.com,Mansoura,Nile Delta,Silver,2021-10-17
CUS02789,Reem Sayed,FEMALE,1988-06-25,01128412800,reem.sayed36@gmail.com,Port Said,Canal Zone,Bronze,2021-01-01
CUS02105,Khaled Saad,Male,1992-10-10, 01077338280,khaled.saad48@yahoo.com,Hurghada,Red Sea,Bronze,2022-03-26
CUS00450,Radwa Saad,Female,1986-11-06,  01029023738  ,radwa.saad54@yahoo.com,Cairo,Greater Cairo,Bronze,2022-03-27
CUS01967,Akram Rizk,Male,1997-02-14,01283840258,akram.rizk98@gmail.com,Cairo,Greater Cairo,Silver,2022-10-20
CUS00931,Engy Younis,Female,2001-11-20,01221390627,engy.younis86@hotmail.com,Cairo,Greater Cairo,Bronze,2021-08-06
CUS00258,Samah Bakr,Female,1979-05-20,01222929680,samah.bakr60@yahoo.com,Tanta,Nile Delta,Bronze,2022-11-16
CUS01217,Yasmin Zaki,Female,12/11/1980,01064736922,yasmin.zaki29@outlook.com,Cairo,Greater Cairo,Bronze,2022-04-01
CUS01622,Osama Ahmed,Male,27/06/1978, 01155233421,osama.ahmed5@gmail.com,Cairo,Greater Cairo,Bronze,2021-10-28
CUS00683,Wael Mahmoud,Male,1974-01-24,01055786338,wael.mahmoud59@hotmail.com,Cairo,Greater Cairo,Bronze,2020-10-04
CUS02229,Hussein Shaaban,Male,02/06/1987,  01261756938  ,hussein.shaaban25@yahoo.com,Giza,Greater Cairo,Bronze,2021-04-01
CUS02442,Hazem Mohamed,Male,1997-12-14, 01265703311,hazem.mohamed61@hotmail.com,Alexandria,Alexandria,Silver,2021-11-01
CUS01715,Dina Ahmed,Female,2003-06-26,01219505341,dina.ahmed79@hotmail.com,Cairo,Greater Cairo,Bronze,2021-03-03
CUS00068,Adel Ragab,Male,05/03/1973,01055992373 ,adel.ragab41@yahoo.com,Hurghada,Red Sea,Silver,2020-08-11
CUS01456,Bassem Lotfy,Male,2002-08-01,01060654368,,Port Said,Canal Zone,Silver,2021-08-22
CUS02583,Ayman Wahba,Male,1995-10-28,01079707613,ayman.wahba39@gmail.com,Alexandria,Alexandria,Bronze,2021-06-19
CUS02448,Dalia Khalil,Female,1978-12-14, 01192663590,dalia.khalil34@gmail.com,Cairo,Greater Cairo,Bronze,2021-09-06
CUS02769,Mohamed Ibrahim,Male,1996-09-01, 01021023370,mohamed.ibrahim54@gmail.com,Alexandria,Alexandria,Silver,2023-05-07
CUS01641,Mona Badawi,Female,2003-02-04,  01069371178  ,,Alexandria,Alexandria,Bronze,2020-05-20
CUS01100,Mona Ragab,Female,2001-07-09,01298486477,,Giza,Greater Cairo,Silver,2021-03-17
CUS00737,Dalia Saad,Female,14/10/2002,  01045661812  ,dalia.saad61@outlook.com,Giza,Greater Cairo,Bronze,2023-06-04
CUS00512,Omar Ibrahim,Male,1986-09-07,01157910133,omar.ibrahim47@hotmail.com,Giza,Greater Cairo,Bronze,2021-09-09
CUS01872,Ola Attia,Female,28/07/1983, 01198574862,ola.attia80@yahoo.com,Cairo,Greater Cairo,Bronze,2023-03-17
CUS00424,Hana Badawi,Female,1984-06-09,01088069593,hana.badawi94@outlook.com,Alexandria,Alexandria,Bronze,2022-03-16
CUS01152,Doha Farouk,Female,1972-03-04,01119565463 ,doha.farouk50@hotmail.com,Aswan,Upper Egypt,Bronze,2023-12-26
CUS01610,Hoda Mostafa,female,16/12/1991,01158042204,hoda.mostafa30@yahoo.com,Alexandria,Alexandria,Bronze,2021-05-14
CUS00125,Hoda Ali,female,2002-06-13,01233461307,hoda.ali2@gmail.com,Cairo,Greater Cairo,Bronze,2021-07-19
CUS02506,Hassan Hamdy,MALE,1982-03-21,01113282336,,Cairo,Greater Cairo,Gold,2022-08-16
CUS01160,Hoda Ragab,Female,1978-06-20,01039244446,hoda.ragab7@outlook.com,Cairo,Greater Cairo,Gold,2020-05-17
CUS00507,Osama Ismail,Male,1991-01-05,01083428820,osama.ismail8@yahoo.com,Suez,Canal Zone,Gold,2023-02-26
CUS02041,Dina Mohamed,FEMALE,1970-08-16,01099828519,dina.mohamed17@outlook.com,Luxor,Upper Egypt,Bronze,2023-11-21
CUS01374,Ayman Gamal,Male,13/07/2002,  01238010136  ,ayman.gamal14@outlook.com,Alexandria,Alexandria,Bronze,2021-11-16
CUS02308,Amira Ragab,Female,2001-06-21,01131069914,amira.ragab65@hotmail.com,Mansoura,Nile Delta,Bronze,2020-11-11
CUS01038,Amr Rizk,Male,1973-07-12, 01282695541,amr.rizk61@yahoo.com,Zagazig,Nile Delta,Gold,2022-09-28
CUS02645,Walid Khalil,Male,09/06/1977,01056761054,walid.khalil8@outlook.com,Cairo,Greater Cairo,Bronze,2020-11-05
CUS01150,Shaimaa Salem,Female,01/02/1994, 01111294689,shaimaa.salem84@hotmail.com,Luxor,Upper Egypt,Bronze,2021-05-28
CUS01721,Mariam Nasser,Female,1996-01-23,01190808054 ,mariam.nasser90@yahoo.com,Cairo,Greater Cairo,Silver,2022-07-08
CUS00613,Omar Mahmoud,Male,1977-09-06,01221774955,omar.mahmoud10@outlook.com,Mansoura,Nile Delta,Gold,2022-08-15
CUS01787,Ramy Nasser,MALE,1995-12-25,01190594945,ramy.nasser34@yahoo.com,Mansoura,Nile Delta,Silver,2021-09-12
CUS02906,Ahmed Barakat,Male,1991-09-07,01271745482 ,ahmed.barakat23@outlook.com,Cairo,Greater Cairo,Silver,2021-03-03
CUS02031,Osama Wahba,Male,1990-06-17,01152920489 ,osama.wahba14@hotmail.com,Cairo,Greater Cairo,Bronze,2020-05-07
CUS01761,Hassan Abdallah,Male,1972-07-08, 01071386952,hassan.abdallah5@gmail.com,Giza,Greater Cairo,Bronze,2022-06-17
CUS00595,Nadia Saad,Female,1972-03-05,  01248712477  ,nadia.saad40@yahoo.com,Suez,Canal Zone,Bronze,2022-08-23
CUS00991,Suzy Shaaban,Female,1971-06-24,01159633035,suzy.shaaban87@hotmail.com,Hurghada,Red Sea,Bronze,2023-06-26
CUS02524,Emad Lotfy,Male,08/08/1977,01058746010,,Giza,Greater Cairo,Bronze,2021-11-05
CUS00292,Radwa Younis,Female,1973-09-03,  01078909330  ,radwa.younis73@hotmail.com,Cairo,Greater Cairo,Bronze,2022-05-19
CUS01873,Ibrahim Badawi,Male,2002-04-26,01262339589,,Alexandria,Alexandria,Bronze,2023-12-17
CUS01804,Engy Mahmoud,Female,2003-09-17, 01069735019,engy.mahmoud52@hotmail.com,Giza,Greater Cairo,Bronze,2021-09-02
CUS00081,Rana Wahba,Female,2000-08-28,01020048242,rana.wahba65@yahoo.com,Luxor,Upper Egypt,Bronze,2023-07-27
CUS02685,Hossam Lotfy,Male,25/01/1988,01290004656,hossam.lotfy9@hotmail.com,Giza,Greater Cairo,Bronze,2020-09-07
CUS01980,Reham Attia,Female,1999-01-08, 01031076233,reham.attia29@gmail.com,Aswan,Upper Egypt,Bronze,2023-04-05
CUS00943,Eman Hafez,Female,1994-08-27,  01054480754  ,eman.hafez86@outlook.com,Mansoura,Nile Delta,Bronze,2023-05-03
CUS01357,Adel Gamal,male,1979-09-20,  01267599647  ,adel.gamal59@yahoo.com,Suez,Canal Zone,Bronze,2021-08-25
CUS00409,Adel Hamdy,Male,1997-03-18,01124588794,adel.hamdy96@outlook.com,Suez,Canal Zone,Silver,2020-06-28
CUS01802,Lobna Hamdy,Female,1976-01-10,01175879752,lobna.hamdy39@hotmail.com,Zagazig,Nile Delta,Platinum,2023-04-23
CUS00941,Amira Hamdy,Female,1994-02-10,01041572277,amira.hamdy11@gmail.com,Cairo,Greater Cairo,Silver,2023-05-14
CUS02315,Hossam Mohamed,Male,1995-03-23,  01280256723  ,hossam.mohamed24@outlook.com,Sharm El Sheikh,South Sinai,Bronze,2023-07-12
CUS02160,Mariam Ali,Female,1984-01-05, 01269580724,mariam.ali97@yahoo.com,Zagazig,Nile Delta,Bronze,2021-11-27
CUS00369,Ayman Wahba,Male,1997-03-27,01112658997,ayman.wahba39@yahoo.com,Cairo,Greater Cairo,Bronze,2021-05-13
CUS01726,Shaimaa Gamal,Female,2002-06-17, 01160561023,shaimaa.gamal67@gmail.com,Cairo,Greater Cairo,Silver,2021-11-28
CUS00858,Reem Hamdy,Female,09/12/1973,01099062872,reem.hamdy80@hotmail.com,Alexandria,Alexandria,Bronze,2023-10-02
CUS01492,Nour Badawi,Female,15/02/1984,01147572968,nour.badawi53@yahoo.com,Giza,Greater Cairo,Bronze,2023-04-13
CUS00142,Mahmoud Gouda,male,1979-06-25,  01043382936  ,mahmoud.gouda98@gmail.com,Cairo,Greater Cairo,Bronze,2020-06-21
CUS02116,Rania Sayed,Female,1973-03-13,01237423200,,Cairo,Greater Cairo,Bronze,2021-04-23
CUS02881,Ghada Salem,female,23/09/1978,01197547005,ghada.salem6@gmail.com,Giza,Greater Cairo,Bronze,2020-08-22
CUS00820,Reham Barakat,Female,1981-05-11,01228019246,reham.barakat5@hotmail.com,Giza,Greater Cairo,Bronze,2020-05-08
CUS01111,Mahmoud Badawi,Male,1980-03-03,01037406435,mahmoud.badawi10@outlook.com,Aswan,Upper Egypt,Bronze,2023-03-06
CUS00556,Adel Barakat,Male,03/09/1990,01238709086,adel.barakat56@outlook.com,Giza,Greater Cairo,Bronze,2023-12-26
CUS00860,Emad Shaaban,MALE,1984-04-18, 01223838198,emad.shaaban42@yahoo.com,Cairo,Greater Cairo,Bronze,2022-12-16
CUS02397,Fady Fathy,Male,1984-02-22,  01216737139  ,fady.fathy2@outlook.com,Cairo,Greater Cairo,Bronze,2020-10-03
CUS02072,Magdy Lotfy,male,1980-06-05,01215762109,magdy.lotfy73@hotmail.com,Alexandria,Alexandria,Platinum,2022-03-17
CUS00600,Reem Farouk,female,1999-03-02,01245670151,reem.farouk9@yahoo.com,Cairo,Greater Cairo,Bronze,2022-01-07
CUS01713,Shaimaa Shaaban,female,2003-09-03,01146624012,shaimaa.shaaban44@outlook.com,Hurghada,Red Sea,Bronze,2021-05-24
CUS00178,Heba Barakat,Female,1975-08-24,01291171931,heba.barakat41@hotmail.com,Giza,Greater Cairo,Silver,2022-03-20
CUS01484,Ayman Bakr,Male,1970-11-11,01082856005,,Cairo,Greater Cairo,Bronze,2023-11-10
CUS01695,Maged Ali,Male,1997-11-15,01019010715,,Giza,Greater Cairo,Silver,2021-05-10
CUS01704,Neveen Ibrahim,Female,1979-08-19,01235623259,neveen.ibrahim18@hotmail.com,Alexandria,Alexandria,Silver,2021-06-22
CUS02128,Shaimaa Ali,Female,1985-07-24, 01062077771,shaimaa.ali41@gmail.com,Cairo,Greater Cairo,Gold,2023-02-28
CUS02784,Noha Wahba,female,16/12/1971,01198913917,noha.wahba94@gmail.com,Hurghada,Red Sea,Bronze,2022-12-20
CUS00184,Mahmoud Ismail,MALE,1975-08-17,01074781956,mahmoud.ismail68@hotmail.com,Luxor,Upper Egypt,Gold,2022-03-25
CUS01344,Hossam Zaki,Male,1974-01-05, 01258759172,hossam.zaki75@hotmail.com,Zagazig,Nile Delta,Silver,2022-07-13
CUS01324,Hassan Hafez,male,1981-07-13,01154629491,hassan.hafez21@hotmail.com,Cairo,Greater Cairo,Bronze,2021-11-17
CUS00868,Eman Hafez,Female,1997-06-26, 01192362416,eman.hafez16@gmail.com,Cairo,Greater Cairo,Bronze,2023-06-01
CUS02581,Ashraf Gouda,Male,1990-06-25,01188198069,ashraf.gouda43@hotmail.com,Cairo,Greater Cairo,Silver,2020-03-18
CUS02574,Sara Hafez,Female,1982-02-15,  01164475620  ,sara.hafez49@outlook.com,Alexandria,Alexandria,Bronze,2020-09-03
CUS00671,Mariam Gamal,Female,1983-07-14,01171818207,mariam.gamal42@outlook.com,Cairo,Greater Cairo,Bronze,2021-12-17
CUS01728,Noha Wahba,female,1980-12-27,01248461227 ,noha.wahba86@yahoo.com,Sharm El Sheikh,South Sinai,Silver,2021-10-18
CUS01090,Dina Saad,Female,01/10/1991,01092838528,dina.saad22@gmail.com,Cairo,Greater Cairo,Bronze,2023-08-19
CUS02723,Ali Nasser,Male,1997-08-10,01267626003 ,ali.nasser27@hotmail.com,Hurghada,Red Sea,Bronze,2020-06-08
CUS01874,Eman Rizk,Female,1987-01-18,01298448010,eman.rizk26@yahoo.com,Aswan,Upper Egypt,Gold,2020-08-21
CUS01261,Ghada Abdallah,Female,1994-01-15,01168574966,ghada.abdallah29@gmail.com,Cairo,Greater Cairo,Gold,2020-01-23
CUS00163,Ramy Gamal,male,1992-11-10, 01077276832,ramy.gamal4@hotmail.com,Mansoura,Nile Delta,Gold,2021-03-11
CUS02449,Salma Ragab,Female,2003-04-08,01228113838,salma.ragab50@yahoo.com,Cairo,Greater Cairo,Gold,2021-06-21
CUS02947,Sherif Abdallah,Male,1985-05-26, 01142842570,sherif.abdallah17@outlook.com,Alexandria,Alexandria,Bronze,2022-08-22
CUS01254,Osama Ahmed,Male,1994-05-24, 01259038710,osama.ahmed60@gmail.com,Cairo,Greater Cairo,Bronze,2022-12-15
CUS02532,Hossam Mahmoud,Male,1971-04-13, 01255548057,,Aswan,Upper Egypt,Platinum,2022-03-24
CUS02864,Rana Zaki,Female,1971-11-06,01077404022,rana.zaki61@hotmail.com,Alexandria,Alexandria,Bronze,2020-05-11
CUS01879,Akram Gamal,Male,1998-08-20,01137457394,akram.gamal92@hotmail.com,Giza,Greater Cairo,Gold,2022-04-17
CUS00031,Dalia Hamdy,Female,2001-04-24,  01242900372  ,dalia.hamdy82@gmail.com,Mansoura,Nile Delta,Silver,2022-01-25
CUS00458,Tarek Barakat,Male,1990-06-06, 01267716265,tarek.barakat7@outlook.com,Alexandria,Alexandria,Platinum,2021-11-13
CUS00434,Essam Abdallah,male,12/01/1977, 01128703143,essam.abdallah54@yahoo.com,Cairo,Greater Cairo,Silver,2021-04-02
CUS00818,Maged Ali,Male,1994-05-21,01131028161 ,maged.ali6@yahoo.com,Giza,Greater Cairo,Silver,2023-04-24
CUS00174,Engy Younis,Female,1981-02-05,01010474177,engy.younis70@gmail.com,Cairo,Greater Cairo,Silver,2023-04-07
CUS01922,Ramy Salem,Male,07/10/1991,  01172691030  ,ramy.salem48@gmail.com,Cairo,Greater Cairo,Gold,2022-07-06
CUS00297,Walid Ahmed,Male,1991-01-04,01267953597,walid.ahmed71@hotmail.com,Hurghada,Red Sea,Bronze,2020-08-13
CUS00326,Manar Mahmoud,Female,01/09/1974,01269750614,manar.mahmoud46@outlook.com,Zagazig,Nile Delta,Bronze,2021-12-01
CUS01214,Aisha Mohamed,Female,1999-03-17,01298552975,aisha.mohamed60@hotmail.com,Hurghada,Red Sea,Silver,2020-02-14
CUS02949,Adel Mahmoud,Male,1977-02-12,  01280910930  ,,Giza,Greater Cairo,Bronze,2021-10-09
CUS00946,Akram Mostafa,Male,2000-09-22,01296011916,akram.mostafa76@outlook.com,Cairo,Greater Cairo,Gold,2021-06-15
CUS00745,Osama Gouda,Male,1980-03-08,01296571635,,Cairo,Greater Cairo,Silver,2023-06-02
CUS01223,Yasmin Amin,Female,1983-06-25,01274083494,yasmin.amin58@yahoo.com,Giza,Greater Cairo,Bronze,2022-07-01
CUS00795,Hussein Saad,Male,2003-05-24,  01112724561  ,hussein.saad33@yahoo.com,Cairo,Greater Cairo,Platinum,2021-11-16
CUS01427,Mona Gamal,Female,1971-12-26,01152832536,mona.gamal69@hotmail.com,Cairo,Greater Cairo,Silver,2023-08-06
CUS02752,Omar Fathy,Male,1983-07-16,01041480353,omar.fathy90@yahoo.com,Tanta,Nile Delta,Gold,2020-10-23
CUS01363,Khaled Ramadan,MALE,1995-03-23,  01290543284  ,khaled.ramadan77@yahoo.com,Mansoura,Nile Delta,Bronze,2021-01-10
CUS01588,Karim Ismail,MALE,1970-10-12,  01276224539  ,karim.ismail91@gmail.com,Giza,Greater Cairo,Bronze,2023-01-26
CUS01098,Doha Nasser,Female,28/09/1991,01250213388 ,doha.nasser5@yahoo.com,Cairo,Greater Cairo,Platinum,2020-03-16
CUS02269,Radwa Khalil,Female,1974-05-12,01275338800,,Cairo,Greater Cairo,Silver,2022-10-04
CUS02093,Ahmed Ahmed,Male,1999-06-26,01045042983 ,ahmed.ahmed36@outlook.com,Cairo,Greater Cairo,Bronze,2021-11-08
CUS00074,Ashraf Sayed,Male,2003-05-20,01228409776 ,ashraf.sayed37@gmail.com,Aswan,Upper Egypt,Silver,2020-08-07
CUS02948,Yasmin Hassan,FEMALE,1984-12-20,  01210097184  ,yasmin.hassan10@gmail.com,Alexandria,Alexandria,Bronze,2022-11-15
CUS02329,Nader Ismail,Male,1979-03-23,01193757881,nader.ismail99@hotmail.com,Mansoura,Nile Delta,Bronze,2021-07-04
CUS01362,Wael Nasser,Male,1984-11-05,01255357151,wael.nasser11@hotmail.com,Cairo,Greater Cairo,Bronze,2021-09-13
CUS01781,Fatima Mohamed,female,1998-01-26,01075420157,fatima.mohamed54@outlook.com,Cairo,Greater Cairo,Bronze,2021-03-02
CUS01162,Doha Badawi,Female,1997-05-25,  01052180686  ,doha.badawi95@outlook.com,Cairo,Greater Cairo,Bronze,2023-08-23
CUS01451,Hassan Mostafa,Male,1975-10-09,01250793088 ,hassan.mostafa79@outlook.com,Alexandria,Alexandria,Gold,2022-06-13
CUS01938,Adel Salem,Male,19/12/2001,01144956007,adel.salem1@gmail.com,Aswan,Upper Egypt,Gold,2020-09-18
CUS02883,Doha Lotfy,female,21/10/1976,01197085746,doha.lotfy63@hotmail.com,Cairo,Greater Cairo,Platinum,2021-05-22
CUS01746,Rana Gamal,female,11/10/2000,  01286260244  ,rana.gamal33@gmail.com,Alexandria,Alexandria,Gold,2021-11-08
CUS00603,Hazem Younis,Male,1989-05-28, 01243423167,hazem.younis15@yahoo.com,Cairo,Greater Cairo,Gold,2023-01-11
CUS00472,Ali Shaaban,male,1989-12-15,01196046600,ali.shaaban4@yahoo.com,Ismailia,Canal Zone,Bronze,2020-01-05
CUS02444,Suzy Sayed,Female,1985-11-24,01136882000,suzy.sayed62@hotmail.com,Aswan,Upper Egypt,Bronze,2023-03-09
CUS00963,Samah Ahmed,Female,1981-03-21,01064508893,samah.ahmed35@gmail.com,Cairo,Greater Cairo,Silver,2021-01-03
CUS02518,Shaimaa Lotfy,female,1970-04-02,  01038522803  ,shaimaa.lotfy97@gmail.com,Alexandria,Alexandria,Bronze,2022-03-23
CUS00568,Hussein Mansour,male,06/05/1992,  01183387315  ,hussein.mansour74@outlook.com,Giza,Greater Cairo,Bronze,2023-08-27
CUS02272,Youssef Mahmoud,Male,17/04/1979,01179150757,,Giza,Greater Cairo,Silver,2020-09-25
CUS02388,Amr Hafez,Male,1981-06-02,01062102936,amr.hafez62@yahoo.com,Mansoura,Nile Delta,Silver,2021-01-16
CUS01834,Fady Ismail,Male,1990-02-03,01180650419,fady.ismail32@hotmail.com,Zagazig,Nile Delta,Silver,2022-06-08
CUS01587,Doha Mohamed,Female,06/06/1976,01186658763 ,doha.mohamed93@outlook.com,Tanta,Nile Delta,Gold,2020-08-18
CUS01602,Mohamed Ali,Male,1973-07-10,  01164570141  ,mohamed.ali65@outlook.com,Giza,Greater Cairo,Bronze,2021-12-23
CUS00325,Doha Hafez,female,20/08/1983,01112130654,doha.hafez1@gmail.com,Port Said,Canal Zone,Gold,2021-07-18
CUS01065,Ahmed Attia,Male,22/11/1989,01144213454,ahmed.attia36@gmail.com,Giza,Greater Cairo,Silver,2021-10-26
CUS02941,Sherif Abdallah,Male,1970-04-04,01265743422 ,sherif.abdallah40@yahoo.com,Cairo,Greater Cairo,Bronze,2021-09-24
CUS00681,Bassem Ali,Male,1987-12-13,01159230243,bassem.ali44@yahoo.com,Aswan,Upper Egypt,Silver,2022-12-09
CUS00486,Engy Barakat,Female,22/05/1981,01154452330 ,engy.barakat6@hotmail.com,Suez,Canal Zone,Bronze,2020-07-26
CUS02255,Noha Badawi,Female,1991-07-23, 01144314984,noha.badawi81@hotmail.com,Luxor,Upper Egypt,Platinum,2023-07-07
CUS02132,Mariam Gouda,Female,19/07/1988,  01211339690  ,mariam.gouda12@outlook.com,Cairo,Greater Cairo,Silver,2021-08-22
CUS00679,Ola Fathy,Female,1971-10-19,01132690870 ,ola.fathy4@outlook.com,Ismailia,Canal Zone,Silver,2022-03-02
CUS01617,Tamer Ismail,Male,1999-04-12,  01147945749  ,tamer.ismail4@yahoo.com,Sharm El Sheikh,South Sinai,Bronze,2020-07-20
CUS01712,Engy Lotfy,Female,1977-12-22,01110644042,,Cairo,Greater Cairo,Silver,2023-05-20
CUS00240,Bassem Hamdy,Male,1970-05-12,01151350514,bassem.hamdy57@outlook.com,Cairo,Greater Cairo,Gold,2023-05-06
CUS02690,Youssef Mansour,male,1979-05-26,01162059096 ,youssef.mansour29@yahoo.com,Giza,Greater Cairo,Bronze,2022-01-09
CUS02187,Ali Farouk,Male,2000-11-13, 01144479284,ali.farouk72@hotmail.com,Luxor,Upper Egypt,Platinum,2020-04-08
CUS02776,Hassan Salem,Male,1973-06-18,01264964040,hassan.salem8@outlook.com,Giza,Greater Cairo,Gold,2022-09-15
CUS02477,Shaimaa Zaki,Female,1986-11-20,01125440655,shaimaa.zaki87@outlook.com,Cairo,Greater Cairo,Silver,2021-11-09
CUS01861,Youssef Hassan,Male,1987-11-27,01280359390,youssef.hassan43@gmail.com,Hurghada,Red Sea,Gold,2021-08-26
CUS02311,Ahmed Khalil,Male,1985-07-05,01217827726,ahmed.khalil89@hotmail.com,Alexandria,Alexandria,Bronze,2021-02-04
CUS01175,Youssef Younis,Male,1985-07-06,  01267278051  ,youssef.younis95@yahoo.com,Mansoura,Nile Delta,Platinum,2020-03-27
CUS00882,Mona Ismail,Female,10/05/1971,01062056495,mona.ismail15@outlook.com,Tanta,Nile Delta,Gold,2020-06-27
CUS01062,Zeinab Amin,female,1989-06-22,01133916938,zeinab.amin90@outlook.com,Ismailia,Canal Zone,Platinum,2023-06-23
CUS02814,Yasmin Nasser,Female,1999-08-11, 01046206485,yasmin.nasser81@yahoo.com,Cairo,Greater Cairo,Silver,2022-05-18
CUS00412,Ahmed Ramadan,MALE,2000-05-10,01121088383,ahmed.ramadan32@hotmail.com,Port Said,Canal Zone,Bronze,2020-05-23
CUS01134,Noha Shaaban,Female,1998-01-17,01166144019,noha.shaaban52@yahoo.com,Cairo,Greater Cairo,Platinum,2021-05-03
CUS00606,Zeinab Saad,Female,1984-05-16,  01159766743  ,zeinab.saad58@hotmail.com,Alexandria,Alexandria,Silver,2023-10-13
CUS01690,Adel Rizk,MALE,1993-10-09,  01162563413  ,adel.rizk85@gmail.com,Hurghada,Red Sea,Silver,2021-08-22
CUS01929,Rania Fathy,Female,2001-05-17,01147869930,rania.fathy80@hotmail.com,Mansoura,Nile Delta,Bronze,2022-04-18
CUS02473,Bassem Ibrahim,male,1997-12-04,01160930242 ,,Suez,Canal Zone,Bronze,2020-01-06
CUS02226,Nadia Salem,Female,2002-02-05,01256535485,nadia.salem59@hotmail.com,Alexandria,Alexandria,Silver,2022-10-23
CUS00611,Doha Hamdy,Female,1998-12-07,01053119744,doha.hamdy91@hotmail.com,Cairo,Greater Cairo,Gold,2022-10-24
CUS00622,Sherif Zaki,Male,1995-11-12, 01193471826,sherif.zaki5@yahoo.com,Cairo,Greater Cairo,Bronze,2023-01-18
CUS02657,Heba Ahmed,Female,1972-12-23, 01143533745,heba.ahmed65@gmail.com,Aswan,Upper Egypt,Silver,2022-03-02
CUS00536,Akram Nasser,Male,1970-07-03,01184858214,akram.nasser79@outlook.com,Port Said,Canal Zone,Bronze,2021-11-12
CUS02991,Lobna Hamdy,Female,2000-07-02,01094616456,lobna.hamdy70@hotmail.com,Cairo,Greater Cairo,Bronze,2021-12-19
CUS01651,Hazem Mahmoud,Male,1978-02-28,  01010162044  ,hazem.mahmoud25@hotmail.com,Cairo,Greater Cairo,Bronze,2023-10-20
CUS00415,Shaimaa Mostafa,Female,1987-06-09, 01166112969,,Mansoura,Nile Delta,Bronze,2022-04-10
CUS00773,Salma Bakr,Female,1984-08-09,01197517299,salma.bakr51@hotmail.com,Cairo,Greater Cairo,Bronze,2020-09-08
CUS00565,Hassan Fathy,Male,1992-10-12,01196144415,hassan.fathy75@outlook.com,Giza,Greater Cairo,Bronze,2021-09-19
CUS00533,Khaled Attia,Male,1988-02-23,01226098153 ,khaled.attia36@gmail.com,Sharm El Sheikh,South Sinai,Silver,2022-02-24
CUS02513,Zeinab Mansour,Female,1990-11-02,01288016807 ,zeinab.mansour71@gmail.com,Giza,Greater Cairo,Bronze,2023-01-17
CUS00109,Hany Ragab,Male,1991-12-04,01174265413,hany.ragab32@gmail.com,Cairo,Greater Cairo,Bronze,2021-10-19
CUS02712,Hoda Amin,Female,20/11/1997,01168699523,,Alexandria,Alexandria,Silver,2020-03-19
CUS02510,Khaled Lotfy,Male,17/04/1977,  01070071563  ,,Suez,Canal Zone,Silver,2023-10-19
CUS00480,Ali Amin,MALE,1977-04-04,01014789956,ali.amin80@outlook.com,Alexandria,Alexandria,Bronze,2023-07-04
CUS01785,Osama Gamal,Male,1980-06-15,  01042416546  ,osama.gamal60@hotmail.com,Mansoura,Nile Delta,Bronze,2020-12-13
CUS00319,Osama Mahmoud,Male,1977-02-18,  01048299260  ,osama.mahmoud53@yahoo.com,Cairo,Greater Cairo,Bronze,2020-10-11
CUS01095,Ali Hassan,Male,1991-09-11,01122126246 ,ali.hassan84@hotmail.com,Cairo,Greater Cairo,Silver,2023-07-08
CUS02722,Amira Sayed,Female,1991-08-12,01299230719,,Hurghada,Red Sea,Bronze,2021-09-13
CUS02610,Ahmed Mostafa,MALE,1974-03-02,01063360110,ahmed.mostafa95@outlook.com,Cairo,Greater Cairo,Bronze,2022-03-14
CUS01245,Engy Hassan,Female,1983-07-17, 01116498646,,Hurghada,Red Sea,Gold,2023-04-14
CUS01830,Omar Saad,Male,26/09/1971, 01178718631,omar.saad82@outlook.com,Giza,Greater Cairo,Silver,2023-10-25
CUS00403,Reham Younis,Female,17/07/1987, 01240704198,reham.younis41@gmail.com,Alexandria,Alexandria,Bronze,2020-02-24
CUS01475,Fady Mahmoud,Male,27/09/1973,01061746772,,Giza,Greater Cairo,Bronze,2021-06-13
CUS00806,Hassan Mostafa,male,1978-01-08,01281610914,hassan.mostafa75@yahoo.com,Zagazig,Nile Delta,Silver,2020-09-06
CUS01961,Ashraf Nasser,Male,1992-02-24,  01223354960  ,,Cairo,Greater Cairo,Bronze,2021-07-08
CUS02411,Tarek Gouda,Male,1979-11-08,01297316295,tarek.gouda41@hotmail.com,Tanta,Nile Delta,Bronze,2020-08-26
CUS02458,Suzy Hafez,Female,1992-10-21,01276242320,,Mansoura,Nile Delta,Gold,2020-11-12
CUS01730,Ghada Mansour,Female,2000-03-17,01160830809,ghada.mansour62@outlook.com,Mansoura,Nile Delta,Platinum,2021-05-15
CUS00388,Hana Farouk,Female,28/03/1973, 01162587561,hana.farouk3@outlook.com,Cairo,Greater Cairo,Bronze,2022-07-22
CUS00875,Dalia Lotfy,FEMALE,1985-12-04,01117126486,dalia.lotfy61@yahoo.com,Cairo,Greater Cairo,Bronze,2020-08-22
CUS01212,Yasmin Wahba,female,1975-06-01,01070232661,yasmin.wahba20@outlook.com,Giza,Greater Cairo,Gold,2022-01-15
CUS02931,Suzy Mohamed,Female,1999-02-17,01165312224,suzy.mohamed90@yahoo.com,Alexandria,Alexandria,Bronze,2023-04-21
CUS00528,Lobna Mostafa,Female,1991-06-19,  01292762623  ,lobna.mostafa58@outlook.com,Cairo,Greater Cairo,Bronze,2023-12-27
CUS01519,Reham Wahba,female,1991-07-13, 01244840947,reham.wahba46@outlook.com,Cairo,Greater Cairo,Silver,2021-04-17
CUS01558,Hussein Mostafa,male,1981-08-06,01237790964,hussein.mostafa51@hotmail.com,Giza,Greater Cairo,Silver,2023-08-02
CUS02838,Sara Lotfy,female,1984-04-25,01145056585 ,sara.lotfy28@yahoo.com,Cairo,Greater Cairo,Bronze,2021-06-10
CUS01338,Ibrahim Ismail,Male,24/09/1986,01150582530,ibrahim.ismail26@gmail.com,Tanta,Nile Delta,Bronze,2023-01-23
CUS02623,Nader Salem,male,1996-08-07,  01270612666  ,nader.salem69@outlook.com,Giza,Greater Cairo,Platinum,2023-05-14
CUS00071,Hussein Lotfy,Male,2002-10-10,01018762675,hussein.lotfy77@hotmail.com,Hurghada,Red Sea,Bronze,2023-11-05
CUS02954,Hoda Mahmoud,Female,1987-02-09,01067965149,,Alexandria,Alexandria,Bronze,2023-11-26
CUS01940,Karim Zaki,Male,1999-06-13,  01096305446  ,karim.zaki88@yahoo.com,Cairo,Greater Cairo,Gold,2023-03-10
CUS01821,Ghada Wahba,Female,1972-07-27, 01071301736,ghada.wahba80@hotmail.com,Cairo,Greater Cairo,Bronze,2020-08-09
CUS00808,Mona Ramadan,female,2001-04-05,  01095395947  ,mona.ramadan82@gmail.com,Port Said,Canal Zone,Silver,2022-08-06
CUS00057,Essam Saad,Male,1993-01-11, 01151734908,,Cairo,Greater Cairo,Platinum,2021-03-10
CUS01676,Nader Younis,Male,1993-10-06,01053752963,nader.younis64@gmail.com,Giza,Greater Cairo,Silver,2020-11-07
CUS00901,Eman Hassan,FEMALE,1990-04-22, 01218828684,eman.hassan5@hotmail.com,Cairo,Greater Cairo,Silver,2023-07-26
CUS00044,Adel Bakr,Male,1978-03-24,01195800828,adel.bakr89@hotmail.com,Suez,Canal Zone,Gold,2021-11-19
CUS02233,Ashraf Amin,male,1975-03-16,01140963485,ashraf.amin91@hotmail.com,Suez,Canal Zone,Gold,2022-11-16
CUS02640,Amira Hassan,Female,1976-11-15,01146428171,amira.hassan1@yahoo.com,Tanta,Nile Delta,Silver,2020-09-20
CUS02263,Ashraf Zaki,Male,2001-03-14, 01299145904,ashraf.zaki47@hotmail.com,Suez,Canal Zone,Bronze,2020-08-22
CUS02857,Ali Gamal,Male,1993-06-05,01074637055,ali.gamal64@hotmail.com,Cairo,Greater Cairo,Bronze,2023-12-25
CUS00310,Nader Amin,Male,1984-06-10,01199512805,nader.amin67@yahoo.com,Cairo,Greater Cairo,Silver,2020-06-17
CUS00912,Omar Badawi,MALE,18/03/1970,01123718350 ,omar.badawi32@outlook.com,Cairo,Greater Cairo,Bronze,2022-09-18
CUS01000,Neveen Bakr,Female,2003-11-02,01013398022,neveen.bakr9@hotmail.com,Giza,Greater Cairo,Silver,2021-06-15
CUS01002,Ramy Gamal,male,1979-09-25,01133623696,ramy.gamal81@outlook.com,Alexandria,Alexandria,Silver,2021-06-05
CUS00841,Karim Ibrahim,Male,1975-11-07,01254941595,karim.ibrahim49@gmail.com,Cairo,Greater Cairo,Silver,2022-02-10
CUS02494,Rana Ramadan,female,1973-01-20,01267170315,rana.ramadan10@hotmail.com,Giza,Greater Cairo,Gold,2022-02-14
CUS00394,Akram Fathy,Male,1974-09-27,01282340910,akram.fathy85@gmail.com,Hurghada,Red Sea,Bronze,2021-10-23
CUS00487,Ola Younis,FEMALE,16/01/1977,01229747600,ola.younis86@yahoo.com,Cairo,Greater Cairo,Bronze,2022-08-10
CUS01394,Ayman Ramadan,Male,2001-10-28,01010577198,ayman.ramadan44@yahoo.com,Alexandria,Alexandria,Bronze,2021-08-06
CUS01710,Ola Salem,Female,1994-11-22,01292615050,,Mansoura,Nile Delta,Bronze,2020-07-10
CUS01573,Neveen Zaki,Female,27/07/2000,  01024117849  ,neveen.zaki40@outlook.com,Zagazig,Nile Delta,Silver,2022-05-22
CUS02131,Youssef Fathy,Male,1973-05-23,01062167903,youssef.fathy73@gmail.com,Cairo,Greater Cairo,Bronze,2023-05-05
CUS02934,Wael Attia,Male,1972-01-16,  01012775857  ,wael.attia15@yahoo.com,Alexandria,Alexandria,Bronze,2023-09-27
CUS00638,Heba Sayed,Female,1977-04-12,01291041439 ,heba.sayed57@outlook.com,Cairo,Greater Cairo,Gold,2020-07-27
CUS01058,Hana Nasser,female,2000-07-24, 01077868292,hana.nasser97@outlook.com,Giza,Greater Cairo,Bronze,2021-07-15
CUS01030,Hussein Mohamed,Male,1989-04-22,01187771867 ,hussein.mohamed70@gmail.com,Aswan,Upper Egypt,Gold,2020-09-26
CUS02280,Dina Gamal,FEMALE,1997-08-04,01071580813 ,dina.gamal93@outlook.com,Cairo,Greater Cairo,Silver,2021-05-26
CUS00602,Ahmed Ramadan,Male,1977-12-15,01236145447,ahmed.ramadan33@outlook.com,Cairo,Greater Cairo,Bronze,2022-08-21
CUS02205,Suzy Khalil,Female,24/09/1996,01033684726,suzy.khalil40@yahoo.com,Zagazig,Nile Delta,Bronze,2023-04-24
CUS02711,Engy Zaki,Female,1974-06-23,01244479846,engy.zaki91@hotmail.com,Hurghada,Red Sea,Bronze,2020-03-13
CUS01846,Ayman Khalil,Male,1972-07-13,  01263296865  ,ayman.khalil24@yahoo.com,Cairo,Greater Cairo,Bronze,2022-11-09
CUS02672,Suzy Lotfy,Female,1984-05-09, 01037867319,suzy.lotfy96@outlook.com,Giza,Greater Cairo,Bronze,2021-04-24
CUS01627,Mahmoud Rizk,Male,28/09/1976,01232280380,mahmoud.rizk53@outlook.com,Cairo,Greater Cairo,Silver,2023-01-23
CUS00437,Noha Wahba,Female,13/01/1980,01170974645,noha.wahba91@yahoo.com,Cairo,Greater Cairo,Platinum,2023-03-09
CUS02175,Mohamed Younis,Male,1994-01-04,01131165784,mohamed.younis31@yahoo.com,Cairo,Greater Cairo,Bronze,2023-05-20
CUS00121,Reem Hafez,Female,1999-11-15,01213670948,reem.hafez29@yahoo.com,Hurghada,Red Sea,Silver,2022-07-12
CUS01526,Adel Ramadan,Male,2001-07-21,  01177428547  ,adel.ramadan29@outlook.com,Cairo,Greater Cairo,Silver,2022-12-09
CUS02886,Fatima Badawi,Female,1994-11-01,  01263945179  ,,Port Said,Canal Zone,Gold,2022-02-06
CUS02611,Manar Ragab,Female,1996-05-16,01013917930,manar.ragab54@hotmail.com,Aswan,Upper Egypt,Bronze,2021-12-23
CUS00766,Rana Wahba,Female,1976-08-20,  01048077170  ,rana.wahba58@hotmail.com,Alexandria,Alexandria,Silver,2022-05-21
CUS01778,Suzy Attia,Female,1970-01-16,01285230324,suzy.attia13@yahoo.com,Giza,Greater Cairo,Silver,2020-11-24
CUS00314,Tarek Zaki,Male,01/08/1988,01029077681,tarek.zaki37@yahoo.com,Ismailia,Canal Zone,Bronze,2021-12-16
CUS01035,Doha Amin,female,09/03/1973, 01259686746,doha.amin95@hotmail.com,Cairo,Greater Cairo,Bronze,2023-03-08
CUS00234,Doha Fathy,Female,2003-09-15,01150813240,doha.fathy30@outlook.com,Alexandria,Alexandria,Gold,2022-05-25
CUS02871,Ramy Mostafa,Male,1979-07-07,01117494556,ramy.mostafa84@yahoo.com,Suez,Canal Zone,Silver,2021-12-01
CUS01004,Salma Gamal,Female,1984-03-08,  01167287009  ,salma.gamal7@outlook.com,Zagazig,Nile Delta,Bronze,2020-09-06
CUS02983,Wael Rizk,male,1975-01-14,01171569070,wael.rizk80@outlook.com,Tanta,Nile Delta,Bronze,2023-07-12
CUS02882,Reem Ibrahim,Female,1977-02-10, 01266810647,reem.ibrahim92@gmail.com,Luxor,Upper Egypt,Bronze,2020-06-22
CUS01289,Sara Ali,Female,1998-12-07,  01179013190  ,sara.ali72@hotmail.com,Cairo,Greater Cairo,Silver,2022-09-20
CUS00112,Khaled Sayed,Male,1971-04-17,01266343932,khaled.sayed77@gmail.com,Cairo,Greater Cairo,Silver,2020-02-16
CUS01252,Manar Mohamed,female,1978-04-12,01059119994,manar.mohamed1@gmail.com,Alexandria,Alexandria,Silver,2023-04-22
CUS01191,Zeinab Ahmed,Female,2000-07-28, 01062468705,zeinab.ahmed2@hotmail.com,Cairo,Greater Cairo,Bronze,2021-08-06
CUS00411,Mariam Bakr,Female,1995-09-24,  01262190363  ,mariam.bakr45@gmail.com,Giza,Greater Cairo,Gold,2021-01-22
CUS00219,Hassan Younis,Male,1996-12-26, 01127031212,hassan.younis23@gmail.com,Mansoura,Nile Delta,Silver,2021-12-16
CUS02357,Osama Saad,Male,1995-03-10, 01152031583,osama.saad2@hotmail.com,Suez,Canal Zone,Silver,2021-06-11
CUS00762,Doha Ahmed,Female,1997-07-27,01130675696 ,doha.ahmed40@yahoo.com,Giza,Greater Cairo,Silver,2023-08-13
CUS01468,Osama Bakr,Male,1984-02-11,01139209542,osama.bakr61@outlook.com,Giza,Greater Cairo,Silver,2022-10-02
CUS01510,Ramy Hamdy,male,1982-01-03,  01139991893  ,,Hurghada,Red Sea,Silver,2023-09-03
CUS00694,Ghada Ismail,FEMALE,1978-06-26,01286809444,ghada.ismail32@outlook.com,Cairo,Greater Cairo,Silver,2023-01-11
CUS00473,Ayman Farouk,Male,1980-02-07,01259510172,ayman.farouk7@hotmail.com,Cairo,Greater Cairo,Gold,2020-02-02
CUS00898,Mohamed Nasser,Male,1977-09-01,01136704602,mohamed.nasser21@outlook.com,Suez,Canal Zone,Bronze,2022-07-13
CUS01565,Salma Ismail,Female,1993-09-08,  01250002590  ,,Aswan,Upper Egypt,Gold,2022-08-08
CUS02217,Youssef Hamdy,Male,1972-09-13,01276130681,youssef.hamdy44@outlook.com,Aswan,Upper Egypt,Bronze,2021-06-18
CUS00863,Hazem Ibrahim,Male,1977-08-20,  01132121080  ,hazem.ibrahim35@gmail.com,Alexandria,Alexandria,Bronze,2020-06-07
CUS02046,Noha Mahmoud,Female,1975-07-22,  01033793492  ,noha.mahmoud87@hotmail.com,Zagazig,Nile Delta,Silver,2020-01-01
CUS01951,Khaled Nasser,MALE,1976-06-13,01232927797,khaled.nasser92@gmail.com,Cairo,Greater Cairo,Gold,2021-03-24
CUS01678,Dalia Ali,FEMALE,1976-06-22,  01034365090  ,dalia.ali49@gmail.com,Giza,Greater Cairo,Bronze,2020-09-07
CUS02010,Ahmed Hafez,Male,1976-05-11,01049819178,ahmed.hafez53@hotmail.com,Alexandria,Alexandria,Bronze,2023-03-15
CUS01221,Mahmoud Lotfy,Male,1995-08-20,01280993070 ,mahmoud.lotfy73@outlook.com,Port Said,Canal Zone,Bronze,2021-03-24
CUS00362,Sherif Sayed,male,1992-06-06,01063974248,sherif.sayed85@hotmail.com,Mansoura,Nile Delta,Gold,2022-01-03
CUS00136,Samir Farouk,Male,1970-09-12,01065262252,samir.farouk83@outlook.com,Giza,Greater Cairo,Bronze,2023-04-09
CUS02726,Ola Mostafa,Female,1995-07-03,01212479847,ola.mostafa7@hotmail.com,Giza,Greater Cairo,Silver,2021-10-10
CUS02203,Emad Nasser,Male,07/07/1999, 01081083359,,Giza,Greater Cairo,Silver,2020-07-25
CUS00765,Mahmoud Mahmoud,Male,1972-10-01,01032808207,mahmoud.mahmoud38@gmail.com,Cairo,Greater Cairo,Bronze,2022-03-03
CUS02294,Mahmoud Ali,Male,07/06/1986,  01283655063  ,mahmoud.ali98@outlook.com,Alexandria,Alexandria,Gold,2023-11-06
CUS00367,Magdy Hassan,male,1974-08-03,01016993664,,Ismailia,Canal Zone,Bronze,2021-04-17
CUS00980,Emad Nasser,Male,28/12/1978,  01224724522  ,emad.nasser91@yahoo.com,Alexandria,Alexandria,Silver,2020-11-05
CUS00030,Hany Barakat,Male,1972-07-03,01147890586,hany.barakat48@yahoo.com,Cairo,Greater Cairo,Bronze,2022-10-26
CUS02543,Ahmed Farouk,Male,1973-04-18,  01248857261  ,ahmed.farouk52@yahoo.com,Aswan,Upper Egypt,Silver,2020-10-28
CUS00023,Amira Shaaban,FEMALE,1988-11-02,01076422705 ,,Giza,Greater Cairo,Bronze,2020-06-11
CUS01930,Essam Mostafa,male,1981-06-05,01020771474,essam.mostafa82@gmail.com,Cairo,Greater Cairo,Bronze,2021-07-26
CUS00870,Essam Ali,MALE,2003-04-21,01267134182,essam.ali67@outlook.com,Port Said,Canal Zone,Platinum,2023-10-20
CUS00927,Fatima Sayed,Female,2000-10-17,01174585618,fatima.sayed23@hotmail.com,Cairo,Greater Cairo,Bronze,2023-01-26
CUS00421,Reham Attia,FEMALE,2002-12-24, 01244740194,reham.attia22@yahoo.com,Hurghada,Red Sea,Bronze,2020-09-08
CUS01443,Engy Nasser,Female,1999-07-25,01125288519,engy.nasser63@gmail.com,Tanta,Nile Delta,Bronze,2023-11-10
CUS00461,Wael Lotfy,Male,1986-11-02,01121135154,wael.lotfy14@gmail.com,Cairo,Greater Cairo,Bronze,2023-10-04
CUS00044,Adel Bakr,Male,1978-03-24,01195800828,adel.bakr89@hotmail.com,Suez,Canal Zone,Gold,2021-11-19
CUS00088,Fady Nasser,Male,1982-04-20,01249000919,fady.nasser23@hotmail.com,Mansoura,Nile Delta,Bronze,2020-06-18
CUS02348,Suzy Ismail,Female,1979-04-11, 01276021402,suzy.ismail13@hotmail.com,Giza,Greater Cairo,Bronze,2021-01-20
CUS02982,Ashraf Ramadan,Male,1984-09-16,01149346656,,Cairo,Greater Cairo,Silver,2022-12-08
CUS00283,Maged Abdallah,male,1975-06-23,  01268106835  ,maged.abdallah36@hotmail.com,Giza,Greater Cairo,Silver,2023-05-09
CUS00977,Nader Mahmoud,Male,1990-10-24,  01173142083  ,nader.mahmoud91@gmail.com,Alexandria,Alexandria,Silver,2022-04-16
CUS00599,Ghada Wahba,Female,1974-05-18,01282172776,ghada.wahba32@yahoo.com,Cairo,Greater Cairo,Silver,2022-12-06
CUS00686,Karim Mostafa,Male,1974-04-06,  01140563463  ,karim.mostafa65@hotmail.com,Alexandria,Alexandria,Gold,2021-07-09
CUS02895,Ibrahim Farouk,male,16/04/1976, 01147013272,ibrahim.farouk44@outlook.com,Cairo,Greater Cairo,Gold,2021-06-23
CUS01375,Ghada Nasser,Female,2003-03-02,01023201902,ghada.nasser46@yahoo.com,Cairo,Greater Cairo,Bronze,2023-07-10
CUS00534,Doha Khalil,Female,2002-06-09,01194640912,doha.khalil5@outlook.com,Alexandria,Alexandria,Silver,2020-12-26
CUS01135,Engy Ragab,Female,1998-09-28, 01193690835,engy.ragab8@yahoo.com,Tanta,Nile Delta,Bronze,2022-01-02
CUS02648,Salma Rizk,female,1995-11-07,01279208032,salma.rizk4@hotmail.com,Alexandria,Alexandria,Bronze,2022-09-16
CUS02447,Fady Ramadan,Male,1991-11-05,01156117598,fady.ramadan55@outlook.com,Cairo,Greater Cairo,Bronze,2023-03-20
CUS02430,Essam Nasser,Male,1989-10-03, 01096594655,essam.nasser56@outlook.com,Suez,Canal Zone,Bronze,2022-04-14
CUS02148,Osama Wahba,Male,1984-07-12,  01174828923  ,osama.wahba45@outlook.com,Giza,Greater Cairo,Bronze,2022-08-26
CUS01327,Hassan Khalil,Male,1999-11-23,01136375893,hassan.khalil85@hotmail.com,Cairo,Greater Cairo,Silver,2023-09-11
CUS02130,Engy Zaki,Female,16/10/1994,01250825346,engy.zaki53@yahoo.com,Giza,Greater Cairo,Gold,2020-10-14
CUS02670,Tarek Barakat,Male,06/12/1973, 01156644531,tarek.barakat23@outlook.com,Giza,Greater Cairo,Bronze,2022-04-11
CUS02603,Mahmoud Amin,Male,1987-11-24,01238074163,mahmoud.amin4@hotmail.com,Zagazig,Nile Delta,Silver,2022-12-12
CUS01037,Khaled Younis,Male,02/06/1973,01165510726,khaled.younis14@outlook.com,Giza,Greater Cairo,Bronze,2023-06-27
CUS01544,Ola Fathy,Female,1989-08-12,01223115897,ola.fathy68@hotmail.com,Cairo,Greater Cairo,Bronze,2020-04-14
CUS02227,Noha Lotfy,Female,1970-10-05, 01042841930,noha.lotfy54@hotmail.com,Giza,Greater Cairo,Bronze,2023-12-28
CUS00680,Nadia Badawi,female,1997-06-02,01198139894,nadia.badawi80@gmail.com,Luxor,Upper Egypt,Bronze,2020-05-13
CUS01400,Emad Mohamed,Male,1971-10-23,  01130446613  ,emad.mohamed87@outlook.com,Tanta,Nile Delta,Bronze,2022-04-25
CUS00222,Noha Khalil,Female,1971-08-17,01019510600,noha.khalil26@hotmail.com,Alexandria,Alexandria,Bronze,2021-02-11
CUS00544,Adel Bakr,MALE,1997-09-24, 01050554420,adel.bakr61@outlook.com,Tanta,Nile Delta,Bronze,2022-07-03
CUS01264,Shaimaa Abdallah,Female,1988-02-24,01095941380,shaimaa.abdallah64@hotmail.com,Giza,Greater Cairo,Gold,2020-11-21
CUS02177,Samah Ragab,Female,1985-07-14,01029284042,,Cairo,Greater Cairo,Bronze,2020-09-21
CUS01179,Walid Rizk,Male,1994-02-05,01213409779,walid.rizk4@gmail.com,Hurghada,Red Sea,Gold,2021-11-24
CUS00583,Khaled Saad,MALE,1987-08-20,  01252702631  ,khaled.saad79@hotmail.com,Alexandria,Alexandria,Silver,2023-10-14
CUS01279,Suzy Abdallah,Female,1987-06-05,  01246067815  ,suzy.abdallah39@hotmail.com,Cairo,Greater Cairo,Bronze,2020-08-07
CUS01454,Samir Lotfy,Male,1974-05-10,  01161172286  ,,Alexandria,Alexandria,Bronze,2020-02-26
CUS00719,Ghada Lotfy,Female,1993-04-10,01193115371,,Cairo,Greater Cairo,Bronze,2023-01-16
CUS02103,Khaled Barakat,Male,1992-09-21,01193077045,khaled.barakat54@yahoo.com,Cairo,Greater Cairo,Bronze,2022-05-22
CUS00677,Mahmoud Abdallah,Male,13/08/1994,01132878479,mahmoud.abdallah57@yahoo.com,Cairo,Greater Cairo,Gold,2023-01-16
CUS00032,Shaimaa Sayed,Female,1983-09-08,01176038997,shaimaa.sayed6@yahoo.com,Cairo,Greater Cairo,Bronze,2023-12-12
CUS00273,Wael Rizk,Male,1994-05-21,01258701586,wael.rizk57@outlook.com,Luxor,Upper Egypt,Bronze,2020-07-09
CUS00522,Fady Hamdy,Male,1991-07-21,01173174275,fady.hamdy38@yahoo.com,Giza,Greater Cairo,Bronze,2020-02-20
CUS01371,Ashraf Ibrahim,Male,1973-03-05,01019294238,ashraf.ibrahim57@gmail.com,Ismailia,Canal Zone,Bronze,2023-11-27
CUS00979,Rana Hassan,female,18/03/1973, 01092549527,rana.hassan18@yahoo.com,Alexandria,Alexandria,Bronze,2020-05-03
CUS01006,Ayman Rizk,Male,1986-07-16,01053528399 ,ayman.rizk28@yahoo.com,Mansoura,Nile Delta,Silver,2021-03-23
CUS00938,Hany Badawi,MALE,1980-09-08,01086237437,hany.badawi71@outlook.com,Suez,Canal Zone,Bronze,2020-07-27
CUS00351,Essam Sayed,male,1991-10-15,  01250888822  ,,Alexandria,Alexandria,Bronze,2023-01-06
CUS01806,Osama Barakat,male,1995-10-11,  01025045536  ,,Hurghada,Red Sea,Bronze,2021-09-15
CUS01079,Adel Mahmoud,Male,1986-08-15,01146137452,adel.mahmoud19@hotmail.com,Cairo,Greater Cairo,Silver,2023-09-24
CUS02653,Suzy Younis,female,22/11/1983, 01169909888,suzy.younis45@hotmail.com,Giza,Greater Cairo,Silver,2023-09-01
CUS01339,Heba Fathy,Female,1976-04-18,  01117886725  ,heba.fathy12@outlook.com,Cairo,Greater Cairo,Silver,2020-04-05
CUS02637,Khaled Rizk,Male,1993-03-10,  01282041503  ,khaled.rizk32@hotmail.com,Ismailia,Canal Zone,Silver,2020-08-14
CUS02514,Fatima Attia,FEMALE,1976-05-20,01233410233,fatima.attia53@gmail.com,Alexandria,Alexandria,Silver,2022-09-22
CUS02495,Bassem Sayed,Male,25/08/1976,01130416174,bassem.sayed61@gmail.com,Alexandria,Alexandria,Silver,2020-06-24
CUS01331,Khaled Mostafa,Male,1988-07-26,01089477464,khaled.mostafa83@hotmail.com,Alexandria,Alexandria,Platinum,2021-12-19
CUS02540,Ola Ahmed,Female,1974-11-28,01143260942,ola.ahmed46@outlook.com,Hurghada,Red Sea,Gold,2020-10-19
CUS00169,Reem Ramadan,Female,20/01/1995,01261052956,reem.ramadan69@gmail.com,Cairo,Greater Cairo,Gold,2020-08-15
CUS00966,Ahmed Shaaban,male,1988-11-20,01050810571,ahmed.shaaban1@hotmail.com,Giza,Greater Cairo,Gold,2022-03-02
CUS01841,Essam Wahba,Male,1995-01-23,01025516055 ,essam.wahba59@outlook.com,Giza,Greater Cairo,Bronze,2021-09-05
CUS01322,Adel Mansour,Male,2002-07-10,01191793881 ,adel.mansour56@outlook.com,Cairo,Greater Cairo,Silver,2021-05-06
CUS02405,Fady Rizk,male,2002-06-13,01052523431,fady.rizk52@hotmail.com,Tanta,Nile Delta,Gold,2020-07-19
CUS01919,Youssef Farouk,Male,27/11/1983,  01273176382  ,youssef.farouk68@gmail.com,Giza,Greater Cairo,Bronze,2023-07-20
CUS02189,Hussein Hafez,Male,1971-06-04,01226811753,,Hurghada,Red Sea,Bronze,2020-08-09
CUS02530,Nader Mostafa,Male,1980-07-27,01173506512,,Sharm El Sheikh,South Sinai,Silver,2023-11-06
CUS02270,Adel Fathy,Male,1984-07-14,01137512732,adel.fathy39@hotmail.com,Alexandria,Alexandria,Bronze,2022-08-04
CUS01438,Samir Salem,Male,12/03/1973,01242519826 ,samir.salem23@yahoo.com,Tanta,Nile Delta,Bronze,2020-04-09
CUS00368,Shaimaa Khalil,Female,1982-04-14, 01091315976,shaimaa.khalil35@outlook.com,Suez,Canal Zone,Bronze,2020-06-13
CUS00846,Fatima Lotfy,Female,1977-04-25,01141940192,fatima.lotfy70@hotmail.com,Giza,Greater Cairo,Bronze,2023-02-07
CUS02313,Reem Lotfy,Female,10/01/1992,01115083288,reem.lotfy19@hotmail.com,Alexandria,Alexandria,Silver,2023-09-21
CUS01414,Ramy Mohamed,Male,1975-12-21,  01195883279  ,ramy.mohamed55@outlook.com,Cairo,Greater Cairo,Gold,2023-08-17
CUS01367,Hussein Lotfy,Male,1979-03-27,01160542762,,Tanta,Nile Delta,Bronze,2022-06-20
CUS00352,Samah Younis,female,1983-04-10,  01280383199  ,samah.younis53@outlook.com,Luxor,Upper Egypt,Silver,2021-02-05
CUS02780,Engy Ahmed,Female,1974-01-20,  01098763518  ,,Cairo,Greater Cairo,Bronze,2023-02-04
CUS01189,Samir Ali,Male,1971-12-08,  01220049039  ,samir.ali98@yahoo.com,Giza,Greater Cairo,Bronze,2021-03-06
CUS00888,Akram Abdallah,MALE,1991-01-19,01253840780,akram.abdallah76@yahoo.com,Cairo,Greater Cairo,Bronze,2022-06-24
CUS01926,Emad Attia,male,1978-12-13,01227373433,emad.attia84@outlook.com,Cairo,Greater Cairo,Platinum,2022-07-01
CUS02734,Hana Hafez,Female,1986-12-21,01094282500,,Port Said,Canal Zone,Bronze,2021-10-18
CUS02408,Doha Ali,Female,1986-05-24,01122268646,doha.ali34@yahoo.com,Cairo,Greater Cairo,Silver,2023-08-26
CUS00499,Tamer Gamal,Male,23/08/1991,01047358181,,Ismailia,Canal Zone,Silver,2023-07-16
CUS01703,Karim Fathy,Male,1974-11-17, 01114466147,karim.fathy26@gmail.com,Giza,Greater Cairo,Platinum,2023-07-10
CUS00211,Osama Badawi,male,1971-08-05,  01295944345  ,osama.badawi43@outlook.com,Alexandria,Alexandria,Gold,2020-09-23
CUS02746,Hany Lotfy,Male,2000-06-13,01070971798 ,hany.lotfy30@hotmail.com,Hurghada,Red Sea,Bronze,2021-10-15
CUS01129,Noha Bakr,Female,01/10/1992,01199329766,,Giza,Greater Cairo,Bronze,2021-04-02
CUS00228,Noha Hamdy,Female,1999-12-21,  01094195455  ,,Giza,Greater Cairo,Gold,2023-05-23
CUS00366,Mahmoud Barakat,Male,1996-11-27, 01113180065,mahmoud.barakat7@yahoo.com,Giza,Greater Cairo,Bronze,2021-10-28
CUS01877,Aisha Mostafa,Female,1979-11-20,  01138857058  ,,Alexandria,Alexandria,Silver,2021-04-03
CUS01019,Nader Ali,Male,1971-07-08,01152242979,nader.ali35@outlook.com,Suez,Canal Zone,Bronze,2021-08-15
CUS02016,Amr Ramadan,Male,1978-01-27,01099688354,amr.ramadan44@outlook.com,Giza,Greater Cairo,Bronze,2020-03-12
CUS02813,Engy Nasser,FEMALE,2002-09-02,  01023935976  ,engy.nasser75@yahoo.com,Mansoura,Nile Delta,Bronze,2021-09-08
CUS01599,Omar Rizk,Male,2001-06-14,01211711039,omar.rizk79@yahoo.com,Cairo,Greater Cairo,Silver,2021-06-20
CUS00408,Amr Shaaban,Male,04/01/1992,  01176041312  ,amr.shaaban63@gmail.com,Cairo,Greater Cairo,Bronze,2021-11-09
CUS02002,Salma Attia,FEMALE,1982-12-26,01069118335,salma.attia24@gmail.com,Cairo,Greater Cairo,Bronze,2022-02-02
CUS02135,Noha Badawi,Female,1989-12-13,  01053604277  ,noha.badawi11@gmail.com,Tanta,Nile Delta,Gold,2021-01-08
CUS02372,Ibrahim Hamdy,Male,1991-10-01,  01142247766  ,ibrahim.hamdy10@outlook.com,Aswan,Upper Egypt,Bronze,2022-02-21
CUS01222,Akram Lotfy,Male,1981-03-14,  01293199234  ,akram.lotfy73@outlook.com,Cairo,Greater Cairo,Bronze,2021-04-12
CUS02261,Hassan Gouda,MALE,1997-11-12,01184890137,hassan.gouda17@hotmail.com,Hurghada,Red Sea,Gold,2023-11-01
CUS02764,Nour Nasser,female,2002-08-05,  01022670073  ,nour.nasser79@yahoo.com,Giza,Greater Cairo,Gold,2020-02-12
CUS01826,Youssef Fathy,Male,10/11/2001,  01031224800  ,youssef.fathy27@gmail.com,Alexandria,Alexandria,Bronze,2021-06-05
CUS00008,Ayman Lotfy,Male,1970-12-07,01047358810,,Luxor,Upper Egypt,Bronze,2021-06-11
CUS02180,Zeinab Lotfy,Female,2001-09-18,01152875790,zeinab.lotfy10@outlook.com,Alexandria,Alexandria,Bronze,2022-01-28
CUS02793,Mahmoud Badawi,Male,1977-02-20, 01176988422,mahmoud.badawi17@gmail.com,Alexandria,Alexandria,Gold,2020-02-05
CUS01973,Mohamed Fathy,Male,1995-05-24, 01215375433,mohamed.fathy41@hotmail.com,Cairo,Greater Cairo,Silver,2021-10-04
CUS00416,Heba Ramadan,female,1981-05-16, 01154866590,heba.ramadan17@hotmail.com,Giza,Greater Cairo,Bronze,2022-12-26
CUS01011,Fady Rizk,Male,1974-03-21,01219031885 ,,Cairo,Greater Cairo,Bronze,2022-06-14
CUS00747,Hassan Ahmed,MALE,18/05/1981,01166809533,hassan.ahmed92@gmail.com,Giza,Greater Cairo,Gold,2020-02-09
CUS02859,Samir Ismail,male,1973-09-05, 01121971638,samir.ismail99@hotmail.com,Cairo,Greater Cairo,Bronze,2022-10-02
CUS01986,Khaled Mohamed,Male,1994-01-16,01043265405,khaled.mohamed47@yahoo.com,Cairo,Greater Cairo,Bronze,2021-02-22
CUS00200,Shaimaa Ahmed,Female,1991-09-25,01072930506,shaimaa.ahmed46@hotmail.com,Hurghada,Red Sea,Silver,2022-03-02
CUS00284,Nadia Barakat,FEMALE,06/07/1990,01175937784,nadia.barakat57@gmail.com,Cairo,Greater Cairo,Bronze,2021-03-02
CUS00232,Sara Ismail,Female,1999-02-03, 01133999716,sara.ismail90@yahoo.com,Alexandria,Alexandria,Bronze,2023-03-28
CUS01911,Noha Farouk,female,1982-07-03, 01157755049,noha.farouk42@hotmail.com,Giza,Greater Cairo,Bronze,2022-03-14
CUS01012,Dina Lotfy,Female,1983-10-11,01183433438,dina.lotfy18@gmail.com,Ismailia,Canal Zone,Platinum,2022-03-14
CUS00097,Radwa Ibrahim,female,1979-01-15,  01254522084  ,radwa.ibrahim10@yahoo.com,Alexandria,Alexandria,Bronze,2022-07-13
CUS01413,Ashraf Gamal,Male,1971-12-04,01175205893 ,ashraf.gamal51@yahoo.com,Cairo,Greater Cairo,Bronze,2021-07-08
CUS02994,Nour Ali,Female,19/06/2003,  01051850765  ,nour.ali87@outlook.com,Giza,Greater Cairo,Silver,2020-04-13
CUS01989,Neveen Ahmed,Female,28/05/1976,01287917351,neveen.ahmed25@yahoo.com,Giza,Greater Cairo,Bronze,2021-06-18
CUS02484,Sherif Younis,male,20/09/1980,01075866125,sherif.younis75@yahoo.com,Cairo,Greater Cairo,Silver,2020-10-26
CUS01937,Hussein Ragab,male,1994-08-01, 01282089297,hussein.ragab75@hotmail.com,Cairo,Greater Cairo,Silver,2022-02-02
CUS01533,Neveen Barakat,Female,1995-07-24,01124002515,neveen.barakat45@yahoo.com,Tanta,Nile Delta,Silver,2021-07-02
CUS02911,Mohamed Fathy,Male,03/03/1977,01059097424,mohamed.fathy77@gmail.com,Cairo,Greater Cairo,Gold,2020-03-10
CUS02631,Lobna Fathy,Female,1989-03-20,  01236982938  ,lobna.fathy4@yahoo.com,Mansoura,Nile Delta,Silver,2022-02-14
CUS01466,Hana Salem,Female,25/06/1979,01124205791 ,hana.salem24@hotmail.com,Cairo,Greater Cairo,Gold,2020-11-24
CUS01449,Hassan Gouda,Male,1985-12-13,01211695218,hassan.gouda55@outlook.com,Port Said,Canal Zone,Bronze,2021-01-02
CUS00105,Hoda Salem,Female,1993-07-08,  01249057246  ,hoda.salem2@yahoo.com,Suez,Canal Zone,Bronze,2021-09-05
CUS02594,Amira Amin,Female,27/04/1984,01168504096,,Alexandria,Alexandria,Bronze,2022-05-26
CUS01101,Reham Attia,FEMALE,25/06/1987,01125017061,reham.attia96@outlook.com,Cairo,Greater Cairo,Bronze,2021-08-04
CUS02292,Reham Ali,Female,1984-11-13, 01085487077,reham.ali47@hotmail.com,Giza,Greater Cairo,Silver,2020-08-02
CUS02894,Mahmoud Younis,male,1979-11-28,01193504533,mahmoud.younis66@hotmail.com,Mansoura,Nile Delta,Silver,2021-03-09
CUS01601,Dina Gamal,Female,1985-10-01,01032302166 ,dina.gamal31@outlook.com,Cairo,Greater Cairo,Silver,2022-01-02
CUS02509,Samir Hafez,MALE,1977-03-21,  01161465683  ,samir.hafez85@yahoo.com,Aswan,Upper Egypt,Bronze,2022-07-27
CUS00777,Sara Salem,female,1977-01-08,01046245645,sara.salem99@outlook.com,Cairo,Greater Cairo,Silver,2020-08-22
CUS00227,Ashraf Nasser,male,1978-06-10,01096924795,ashraf.nasser59@gmail.com,Ismailia,Canal Zone,Bronze,2023-08-25
CUS01273,Walid Mostafa,Male,1973-09-02,01228885625 ,,Hurghada,Red Sea,Silver,2022-06-11
CUS02335,Magdy Salem,Male,1988-02-04, 01147602402,magdy.salem91@gmail.com,Cairo,Greater Cairo,Bronze,2020-05-16
CUS01589,Magdy Salem,Male,1984-03-13, 01120130392,magdy.salem80@outlook.com,Giza,Greater Cairo,Bronze,2020-02-12
CUS02111,Aisha Saad,FEMALE,1973-09-12,01013009431 ,aisha.saad9@outlook.com,Cairo,Greater Cairo,Bronze,2023-04-15
CUS02453,Shaimaa Hafez,Female,08/12/1989,  01017338859  ,shaimaa.hafez17@outlook.com,Alexandria,Alexandria,Bronze,2022-11-23
CUS01074,Noha Mansour,Female,1977-10-01, 01141663551,noha.mansour4@hotmail.com,Cairo,Greater Cairo,Gold,2023-05-16
CUS00701,Reem Mahmoud,female,1993-06-11, 01065383843,,Alexandria,Alexandria,Bronze,2023-11-26
CUS01136,Reham Zaki,Female,2002-10-16,  01129538668  ,reham.zaki7@hotmail.com,Cairo,Greater Cairo,Bronze,2023-12-25
CUS02833,Neveen Gamal,female,1974-10-13,01188557831 ,neveen.gamal36@hotmail.com,Cairo,Greater Cairo,Gold,2022-11-04
CUS02801,Akram Younis,MALE,1993-12-05,01141548797,,Hurghada,Red Sea,Bronze,2020-06-14
CUS00465,Ola Younis,Female,1999-12-26,01168527249,ola.younis88@hotmail.com,Ismailia,Canal Zone,Silver,2023-02-19
CUS00848,Magdy Nasser,male,1986-02-13,  01181696670  ,magdy.nasser86@yahoo.com,Sharm El Sheikh,South Sinai,Gold,2021-02-01
CUS00756,Tarek Ahmed,Male,2003-10-04,01175433400 ,tarek.ahmed96@gmail.com,Hurghada,Red Sea,Silver,2021-07-11
CUS02995,Wael Fathy,male,1985-04-03,01050123125,wael.fathy57@gmail.com,Cairo,Greater Cairo,Gold,2023-07-06
CUS01335,Emad Nasser,Male,2000-11-14,01198153057,emad.nasser37@gmail.com,Ismailia,Canal Zone,Bronze,2022-02-24
CUS02715,Reem Ramadan,female,1994-02-27,01261992603,reem.ramadan20@hotmail.com,Cairo,Greater Cairo,Bronze,2020-11-05
CUS02242,Nour Salem,Female,1990-05-14,01066329361,nour.salem53@outlook.com,Cairo,Greater Cairo,Silver,2023-09-22
CUS02023,Reham Wahba,FEMALE,2000-03-14,01044660244,reham.wahba92@yahoo.com,Port Said,Canal Zone,Silver,2021-02-11
CUS00213,Dina Hamdy,FEMALE,1991-02-27,01148917593,dina.hamdy25@hotmail.com,Mansoura,Nile Delta,Silver,2023-02-21
CUS00013,Mona Badawi,Female,04/07/1983,01297734330,mona.badawi45@gmail.com,Aswan,Upper Egypt,Gold,2023-02-25
CUS02952,Ahmed Lotfy,Male,1991-07-19,01129600614 ,,Tanta,Nile Delta,Bronze,2021-07-28
CUS00423,Samir Bakr,Male,1973-11-27, 01057712141,samir.bakr69@gmail.com,Cairo,Greater Cairo,Gold,2023-11-09
CUS01652,Manar Gouda,Female,1978-04-22,  01019875253  ,manar.gouda60@yahoo.com,Giza,Greater Cairo,Silver,2023-06-11
CUS02021,Dina Lotfy,female,1985-09-23,  01168607910  ,dina.lotfy63@hotmail.com,Ismailia,Canal Zone,Bronze,2020-12-11
CUS02891,Dina Mostafa,Female,1984-04-26, 01191886893,dina.mostafa35@yahoo.com,Giza,Greater Cairo,Silver,2021-05-03
CUS02475,Sherif Fathy,Male,07/10/1994,01084663795,sherif.fathy64@hotmail.com,Alexandria,Alexandria,Bronze,2023-03-06
CUS02684,Hossam Sayed,Male,1984-06-08, 01091089799,hossam.sayed53@yahoo.com,Giza,Greater Cairo,Silver,2022-12-23
CUS02478,Fatima Salem,Female,2001-08-22,01057613415,fatima.salem43@gmail.com,Hurghada,Red Sea,Silver,2023-01-11
CUS01094,Hana Shaaban,Female,1974-06-23, 01276597407,hana.shaaban28@hotmail.com,Alexandria,Alexandria,Bronze,2023-10-08
CUS01731,Fatima Ragab,Female,18/11/1981, 01039778113,fatima.ragab82@hotmail.com,Giza,Greater Cairo,Gold,2023-04-11
CUS02184,Ahmed Mansour,MALE,2002-11-18,01057853708,ahmed.mansour88@hotmail.com,Giza,Greater Cairo,Bronze,2021-02-28
CUS00510,Radwa Ramadan,Female,1978-02-15,01092631573,radwa.ramadan8@yahoo.com,Zagazig,Nile Delta,Bronze,2021-02-19
CUS00645,Sherif Salem,Male,1970-05-08,01092170846,sherif.salem25@outlook.com,Cairo,Greater Cairo,Bronze,2021-09-19
CUS00598,Emad Mostafa,Male,16/06/1982,01186424646,emad.mostafa68@yahoo.com,Cairo,Greater Cairo,Bronze,2021-06-22
CUS02615,Ali Attia,Male,01/10/1980, 01298678041,ali.attia6@gmail.com,Giza,Greater Cairo,Silver,2020-08-02
CUS00799,Tarek Sayed,Male,1972-05-01,  01264913597  ,tarek.sayed27@gmail.com,Tanta,Nile Delta,Bronze,2022-04-20
CUS02807,Hany Badawi,MALE,1980-06-02, 01086984297,hany.badawi50@yahoo.com,Zagazig,Nile Delta,Silver,2021-01-12
CUS02688,Omar Saad,MALE,1997-03-20,  01032247105  ,omar.saad67@gmail.com,Giza,Greater Cairo,Bronze,2021-09-11
CUS00519,Hana Ragab,Female,1973-10-03,01191916907,hana.ragab36@hotmail.com,Ismailia,Canal Zone,Silver,2023-03-08
CUS00913,Hany Saad,Male,1995-09-23,01240595207,hany.saad62@yahoo.com,Mansoura,Nile Delta,Bronze,2023-10-19
CUS00574,Salma Abdallah,Female,2001-04-02,01050525421 ,salma.abdallah37@hotmail.com,Mansoura,Nile Delta,Bronze,2023-11-27
CUS02978,Ghada Mostafa,female,1994-04-20,  01071171240  ,ghada.mostafa25@outlook.com,Cairo,Greater Cairo,Gold,2021-09-03
CUS02771,Radwa Mansour,Female,18/11/1989,01285380078,,Cairo,Greater Cairo,Bronze,2022-10-16
CUS01393,Reem Wahba,female,06/05/1980,01163711215,reem.wahba43@gmail.com,Cairo,Greater Cairo,Silver,2020-11-11
CUS02029,Salma Barakat,Female,1997-11-09,01018281699 ,salma.barakat56@yahoo.com,Cairo,Greater Cairo,Gold,2020-04-06
CUS01801,Adel Badawi,Male,1982-11-16,01257969943,adel.badawi56@gmail.com,Port Said,Canal Zone,Bronze,2020-10-07
CUS02488,Osama Nasser,Male,1999-06-20,01181273514,osama.nasser33@yahoo.com,Luxor,Upper Egypt,Silver,2021-01-28
CUS01489,Hassan Salem,Male,1998-09-19, 01190675884,hassan.salem98@hotmail.com,Giza,Greater Cairo,Gold,2022-03-28
CUS00124,Mahmoud Gouda,Male,11/10/1993,01187110685,mahmoud.gouda36@outlook.com,Cairo,Greater Cairo,Bronze,2021-10-05
CUS01229,Essam Hamdy,male,1985-11-01,01192636112 ,essam.hamdy62@yahoo.com,Ismailia,Canal Zone,Bronze,2022-01-10
CUS00221,Ibrahim Salem,male,2000-08-06,01099945021,ibrahim.salem33@hotmail.com,Mansoura,Nile Delta,Silver,2023-01-04
CUS02956,Nadia Amin,Female,11/08/1988,01078222824,nadia.amin43@outlook.com,Tanta,Nile Delta,Bronze,2021-03-26
CUS00359,Rana Ibrahim,FEMALE,1970-11-09,01069144114 ,rana.ibrahim28@outlook.com,Port Said,Canal Zone,Silver,2020-11-26
CUS01607,Omar Shaaban,male,1973-03-08,  01053842699  ,omar.shaaban46@hotmail.com,Cairo,Greater Cairo,Silver,2023-01-26
CUS01863,Akram Ali,Male,16/01/1987, 01071551989,,Cairo,Greater Cairo,Bronze,2020-12-13
CUS02426,Hassan Mahmoud,Male,1998-09-17,  01156375778  ,hassan.mahmoud96@gmail.com,Suez,Canal Zone,Bronze,2022-02-17
CUS00260,Bassem Fathy,Male,1977-10-22,01198594248,bassem.fathy21@gmail.com,Cairo,Greater Cairo,Silver,2023-05-16
CUS02818,Youssef Amin,Male,25/03/1998,01163283208,youssef.amin2@hotmail.com,Cairo,Greater Cairo,Silver,2022-02-03
CUS00872,Sherif Mansour,Male,05/12/1976,  01018444387  ,sherif.mansour81@hotmail.com,Cairo,Greater Cairo,Silver,2020-01-13
CUS02431,Ola Ismail,Female,1975-11-10,01252294327,ola.ismail54@gmail.com,Mansoura,Nile Delta,Silver,2022-01-25
CUS01643,Hussein Gouda,male,24/04/1971, 01058344299,,Alexandria,Alexandria,Bronze,2021-07-21
CUS01988,Shaimaa Saad,Female,1979-07-26,01221444897,shaimaa.saad98@hotmail.com,Alexandria,Alexandria,Bronze,2021-07-17
CUS02497,Tarek Ibrahim,Male,2003-07-03,01156647252,tarek.ibrahim40@hotmail.com,Alexandria,Alexandria,Silver,2023-07-09
CUS02421,Samir Wahba,male,1988-04-28, 01285640452,samir.wahba29@hotmail.com,Cairo,Greater Cairo,Silver,2023-01-23
CUS01552,Fatima Ahmed,Female,1999-11-24,01058882805,fatima.ahmed50@gmail.com,Mansoura,Nile Delta,Gold,2021-06-06
CUS02841,Karim Nasser,Male,2003-07-04,01065602912,karim.nasser55@gmail.com,Giza,Greater Cairo,Bronze,2022-05-08
CUS02762,Walid Ismail,Male,1978-07-28,01135888722,walid.ismail3@hotmail.com,Cairo,Greater Cairo,Bronze,2021-10-10
CUS02363,Tamer Sayed,Male,1995-03-27,01170232336,tamer.sayed62@yahoo.com,Giza,Greater Cairo,Gold,2021-06-26
CUS00457,Maged Ragab,Male,1995-01-12, 01078123659,maged.ragab54@yahoo.com,Cairo,Greater Cairo,Bronze,2020-07-02
CUS00463,Engy Khalil,Female,1981-05-01,01098538924,engy.khalil45@outlook.com,Zagazig,Nile Delta,Silver,2020-03-17
CUS02260,Ayman Younis,Male,16/06/1974,01121219525,ayman.younis23@hotmail.com,Giza,Greater Cairo,Bronze,2020-12-19
CUS00786,Hussein Rizk,MALE,18/10/1980, 01021007045,hussein.rizk14@gmail.com,Suez,Canal Zone,Silver,2023-04-24
CUS01563,Heba Ismail,female,1995-09-05,01262514007,,Hurghada,Red Sea,Silver,2022-04-03
CUS00382,Akram Wahba,Male,16/03/1972,01050446284,akram.wahba58@gmail.com,Tanta,Nile Delta,Bronze,2023-11-18
CUS01867,Maged Gouda,male,2000-04-17,01041683303,maged.gouda42@outlook.com,Cairo,Greater Cairo,Gold,2022-05-23
CUS02150,Ghada Saad,FEMALE,1997-09-21,01276458477,ghada.saad67@outlook.com,Aswan,Upper Egypt,Bronze,2020-01-28
CUS01262,Reem Nasser,FEMALE,1979-03-25,01193942023,reem.nasser60@yahoo.com,Hurghada,Red Sea,Gold,2021-02-14
CUS02806,Samir Shaaban,male,06/08/1972,  01155695129  ,samir.shaaban93@hotmail.com,Ismailia,Canal Zone,Silver,2023-07-02
CUS01698,Emad Mansour,Male,1999-01-11,01193274386,emad.mansour22@yahoo.com,Cairo,Greater Cairo,Bronze,2020-07-07
CUS01455,Shaimaa Mansour,Female,06/06/1976, 01178633402,shaimaa.mansour27@outlook.com,Cairo,Greater Cairo,Gold,2022-08-01
CUS00839,Amira Barakat,Female,1990-10-11,01043813544,amira.barakat76@hotmail.com,Alexandria,Alexandria,Gold,2022-11-02
CUS01300,Magdy Khalil,Male,1979-11-15,01024020462,magdy.khalil5@yahoo.com,Tanta,Nile Delta,Bronze,2020-06-18
CUS01054,Ibrahim Younis,Male,2001-09-19,  01225021199  ,ibrahim.younis53@hotmail.com,Hurghada,Red Sea,Silver,2020-11-06
CUS01081,Ibrahim Barakat,Male,03/07/1983, 01036983030,ibrahim.barakat55@gmail.com,Hurghada,Red Sea,Gold,2023-09-18
CUS01739,Mohamed Mostafa,MALE,1993-04-07,01147608279,,Giza,Greater Cairo,Silver,2023-08-06
CUS01478,Karim Saad,MALE,1996-04-07,01179443222,karim.saad48@gmail.com,Hurghada,Red Sea,Bronze,2023-07-20
CUS02398,Eman Amin,Female,1985-08-02,01066684607 ,eman.amin29@hotmail.com,Cairo,Greater Cairo,Silver,2022-01-03
CUS01993,Dalia Hamdy,Female,16/04/1993, 01189684093,dalia.hamdy84@hotmail.com,Mansoura,Nile Delta,Bronze,2023-01-19
CUS01534,Emad Shaaban,MALE,05/08/1978, 01094439916,emad.shaaban39@gmail.com,Cairo,Greater Cairo,Bronze,2020-10-23
CUS01234,Ola Mahmoud,Female,2000-12-08,01232341708,ola.mahmoud25@hotmail.com,Cairo,Greater Cairo,Bronze,2020-10-27
CUS00543,Samah Shaaban,Female,1978-12-09,  01020271291  ,samah.shaaban2@yahoo.com,Cairo,Greater Cairo,Silver,2020-12-19
CUS01293,Tamer Salem,Male,1994-09-20, 01040051846,tamer.salem85@hotmail.com,Alexandria,Alexandria,Silver,2023-01-08
CUS01318,Mohamed Bakr,Male,1978-03-10,  01222828052  ,mohamed.bakr5@gmail.com,Zagazig,Nile Delta,Bronze,2022-02-09
CUS01230,Suzy Rizk,Female,1977-12-06,01140271240,suzy.rizk52@gmail.com,Giza,Greater Cairo,Bronze,2020-01-16
CUS01843,Shaimaa Barakat,Female,1983-07-18,01151561050,,Giza,Greater Cairo,Bronze,2020-04-13
CUS01118,Rania Ali,Female,2001-05-20,  01227532794  ,rania.ali93@yahoo.com,Luxor,Upper Egypt,Silver,2023-10-24
CUS02460,Lobna Farouk,Female,1984-12-05, 01251484355,lobna.farouk64@hotmail.com,Giza,Greater Cairo,Gold,2020-05-28
CUS02273,Nader Hamdy,MALE,2001-10-28,01282191219,nader.hamdy6@gmail.com,Alexandria,Alexandria,Bronze,2020-06-19
CUS02873,Ola Mansour,Female,1993-07-12,  01131423696  ,ola.mansour77@gmail.com,Suez,Canal Zone,Silver,2022-05-03
CUS02728,Mona Khalil,Female,1994-01-24,01080225784,mona.khalil75@yahoo.com,Cairo,Greater Cairo,Silver,2020-12-17
CUS02942,Karim Ahmed,Male,1972-05-20,  01140922596  ,karim.ahmed58@outlook.com,Mansoura,Nile Delta,Bronze,2021-10-13
CUS01768,Aisha Amin,Female,21/09/1987, 01185426728,aisha.amin5@gmail.com,Alexandria,Alexandria,Bronze,2023-03-26
CUS02646,Youssef Zaki,Male,1979-11-18, 01139079617,youssef.zaki91@outlook.com,Giza,Greater Cairo,Silver,2021-09-19
CUS02459,Akram Khalil,Male,1984-01-26,01063602031,akram.khalil32@yahoo.com,Alexandria,Alexandria,Bronze,2023-08-23
CUS01753,Mohamed Fathy,Male,1974-05-17, 01162457729,mohamed.fathy91@yahoo.com,Cairo,Greater Cairo,Silver,2022-12-28
CUS02682,Tamer Nasser,Male,1980-09-14, 01226188579,tamer.nasser43@hotmail.com,Aswan,Upper Egypt,Silver,2021-03-09
CUS00436,Ashraf Salem,Male,1981-08-24,01080793145,ashraf.salem83@gmail.com,Tanta,Nile Delta,Bronze,2022-02-05
CUS01412,Reem Hassan,Female,1997-08-07,01270111368,reem.hassan16@hotmail.com,Cairo,Greater Cairo,Silver,2021-11-14
CUS00238,Mahmoud Abdallah,Male,1977-05-01,01192882398,,Cairo,Greater Cairo,Bronze,2021-10-17
CUS01056,Walid Ismail,MALE,1976-01-11, 01216229481,walid.ismail31@gmail.com,Giza,Greater Cairo,Bronze,2022-09-23
CUS00110,Mona Salem,Female,1973-03-09,01079342339,,Cairo,Greater Cairo,Bronze,2022-02-07
CUS00782,Doha Amin,female,27/09/1989,  01149386369  ,doha.amin18@hotmail.com,Alexandria,Alexandria,Bronze,2023-03-09
CUS02090,Tarek Mostafa,male,1989-04-09,  01129770026  ,tarek.mostafa34@hotmail.com,Giza,Greater Cairo,Bronze,2022-08-21
CUS00164,Dina Lotfy,Female,2003-11-20,01240524866 ,dina.lotfy78@hotmail.com,Alexandria,Alexandria,Bronze,2023-09-05
CUS00289,Manar Mahmoud,Female,1971-04-06, 01164008708,manar.mahmoud63@outlook.com,Giza,Greater Cairo,Bronze,2022-11-20
CUS00253,Doha Mostafa,Female,1999-02-17,01076547299,,Luxor,Upper Egypt,Bronze,2022-08-04
CUS02133,Neveen Gamal,female,1984-07-01,  01130120034  ,neveen.gamal27@hotmail.com,Alexandria,Alexandria,Bronze,2023-08-12
CUS02052,Hossam Nasser,Male,27/02/1990,  01259184207  ,hossam.nasser87@outlook.com,Alexandria,Alexandria,Silver,2022-12-27
CUS00768,Nader Bakr,Male,16/12/1985,  01165013238  ,nader.bakr76@hotmail.com,Luxor,Upper Egypt,Bronze,2021-08-21
CUS00788,Akram Younis,Male,1992-03-13,01265236368,akram.younis16@outlook.com,Giza,Greater Cairo,Bronze,2022-11-20
CUS01353,Khaled Wahba,Male,1976-11-09,01173019381,khaled.wahba17@gmail.com,Giza,Greater Cairo,Silver,2021-02-21
CUS01579,Ramy Abdallah,male,1982-06-15, 01262584867,ramy.abdallah44@yahoo.com,Mansoura,Nile Delta,Bronze,2023-12-27
CUS02965,Hussein Abdallah,Male,1990-12-13,01254242207,hussein.abdallah74@yahoo.com,Luxor,Upper Egypt,Gold,2021-02-25
CUS02829,Ramy Amin,Male,1979-06-02,01062660529,ramy.amin57@hotmail.com,Giza,Greater Cairo,Silver,2022-02-03
CUS01458,Eman Ibrahim,female,1972-05-02,01129482232,eman.ibrahim21@hotmail.com,Tanta,Nile Delta,Bronze,2023-02-17
CUS02371,Ayman Ahmed,Male,1975-04-17,01073151137,ayman.ahmed22@gmail.com,Mansoura,Nile Delta,Silver,2023-06-06
CUS01963,Mona Ismail,female,1981-04-21,  01225037335  ,mona.ismail68@yahoo.com,Aswan,Upper Egypt,Bronze,2022-05-22
CUS02402,Youssef Khalil,Male,1986-01-01, 01120381139,youssef.khalil55@outlook.com,Cairo,Greater Cairo,Bronze,2020-03-21
CUS02498,Emad Gamal,male,2002-04-06,01120104355,emad.gamal52@yahoo.com,Luxor,Upper Egypt,Gold,2021-05-20
CUS02866,Akram Mansour,male,1998-07-11,01049659642,akram.mansour50@outlook.com,Alexandria,Alexandria,Bronze,2021-04-18
CUS01033,Rana Ismail,female,1982-03-17,01093699313,rana.ismail74@gmail.com,Cairo,Greater Cairo,Bronze,2021-04-01
CUS02438,Sara Ramadan,Female,01/01/1994,01163545818,,Giza,Greater Cairo,Bronze,2021-08-19
CUS00462,Amr Mahmoud,Male,1974-08-28,01137913590 ,,Mansoura,Nile Delta,Bronze,2020-04-22
CUS02465,Maged Mohamed,Male,2002-01-14,  01239052145  ,maged.mohamed38@yahoo.com,Mansoura,Nile Delta,Silver,2022-08-18
CUS01504,Hany Wahba,Male,2000-11-08,01121017493,hany.wahba53@hotmail.com,Giza,Greater Cairo,Bronze,2023-08-10
CUS00158,Ashraf Ramadan,male,1993-06-07,01156241350,ashraf.ramadan79@outlook.com,Hurghada,Red Sea,Gold,2021-08-02
CUS02572,Essam Zaki,Male,2003-07-07,01229926155,essam.zaki86@gmail.com,Suez,Canal Zone,Gold,2022-07-02
CUS01993,Dalia Hamdy,Female,16/04/1993, 01189684093,dalia.hamdy84@hotmail.com,Mansoura,Nile Delta,Bronze,2023-01-19
CUS01692,Ramy Amin,Male,1970-05-12,01153465341,ramy.amin53@yahoo.com,Alexandria,Alexandria,Bronze,2022-07-01
CUS00678,Ghada Mahmoud,Female,1993-02-06, 01093756036,ghada.mahmoud86@yahoo.com,Giza,Greater Cairo,Silver,2022-05-23
CUS01175,Youssef Younis,Male,1985-07-06,  01267278051  ,youssef.younis95@yahoo.com,Mansoura,Nile Delta,Platinum,2020-03-27
CUS02921,Yasmin Hamdy,FEMALE,1988-10-15,01217059683 ,yasmin.hamdy84@outlook.com,Giza,Greater Cairo,Bronze,2020-12-21
CUS00239,Eman Ismail,Female,1971-02-18,01121727533,eman.ismail66@gmail.com,Mansoura,Nile Delta,Silver,2022-07-05
CUS01272,Eman Shaaban,Female,1971-11-11,01267496370,eman.shaaban25@yahoo.com,Luxor,Upper Egypt,Gold,2020-10-28
CUS01770,Mariam Gouda,Female,1991-03-17,  01011608040  ,mariam.gouda92@gmail.com,Giza,Greater Cairo,Bronze,2023-04-09
CUS00244,Essam Ramadan,Male,1986-11-22,01126050250 ,essam.ramadan75@gmail.com,Giza,Greater Cairo,Gold,2021-06-15
CUS00101,Amr Farouk,Male,04/04/1986,01086140729,amr.farouk60@gmail.com,Cairo,Greater Cairo,Bronze,2022-11-03
CUS00316,Magdy Salem,Male,26/02/1990,01299187990,magdy.salem6@outlook.com,Tanta,Nile Delta,Gold,2022-11-03
CUS00904,Osama Khalil,Male,05/11/1997,01038768529,osama.khalil22@gmail.com,Alexandria,Alexandria,Gold,2020-07-02
CUS01114,Aisha Saad,Female,1989-12-27,01173680989,aisha.saad54@hotmail.com,Alexandria,Alexandria,Gold,2022-02-08
CUS02380,Nader Nasser,Male,1977-08-14,01276601167,nader.nasser97@outlook.com,Hurghada,Red Sea,Bronze,2022-10-04
CUS01104,Hazem Ragab,Male,1971-03-18,  01063136530  ,,Port Said,Canal Zone,Gold,2022-02-21
CUS00262,Ramy Ahmed,Male,1985-04-08,01251889289,ramy.ahmed44@yahoo.com,Sharm El Sheikh,South Sinai,Bronze,2020-09-11
CUS02354,Shaimaa Nasser,Female,1976-04-16,01080704774,shaimaa.nasser62@yahoo.com,Luxor,Upper Egypt,Bronze,2020-04-04
CUS01719,Noha Mahmoud,Female,03/07/1986,01134583524,noha.mahmoud19@yahoo.com,Ismailia,Canal Zone,Gold,2023-08-28
CUS00196,Fady Lotfy,Male,1995-07-14,01238348941,fady.lotfy47@outlook.com,Giza,Greater Cairo,Silver,2021-05-28
CUS02467,Dina Bakr,FEMALE,1986-05-25,01184306405,dina.bakr7@outlook.com,Giza,Greater Cairo,Bronze,2020-06-28
CUS02469,Hossam Barakat,Male,1973-05-24,01115381194,hossam.barakat31@outlook.com,Alexandria,Alexandria,Bronze,2023-08-22
CUS01812,Ramy Hafez,Male,1977-10-04, 01289606631,ramy.hafez65@outlook.com,Hurghada,Red Sea,Bronze,2023-02-16
CUS00180,Hana Hassan,Female,1982-12-10, 01119104802,,Cairo,Greater Cairo,Silver,2022-06-13
CUS02355,Noha Abdallah,Female,1994-11-02,01210875598,,Zagazig,Nile Delta,Bronze,2020-10-08
CUS00579,Adel Ali,MALE,1977-06-24,01081305655,,Alexandria,Alexandria,Bronze,2021-11-16
CUS00930,Eman Ahmed,Female,1972-11-14,01151003929,eman.ahmed26@gmail.com,Cairo,Greater Cairo,Bronze,2020-03-07
CUS00341,Aisha Abdallah,Female,1994-11-26,01055417034,aisha.abdallah85@yahoo.com,Alexandria,Alexandria,Bronze,2023-12-03
CUS02047,Amira Shaaban,Female,1986-04-13, 01148936750,amira.shaaban54@gmail.com,Cairo,Greater Cairo,Silver,2022-03-06
CUS01226,Sara Nasser,Female,1989-02-01,01079335025,sara.nasser70@outlook.com,Mansoura,Nile Delta,Silver,2021-01-19
CUS00749,Youssef Ahmed,Male,2000-03-28,01042470699,youssef.ahmed32@outlook.com,Suez,Canal Zone,Silver,2021-12-04
CUS01124,Wael Badawi,Male,1975-02-17,  01052726974  ,wael.badawi43@yahoo.com,Hurghada,Red Sea,Bronze,2022-03-01
CUS00663,Engy Abdallah,Female,1984-02-21,  01025472405  ,engy.abdallah22@hotmail.com,Mansoura,Nile Delta,Bronze,2023-05-18
CUS00481,Eman Fathy,Female,1983-03-26,01056658526,,Mansoura,Nile Delta,Silver,2021-09-23
CUS00804,Ayman Farouk,Male,23/05/1980,01284490480,ayman.farouk75@hotmail.com,Mansoura,Nile Delta,Platinum,2023-03-27
CUS02173,Neveen Ahmed,Female,2003-07-06,01264731709,neveen.ahmed39@outlook.com,Cairo,Greater Cairo,Silver,2023-01-22
CUS01583,Doha Shaaban,Female,1996-04-19,  01298829740  ,doha.shaaban21@outlook.com,Alexandria,Alexandria,Bronze,2021-12-03
CUS01908,Khaled Gouda,male,1971-12-06,01192734671,khaled.gouda41@yahoo.com,Giza,Greater Cairo,Bronze,2020-05-28
CUS02474,Ramy Barakat,male,1999-01-25,  01057115103  ,ramy.barakat84@gmail.com,Zagazig,Nile Delta,Silver,2023-04-04
CUS00550,Samir Mostafa,Male,1997-05-24,01246387450,samir.mostafa19@hotmail.com,Hurghada,Red Sea,Bronze,2021-10-23
CUS01188,Magdy Ali,Male,13/07/1978,01045202115,,Cairo,Greater Cairo,Bronze,2022-07-07
CUS00784,Nader Bakr,MALE,1977-03-19,01088145345,nader.bakr71@gmail.com,Giza,Greater Cairo,Bronze,2022-09-22
CUS02754,Khaled Mansour,Male,1989-08-19,  01294556647  ,khaled.mansour71@outlook.com,Giza,Greater Cairo,Bronze,2023-01-22
CUS01965,Hussein Mohamed,Male,2002-07-06,01017226037,hussein.mohamed34@gmail.com,Alexandria,Alexandria,Gold,2020-04-27
CUS00743,Sherif Hamdy,Male,1979-12-03,  01260689240  ,sherif.hamdy36@yahoo.com,Zagazig,Nile Delta,Silver,2022-04-13
CUS02454,Doha Mansour,Female,1978-06-22,01283809434,doha.mansour26@gmail.com,Giza,Greater Cairo,Bronze,2023-04-06
CUS02100,Wael Ramadan,Male,12/12/1974,  01259420855  ,wael.ramadan91@hotmail.com,Giza,Greater Cairo,Bronze,2023-06-22
CUS01831,Shaimaa Ali,female,1979-02-04,  01181256685  ,shaimaa.ali88@gmail.com,Ismailia,Canal Zone,Platinum,2020-11-01
CUS01256,Dalia Shaaban,Female,22/06/1970,01116600294,dalia.shaaban61@gmail.com,Giza,Greater Cairo,Bronze,2022-04-28
CUS02401,Engy Nasser,Female,1999-04-08,01274568678,engy.nasser1@gmail.com,Giza,Greater Cairo,Bronze,2022-10-06
CUS02043,Ayman Sayed,Male,08/11/1991,01239146157,ayman.sayed23@outlook.com,Alexandria,Alexandria,Bronze,2020-03-03
CUS02156,Mona Farouk,Female,1978-04-18,01270083672,mona.farouk81@outlook.com,Cairo,Greater Cairo,Silver,2021-12-17
CUS01508,Sara Rizk,FEMALE,09/04/1994,01091429935,,Alexandria,Alexandria,Silver,2022-10-15
CUS00248,Mohamed Gouda,Male,1992-05-23,01128658140,mohamed.gouda44@yahoo.com,Ismailia,Canal Zone,Gold,2022-01-24
CUS02903,Salma Ramadan,Female,2001-06-09,01239365350,salma.ramadan96@outlook.com,Cairo,Greater Cairo,Gold,2020-06-09
CUS02604,Samah Salem,Female,20/05/2002,01159857532 ,samah.salem29@yahoo.com,Giza,Greater Cairo,Silver,2021-10-19
CUS02766,Fatima Bakr,Female,1987-07-17,01020636033,fatima.bakr36@yahoo.com,Port Said,Canal Zone,Gold,2021-07-01
CUS00627,Manar Badawi,Female,1983-08-20,01183266696 ,manar.badawi44@hotmail.com,Alexandria,Alexandria,Gold,2021-05-11
CUS00348,Manar Shaaban,FEMALE,1970-08-21,01230036175,manar.shaaban30@outlook.com,Cairo,Greater Cairo,Bronze,2023-06-26
CUS00279,Radwa Attia,Female,2001-02-08,  01237265709  ,radwa.attia64@outlook.com,Tanta,Nile Delta,Bronze,2021-07-28
CUS01862,Mahmoud Gouda,Male,2003-01-12, 01081416682,mahmoud.gouda25@yahoo.com,Mansoura,Nile Delta,Silver,2020-04-14
CUS02970,Hazem Lotfy,Male,1995-01-15,01035077123,hazem.lotfy49@outlook.com,Alexandria,Alexandria,Silver,2023-01-13
CUS00656,Rania Ibrahim,Female,1991-04-12,01042138616,,Cairo,Greater Cairo,Gold,2020-08-26
CUS02209,Hussein Ragab,Male,1995-08-15,01129818516,hussein.ragab58@outlook.com,Giza,Greater Cairo,Bronze,2020-08-14
CUS00928,Ashraf Rizk,male,1980-11-26,  01120219296  ,ashraf.rizk33@yahoo.com,Alexandria,Alexandria,Bronze,2023-06-08
CUS02669,Akram Amin,Male,1998-04-04, 01242449738,akram.amin98@hotmail.com,Zagazig,Nile Delta,Bronze,2022-10-23
CUS02632,Mona Zaki,Female,1992-05-17,  01060684249  ,,Tanta,Nile Delta,Bronze,2021-06-17
CUS01072,Aisha Mostafa,Female,1983-07-12,  01226492036  ,aisha.mostafa33@yahoo.com,Cairo,Greater Cairo,Bronze,2020-07-16
CUS02584,Lobna Ahmed,female,1988-05-09,  01147424925  ,lobna.ahmed44@yahoo.com,Giza,Greater Cairo,Bronze,2023-09-14
CUS01274,Zeinab Saad,Female,1991-08-22, 01263498812,zeinab.saad13@yahoo.com,Cairo,Greater Cairo,Bronze,2022-08-14
CUS02909,Maged Sayed,Male,1998-03-21,  01046290952  ,maged.sayed24@hotmail.com,Giza,Greater Cairo,Bronze,2021-05-25
CUS00446,Khaled Badawi,Male,1993-09-28,01252096774 ,khaled.badawi88@gmail.com,Port Said,Canal Zone,Bronze,2020-12-26
CUS00618,Rania Mahmoud,Female,1981-09-19,  01279322944  ,rania.mahmoud78@hotmail.com,Cairo,Greater Cairo,Bronze,2022-07-07
CUS01887,Zeinab Fathy,Female,11/03/1977, 01188668146,zeinab.fathy56@outlook.com,Cairo,Greater Cairo,Silver,2022-10-24
CUS01126,Magdy Salem,Male,1973-02-02, 01228515091,magdy.salem99@gmail.com,Alexandria,Alexandria,Bronze,2021-03-21
CUS01833,Ramy Abdallah,Male,1996-04-25,01250333457,ramy.abdallah64@yahoo.com,Alexandria,Alexandria,Silver,2022-05-10
CUS01657,Radwa Wahba,Female,1977-02-03, 01139871880,radwa.wahba4@hotmail.com,Alexandria,Alexandria,Gold,2023-08-03
CUS02792,Adel Ibrahim,Male,1974-04-12,01070107253,adel.ibrahim22@outlook.com,Ismailia,Canal Zone,Silver,2023-04-07
CUS00845,Khaled Bakr,Male,1992-12-06,01056270369,khaled.bakr60@gmail.com,Cairo,Greater Cairo,Bronze,2021-03-22
CUS02596,Adel Ibrahim,Male,2001-04-22,01095690045 ,adel.ibrahim55@hotmail.com,Hurghada,Red Sea,Silver,2022-05-14
CUS00548,Ashraf Hassan,Male,1987-12-07,01275595812,ashraf.hassan91@outlook.com,Tanta,Nile Delta,Silver,2020-02-14
CUS02382,Nour Abdallah,Female,1993-12-01,01221482568 ,nour.abdallah82@hotmail.com,Luxor,Upper Egypt,Bronze,2023-06-05
CUS00908,Shaimaa Shaaban,Female,22/11/1975,01031183715,shaimaa.shaaban22@outlook.com,Giza,Greater Cairo,Silver,2021-08-24
CUS01321,Hussein Ismail,Male,1984-11-06,01134365277,hussein.ismail32@hotmail.com,Cairo,Greater Cairo,Bronze,2022-07-22
CUS00264,Hazem Hafez,Male,10/10/1980, 01168517739,,Alexandria,Alexandria,Bronze,2021-05-09
CUS01809,Sara Ali,FEMALE,1972-05-04,01179945393,sara.ali54@outlook.com,Cairo,Greater Cairo,Bronze,2020-02-27
CUS02391,Heba Rizk,Female,1997-06-19,01122869898,heba.rizk30@gmail.com,Giza,Greater Cairo,Platinum,2022-10-13
CUS02366,Nadia Saad,Female,1990-07-11,01269954826,nadia.saad94@outlook.com,Cairo,Greater Cairo,Bronze,2022-05-06
CUS00354,Omar Shaaban,Male,1985-09-11,01275895351,omar.shaaban59@hotmail.com,Cairo,Greater Cairo,Gold,2022-07-20
CUS02516,Sara Ibrahim,Female,2002-01-26,01141264011,sara.ibrahim61@outlook.com,Port Said,Canal Zone,Silver,2022-07-17
CUS00209,Dalia Saad,female,1997-12-22,  01144539133  ,dalia.saad43@gmail.com,Cairo,Greater Cairo,Bronze,2022-05-06
CUS00614,Yasmin Hafez,Female,1974-03-21,01255608488,yasmin.hafez3@outlook.com,Cairo,Greater Cairo,Gold,2022-01-20
CUS01361,Walid Sayed,Male,11/09/1990, 01171543645,walid.sayed64@outlook.com,Suez,Canal Zone,Bronze,2020-03-09
CUS01747,Ashraf Hassan,Male,20/09/1975, 01025281129,ashraf.hassan34@hotmail.com,Cairo,Greater Cairo,Bronze,2023-02-07
CUS01570,Manar Attia,FEMALE,1999-11-14,01011260296 ,manar.attia92@outlook.com,Giza,Greater Cairo,Silver,2021-02-21
CUS01196,Nader Ismail,Male,2002-07-19,01170214805,nader.ismail99@hotmail.com,Luxor,Upper Egypt,Silver,2021-07-27
CUS01672,Neveen Khalil,Female,1985-12-06,01098672138,neveen.khalil71@yahoo.com,Luxor,Upper Egypt,Silver,2023-11-15
CUS01650,Ali Mahmoud,Male,1977-11-25,  01217433350  ,,Tanta,Nile Delta,Bronze,2023-04-18
CUS02171,Akram Amin,Male,1975-05-25,01016867378,akram.amin21@yahoo.com,Tanta,Nile Delta,Bronze,2023-08-07
CUS00058,Fady Saad,Male,1996-10-21,01035224301 ,fady.saad67@hotmail.com,Cairo,Greater Cairo,Bronze,2020-09-26
CUS01201,Mona Ahmed,female,1979-08-16,01232405926,mona.ahmed6@outlook.com,Zagazig,Nile Delta,Platinum,2023-01-10
CUS00812,Mahmoud Bakr,male,1994-08-02,01268343093,mahmoud.bakr32@outlook.com,Aswan,Upper Egypt,Bronze,2022-11-11
CUS02228,Ramy Fathy,Male,2002-11-04, 01013046687,,Alexandria,Alexandria,Silver,2021-09-19
CUS00562,Karim Wahba,Male,1996-03-21, 01210432769,karim.wahba90@gmail.com,Cairo,Greater Cairo,Gold,2023-02-04
CUS02553,Tarek Gouda,male,2002-12-04,01160133318,,Hurghada,Red Sea,Silver,2022-02-17
CUS00230,Hana Abdallah,Female,1991-04-18,01097112459,hana.abdallah27@yahoo.com,Mansoura,Nile Delta,Silver,2022-06-09
CUS02551,Maged Gouda,Male,12/12/1984, 01126245985,maged.gouda54@hotmail.com,Giza,Greater Cairo,Silver,2023-04-03
CUS01798,Ayman Hamdy,male,1982-02-16,01078927204,ayman.hamdy3@yahoo.com,Cairo,Greater Cairo,Silver,2023-04-13
CUS02945,Amr Attia,male,11/07/1994,01181711841,amr.attia99@hotmail.com,Zagazig,Nile Delta,Bronze,2023-12-10
CUS00539,Ashraf Ahmed,Male,1990-05-22,01165194233 ,ashraf.ahmed35@outlook.com,Giza,Greater Cairo,Gold,2021-06-21
CUS01351,Doha Ismail,female,05/08/1990,01096319246,doha.ismail56@hotmail.com,Luxor,Upper Egypt,Gold,2020-11-23
CUS01128,Youssef Farouk,Male,01/08/1992,  01049548494  ,youssef.farouk18@hotmail.com,Giza,Greater Cairo,Silver,2020-09-04
CUS02844,Heba Lotfy,Female,1998-09-21,01152080163,heba.lotfy34@gmail.com,Port Said,Canal Zone,Bronze,2020-10-27
CUS01091,Ayman Ramadan,Male,1983-04-27,01122003127,ayman.ramadan3@outlook.com,Port Said,Canal Zone,Bronze,2020-11-11
CUS01661,Magdy Saad,Male,1975-02-03,01139067726,magdy.saad68@outlook.com,Mansoura,Nile Delta,Platinum,2021-06-13
CUS01197,Mahmoud Saad,Male,1999-03-07,01268233507,mahmoud.saad1@hotmail.com,Ismailia,Canal Zone,Bronze,2021-09-28
CUS00708,Mohamed Ahmed,Male,1970-05-01,01169735024 ,,Hurghada,Red Sea,Platinum,2021-11-07
CUS00425,Amr Mansour,male,1982-10-16,01234213769,amr.mansour51@yahoo.com,Cairo,Greater Cairo,Bronze,2020-03-03
CUS00070,Samah Hassan,Female,1972-09-07,01260076822,samah.hassan3@gmail.com,Ismailia,Canal Zone,Gold,2021-04-23
CUS01024,Khaled Gouda,Male,22/10/1983,01296240962,khaled.gouda32@yahoo.com,Ismailia,Canal Zone,Silver,2020-01-25
CUS01721,Mariam Nasser,Female,1996-01-23,01190808054 ,mariam.nasser90@yahoo.com,Cairo,Greater Cairo,Silver,2022-07-08
CUS00648,Suzy Ramadan,female,1974-03-01,01270192392,suzy.ramadan19@gmail.com,Tanta,Nile Delta,Bronze,2022-02-24
CUS02598,Sherif Hafez,Male,1986-03-11,  01267683606  ,sherif.hafez96@gmail.com,Alexandria,Alexandria,Bronze,2023-12-17
CUS01358,Mahmoud Mahmoud,MALE,1995-06-05,  01165616403  ,,Giza,Greater Cairo,Bronze,2020-03-12
CUS01568,Heba Fathy,Female,2001-02-28,  01113600484  ,heba.fathy74@hotmail.com,Cairo,Greater Cairo,Gold,2020-03-09
CUS02457,Ola Ahmed,Female,1990-04-10,01175812955,ola.ahmed21@hotmail.com,Giza,Greater Cairo,Gold,2022-04-23
CUS02625,Hossam Gouda,Male,1984-11-27,  01260187647  ,hossam.gouda21@yahoo.com,Giza,Greater Cairo,Bronze,2023-12-27
CUS01675,Aisha Rizk,Female,1992-09-26,01210938593,aisha.rizk9@hotmail.com,Hurghada,Red Sea,Platinum,2021-03-20
CUS01026,Mariam Ali,Female,1985-01-02,01147331005,,Alexandria,Alexandria,Gold,2021-10-02
CUS00621,Khaled Gouda,Male,20/01/1972, 01098711501,khaled.gouda23@yahoo.com,Cairo,Greater Cairo,Silver,2021-06-04
CUS00950,Ghada Wahba,Female,02/08/1974,01245478283,,Alexandria,Alexandria,Bronze,2022-11-10
CUS02860,Reem Younis,FEMALE,1977-08-22,01193920717,reem.younis97@gmail.com,Cairo,Greater Cairo,Silver,2023-02-18
CUS00953,Hossam Barakat,MALE,2003-03-06,01245140558,hossam.barakat50@hotmail.com,Cairo,Greater Cairo,Bronze,2020-08-03
CUS01592,Rania Ibrahim,Female,1997-04-26,01296694511 ,,Sharm El Sheikh,South Sinai,Gold,2023-06-27
CUS01578,Wael Ahmed,Male,1979-04-20, 01240841253,wael.ahmed4@outlook.com,Mansoura,Nile Delta,Silver,2022-12-08
CUS00999,Ayman Shaaban,Male,1990-07-07,  01072818001  ,ayman.shaaban98@hotmail.com,Port Said,Canal Zone,Bronze,2021-08-18
CUS02971,Aisha Wahba,Female,1993-12-05,01120989502,aisha.wahba95@yahoo.com,Giza,Greater Cairo,Platinum,2021-07-25
CUS02709,Mona Ramadan,female,1978-06-25,01041512912 ,mona.ramadan95@yahoo.com,Cairo,Greater Cairo,Gold,2020-10-04
CUS01462,Zeinab Sayed,Female,1996-10-10, 01265099159,,Mansoura,Nile Delta,Silver,2021-09-28
CUS00280,Samir Ismail,Male,1996-03-14, 01013861862,samir.ismail48@outlook.com,Hurghada,Red Sea,Bronze,2020-01-16
CUS01473,Reem Hamdy,Female,20/12/1970,01168950875 ,,Luxor,Upper Egypt,Platinum,2023-11-03
CUS01576,Essam Ali,male,1998-08-15,01190013011 ,essam.ali53@yahoo.com,Cairo,Greater Cairo,Bronze,2023-04-16
CUS01577,Magdy Ibrahim,Male,1975-01-15,  01057994970  ,magdy.ibrahim5@outlook.com,Cairo,Greater Cairo,Bronze,2021-05-07
CUS02121,Akram Mahmoud,Male,1989-10-12,01061552098,akram.mahmoud90@hotmail.com,Hurghada,Red Sea,Platinum,2022-07-22
CUS01045,Amr Shaaban,Male,1997-11-22,01031469242,amr.shaaban24@outlook.com,Suez,Canal Zone,Silver,2023-08-11
CUS01724,Adel Amin,Male,1985-01-07,01133657334,adel.amin9@outlook.com,Cairo,Greater Cairo,Bronze,2021-05-10
CUS00554,Bassem Hafez,MALE,1987-12-28,01299724136,bassem.hafez28@gmail.com,Alexandria,Alexandria,Bronze,2021-03-06
CUS00835,Salma Younis,female,1979-07-13,01285141628,,Alexandria,Alexandria,Silver,2023-03-13
CUS00658,Ayman Shaaban,Male,1997-07-03,01113198965,ayman.shaaban64@hotmail.com,Giza,Greater Cairo,Bronze,2020-09-27
CUS00597,Yasmin Wahba,Female,1990-09-12,01175128586,yasmin.wahba49@gmail.com,Mansoura,Nile Delta,Bronze,2020-06-08
CUS02224,Aisha Hafez,Female,1972-09-27,01225073447,aisha.hafez91@yahoo.com,Cairo,Greater Cairo,Silver,2022-11-17
CUS00803,Ayman Salem,male,1974-03-16,  01111023114  ,ayman.salem54@gmail.com,Alexandria,Alexandria,Bronze,2020-03-07
CUS02172,Ahmed Zaki,male,27/10/1998,01261043450 ,ahmed.zaki92@outlook.com,Cairo,Greater Cairo,Bronze,2021-02-07
CUS00731,Akram Younis,Male,2001-02-14,01214149208 ,akram.younis99@gmail.com,Cairo,Greater Cairo,Bronze,2022-05-13
CUS02567,Hossam Barakat,Male,1993-10-05, 01291790169,,Cairo,Greater Cairo,Bronze,2021-08-10
CUS02765,Neveen Gamal,Female,1989-08-14,01068327873,neveen.gamal66@gmail.com,Cairo,Greater Cairo,Silver,2021-01-10
CUS00441,Fatima Gamal,Female,17/07/1988,01052207776,fatima.gamal13@hotmail.com,Cairo,Greater Cairo,Bronze,2023-12-17
CUS00509,Radwa Gouda,Female,1989-04-01,01013537149,radwa.gouda88@gmail.com,Port Said,Canal Zone,Silver,2023-01-13
CUS00077,Doha Ramadan,Female,1977-02-28,01011298197,doha.ramadan57@hotmail.com,Hurghada,Red Sea,Bronze,2020-06-27
CUS02341,Suzy Zaki,Female,2001-04-08,01139916662 ,suzy.zaki32@outlook.com,Zagazig,Nile Delta,Silver,2023-01-04
CUS00650,Doha Hassan,Female,1973-12-25,  01188845892  ,doha.hassan94@yahoo.com,Alexandria,Alexandria,Silver,2021-04-20
CUS00523,Hazem Gamal,MALE,1983-07-27,01214375434,hazem.gamal10@yahoo.com,Ismailia,Canal Zone,Bronze,2023-09-24
CUS01557,Adel Sayed,MALE,03/08/1987,01161271419,adel.sayed67@yahoo.com,Mansoura,Nile Delta,Bronze,2021-04-11
CUS01717,Tamer Gamal,Male,05/11/2001,01054955754,tamer.gamal67@outlook.com,Cairo,Greater Cairo,Bronze,2020-12-20
CUS01564,Manar Abdallah,Female,1991-03-13,  01028870433  ,manar.abdallah71@outlook.com,Cairo,Greater Cairo,Bronze,2022-05-17
CUS00655,Ibrahim Zaki,MALE,1988-02-12,01234215127,ibrahim.zaki20@hotmail.com,Giza,Greater Cairo,Gold,2023-11-18
CUS01237,Mohamed Amin,Male,1979-03-03,01213239162,mohamed.amin95@gmail.com,Luxor,Upper Egypt,Gold,2021-09-12
CUS01612,Omar Bakr,Male,1972-05-05,01052197020,omar.bakr84@outlook.com,Mansoura,Nile Delta,Bronze,2023-08-03
CUS02437,Walid Abdallah,Male,19/01/1976,01298614349,walid.abdallah25@outlook.com,Giza,Greater Cairo,Bronze,2023-09-22
CUS01727,Nader Abdallah,Male,22/03/1974,01282517098 ,nader.abdallah79@hotmail.com,Alexandria,Alexandria,Silver,2023-10-23
CUS00631,Tamer Ramadan,Male,1982-05-02,01149795077 ,tamer.ramadan42@yahoo.com,Tanta,Nile Delta,Bronze,2022-01-03
CUS01317,Amira Amin,female,1974-06-09,  01036330288  ,,Alexandria,Alexandria,Silver,2023-06-21
CUS02975,Mahmoud Barakat,male,1997-12-15,01252870052,mahmoud.barakat12@hotmail.com,Giza,Greater Cairo,Silver,2021-11-17
CUS01748,Radwa Mansour,FEMALE,18/07/1999,  01121701669  ,,Cairo,Greater Cairo,Silver,2020-03-01
CUS00483,Ahmed Gamal,male,2000-10-01,01143220287,ahmed.gamal38@yahoo.com,Giza,Greater Cairo,Bronze,2021-03-25
CUS02009,Nader Hassan,male,1980-12-09,01039666825,nader.hassan64@hotmail.com,Cairo,Greater Cairo,Silver,2023-06-11
CUS02804,Ola Lotfy,Female,1998-12-05,01117015048 ,ola.lotfy42@gmail.com,Ismailia,Canal Zone,Silver,2023-08-10
CUS02607,Lobna Hafez,female,1996-03-22,01160625447,lobna.hafez13@outlook.com,Cairo,Greater Cairo,Gold,2022-09-15
CUS01776,Rania Ragab,Female,1977-02-10, 01144600674,,Giza,Greater Cairo,Silver,2021-01-25
CUS00439,Rana Ahmed,female,1993-11-14,  01046227990  ,rana.ahmed4@yahoo.com,Tanta,Nile Delta,Bronze,2022-03-18
CUS00970,Tarek Farouk,Male,1971-01-13,01171535643 ,tarek.farouk28@yahoo.com,Alexandria,Alexandria,Bronze,2022-01-03
CUS01794,Hussein Wahba,Male,1993-10-27,01266452768,hussein.wahba94@gmail.com,Tanta,Nile Delta,Bronze,2021-06-01
CUS02244,Engy Mansour,Female,1984-11-11,  01216933562  ,engy.mansour55@yahoo.com,Sharm El Sheikh,South Sinai,Silver,2023-11-07
CUS01614,Hazem Barakat,Male,04/09/2002, 01289711480,hazem.barakat15@outlook.com,Giza,Greater Cairo,Bronze,2021-09-17
CUS00857,Tamer Ramadan,Male,2002-08-23, 01027379520,tamer.ramadan83@hotmail.com,Cairo,Greater Cairo,Bronze,2020-07-21
CUS02779,Lobna Bakr,Female,1980-06-11,01086797379 ,,Giza,Greater Cairo,Silver,2022-02-05
CUS00167,Emad Farouk,Male,1984-04-22,  01058219240  ,emad.farouk61@hotmail.com,Giza,Greater Cairo,Bronze,2021-07-16
CUS00060,Reham Shaaban,Female,01/11/1977,01059991642,reham.shaaban71@hotmail.com,Giza,Greater Cairo,Gold,2022-03-27
CUS00612,Ashraf Ramadan,Male,1995-08-26,  01080920296  ,ashraf.ramadan5@hotmail.com,Hurghada,Red Sea,Bronze,2023-05-19
CUS00531,Heba Gamal,FEMALE,1988-03-04,01146755323,heba.gamal34@gmail.com,Aswan,Upper Egypt,Bronze,2021-11-09
CUS01784,Ramy Hassan,male,1972-04-10,01127767325,ramy.hassan79@yahoo.com,Mansoura,Nile Delta,Gold,2020-04-05
CUS00050,Hossam Salem,Male,1973-06-01, 01121761279,hossam.salem4@yahoo.com,Cairo,Greater Cairo,Platinum,2021-11-10
CUS02695,Fatima Mansour,Female,1991-03-22,01259524021,fatima.mansour14@gmail.com,Ismailia,Canal Zone,Silver,2020-06-12
CUS02164,Salma Gamal,Female,1974-06-15,01148500243,salma.gamal85@outlook.com,Aswan,Upper Egypt,Bronze,2020-10-18
CUS00859,Emad Mansour,Male,1991-06-09,01134502256,emad.mansour46@hotmail.com,Alexandria,Alexandria,Silver,2021-11-08
CUS01766,Emad Abdallah,Male,1976-11-28,01269729673,emad.abdallah69@hotmail.com,Giza,Greater Cairo,Gold,2020-10-11
CUS00049,Hoda Mohamed,female,1997-11-06,  01268277389  ,hoda.mohamed90@hotmail.com,Alexandria,Alexandria,Bronze,2022-05-08
CUS00720,Essam Lotfy,Male,1976-07-23,01293246092,essam.lotfy49@gmail.com,Zagazig,Nile Delta,Bronze,2023-02-16
CUS01232,Maged Ali,Male,24/05/1982,01049449705,maged.ali78@gmail.com,Cairo,Greater Cairo,Bronze,2022-08-14
CUS01341,Shaimaa Bakr,Female,23/08/1978, 01091546931,shaimaa.bakr49@hotmail.com,Cairo,Greater Cairo,Bronze,2023-04-20
CUS02284,Salma Badawi,female,1979-02-10,  01286974476  ,salma.badawi1@outlook.com,Cairo,Greater Cairo,Gold,2021-10-02
CUS01934,Ahmed Amin,Male,1987-11-24,01160133229,ahmed.amin62@outlook.com,Mansoura,Nile Delta,Bronze,2023-10-03
CUS00633,Ramy Ibrahim,Male,1984-05-05,01126572053,ramy.ibrahim19@hotmail.com,Alexandria,Alexandria,Bronze,2022-01-21
CUS02320,Walid Zaki,Male,1993-10-09,  01183293374  ,walid.zaki23@hotmail.com,Giza,Greater Cairo,Bronze,2023-04-13
CUS02245,Samah Gamal,Female,1988-10-20,01172379893,samah.gamal18@gmail.com,Luxor,Upper Egypt,Silver,2020-09-23
CUS02163,Yasmin Bakr,female,1978-12-14,01291006265,yasmin.bakr14@gmail.com,Giza,Greater Cairo,Bronze,2020-06-24
CUS01069,Amira Ali,Female,1991-08-10,01282592611,amira.ali96@gmail.com,Giza,Greater Cairo,Bronze,2022-07-28
CUS02578,Sherif Mohamed,MALE,07/05/1988,  01031921179  ,sherif.mohamed43@outlook.com,Mansoura,Nile Delta,Bronze,2020-01-16
CUS00026,Nour Amin,Female,1975-07-04,01192181084,nour.amin16@gmail.com,Hurghada,Red Sea,Bronze,2021-12-01
CUS02760,Hoda Hassan,FEMALE,1993-07-18,01226904243 ,hoda.hassan28@hotmail.com,Cairo,Greater Cairo,Gold,2022-06-13
CUS00220,Adel Gamal,Male,1996-01-18,  01035756766  ,adel.gamal98@yahoo.com,Aswan,Upper Egypt,Bronze,2023-11-22
CUS01346,Noha Badawi,Female,1975-08-05,  01164251790  ,,Giza,Greater Cairo,Bronze,2023-01-16
CUS00277,Nadia Mansour,Female,1990-05-07,01065632768 ,nadia.mansour74@yahoo.com,Hurghada,Red Sea,Silver,2020-01-18
CUS02231,Ahmed Bakr,male,2002-04-19,01051915131,ahmed.bakr36@yahoo.com,Zagazig,Nile Delta,Bronze,2023-09-17
CUS01308,Mohamed Sayed,Male,20/08/2000,  01053942593  ,mohamed.sayed38@gmail.com,Hurghada,Red Sea,Silver,2021-04-08
CUS01642,Eman Younis,Female,1988-02-26,01154853899,eman.younis86@hotmail.com,Aswan,Upper Egypt,Bronze,2023-12-11
CUS01049,Ghada Sayed,Female,1982-04-24,01039935290,ghada.sayed69@yahoo.com,Luxor,Upper Egypt,Silver,2021-02-27
CUS02096,Yasmin Ibrahim,Female,2003-08-20,  01294399594  ,yasmin.ibrahim35@outlook.com,Hurghada,Red Sea,Bronze,2020-06-19
CUS02176,Lobna Fathy,Female,1988-10-03,01222120516 ,lobna.fathy29@gmail.com,Aswan,Upper Egypt,Silver,2021-02-02
CUS02674,Karim Lotfy,Male,2002-06-02, 01198463964,karim.lotfy97@yahoo.com,Cairo,Greater Cairo,Silver,2021-06-10
CUS01548,Mona Fathy,Female,1997-12-20, 01081001456,mona.fathy15@hotmail.com,Alexandria,Alexandria,Silver,2021-11-18
CUS00298,Suzy Farouk,female,01/09/1973, 01187363548,suzy.farouk61@gmail.com,Cairo,Greater Cairo,Bronze,2023-10-21
CUS01597,Hany Gouda,Male,1996-03-10,01064427645 ,hany.gouda47@hotmail.com,Cairo,Greater Cairo,Bronze,2021-01-08
CUS01749,Hana Wahba,Female,1975-04-02,01048923027,hana.wahba78@gmail.com,Hurghada,Red Sea,Silver,2020-10-13
CUS00959,Ghada Salem,Female,1996-09-02,01146642579,ghada.salem76@yahoo.com,Cairo,Greater Cairo,Silver,2022-05-18
CUS01886,Samir Hafez,Male,1993-10-10,01251679917,samir.hafez93@gmail.com,Alexandria,Alexandria,Bronze,2023-07-05
CUS01265,Tarek Wahba,Male,15/07/1980,01128484479 ,tarek.wahba21@gmail.com,Cairo,Greater Cairo,Bronze,2020-04-23
CUS00350,Manar Zaki,FEMALE,01/10/1990,01214323017,manar.zaki81@outlook.com,Mansoura,Nile Delta,Bronze,2023-04-13
CUS01303,Ibrahim Ramadan,Male,1974-08-01,01111762000,ibrahim.ramadan52@gmail.com,Cairo,Greater Cairo,Silver,2022-02-08
CUS00644,Heba Younis,FEMALE,08/06/1975, 01115472438,,Giza,Greater Cairo,Bronze,2021-12-08
CUS01106,Eman Sayed,Female,1983-03-09,01142238832,eman.sayed79@hotmail.com,Cairo,Greater Cairo,Bronze,2020-11-05
CUS01208,Rana Mohamed,Female,23/12/1983,01281881946,,Giza,Greater Cairo,Silver,2021-06-10
CUS01996,Hana Abdallah,Female,1993-01-21, 01088448668,hana.abdallah34@hotmail.com,Mansoura,Nile Delta,Silver,2021-08-18
CUS01299,Salma Ramadan,Female,1997-05-27,01018911205 ,salma.ramadan98@outlook.com,Mansoura,Nile Delta,Silver,2021-02-12
CUS02012,Hussein Fathy,MALE,1994-05-22,01049714236,hussein.fathy55@outlook.com,Cairo,Greater Cairo,Bronze,2023-05-02
CUS01777,Adel Mansour,Male,1989-08-07,01299994804,adel.mansour91@yahoo.com,Tanta,Nile Delta,Silver,2021-08-24
CUS01103,Ola Wahba,Female,1984-12-08, 01064318314,ola.wahba30@gmail.com,Suez,Canal Zone,Gold,2020-10-04
CUS02413,Tarek Hamdy,Male,1999-07-04,01293903804 ,tarek.hamdy63@yahoo.com,Alexandria,Alexandria,Bronze,2020-10-24
CUS01457,Manar Farouk,Female,19/06/1975,01029457121,,Tanta,Nile Delta,Bronze,2021-08-02
CUS02149,Amira Ragab,Female,2001-08-02,01144982485 ,,Alexandria,Alexandria,Bronze,2022-12-20
CUS00787,Hazem Amin,Male,22/01/1996,01246683639,hazem.amin31@gmail.com,Alexandria,Alexandria,Silver,2023-04-20
CUS02739,Salma Barakat,Female,1978-01-27,01089837128 ,salma.barakat57@outlook.com,Ismailia,Canal Zone,Bronze,2023-08-28
CUS00141,Adel Ismail,MALE,1993-01-28,01239231043,,Ismailia,Canal Zone,Bronze,2022-10-04
CUS00789,Manar Ismail,Female,05/12/1986,01234744102,manar.ismail92@gmail.com,Alexandria,Alexandria,Bronze,2021-04-24
CUS01615,Hoda Gamal,Female,1975-09-27,01257408537,hoda.gamal5@outlook.com,Giza,Greater Cairo,Silver,2022-07-25
CUS02068,Fatima Hassan,Female,1970-12-04,01288092454,fatima.hassan44@yahoo.com,Cairo,Greater Cairo,Bronze,2021-05-28
CUS00715,Yasmin Hafez,Female,1980-10-05,  01063197220  ,yasmin.hafez6@gmail.com,Giza,Greater Cairo,Silver,2020-05-18
CUS01376,Hany Hamdy,Male,16/03/1974, 01047533969,hany.hamdy63@hotmail.com,Luxor,Upper Egypt,Bronze,2023-06-25
CUS01608,Nour Saad,Female,1979-03-21,01250151738,nour.saad21@hotmail.com,Hurghada,Red Sea,Bronze,2022-02-05
CUS01745,Lobna Hassan,Female,1981-10-07, 01141346763,lobna.hassan12@yahoo.com,Giza,Greater Cairo,Bronze,2020-09-02
CUS02635,Adel Bakr,male,1986-11-15,01094044402,adel.bakr57@hotmail.com,Tanta,Nile Delta,Platinum,2022-12-17
CUS00619,Hazem Hamdy,Male,2000-05-17,  01071331294  ,hazem.hamdy13@hotmail.com,Hurghada,Red Sea,Bronze,2022-05-27
CUS00407,Walid Nasser,Male,1989-11-17,01072150455,,Giza,Greater Cairo,Bronze,2023-06-10
CUS02483,Ayman Mansour,Male,1977-05-23,  01195425274  ,ayman.mansour43@yahoo.com,Port Said,Canal Zone,Gold,2023-04-27
CUS02108,Radwa Bakr,Female,1980-04-26,01263339265,radwa.bakr79@gmail.com,Suez,Canal Zone,Bronze,2021-01-27
CUS01125,Ahmed Ibrahim,male,1993-04-11,01047276838 ,ahmed.ibrahim78@hotmail.com,Mansoura,Nile Delta,Bronze,2022-10-23
CUS01193,Khaled Ismail,Male,1976-07-12,  01148615169  ,khaled.ismail85@outlook.com,Giza,Greater Cairo,Gold,2022-08-14
CUS01966,Mohamed Amin,Male,1996-05-18,01122439236,mohamed.amin39@gmail.com,Alexandria,Alexandria,Bronze,2022-01-18
CUS00498,Engy Ali,Female,1992-03-15, 01271518719,engy.ali65@yahoo.com,Cairo,Greater Cairo,Bronze,2022-12-17
CUS00343,Eman Abdallah,Female,2002-10-16,01020926356,eman.abdallah50@hotmail.com,Cairo,Greater Cairo,Bronze,2023-09-15
CUS01917,Wael Farouk,Male,1996-04-25, 01010874185,wael.farouk60@gmail.com,Suez,Canal Zone,Silver,2020-10-27
CUS02304,Tarek Gamal,male,19/01/1974, 01257187231,tarek.gamal19@outlook.com,Giza,Greater Cairo,Bronze,2022-01-12
CUS00783,Omar Barakat,male,1993-02-16,01150241177 ,omar.barakat12@yahoo.com,Cairo,Greater Cairo,Bronze,2020-06-04
CUS02033,Radwa Ramadan,Female,1985-11-07,01287197710 ,radwa.ramadan9@outlook.com,Alexandria,Alexandria,Bronze,2021-06-22
CUS00304,Tarek Hafez,Male,1978-02-28,01068936139,tarek.hafez61@hotmail.com,Mansoura,Nile Delta,Bronze,2022-09-06
CUS01732,Khaled Badawi,MALE,2001-11-23, 01017507424,khaled.badawi61@yahoo.com,Mansoura,Nile Delta,Bronze,2020-03-25
CUS00665,Hassan Ibrahim,Male,1985-07-20,01168801935,hassan.ibrahim65@yahoo.com,Cairo,Greater Cairo,Bronze,2021-12-11
CUS01836,Hazem Badawi,Male,1975-12-22,01017464593,hazem.badawi28@outlook.com,Mansoura,Nile Delta,Bronze,2022-10-07
CUS01881,Maged Ragab,Male,2003-09-22, 01220638875,,Tanta,Nile Delta,Silver,2020-10-14
CUS02763,Mariam Ibrahim,Female,1975-10-27,01045749728 ,mariam.ibrahim44@gmail.com,Mansoura,Nile Delta,Bronze,2023-10-22
CUS02749,Salma Saad,Female,01/04/1987,01088249308,salma.saad41@hotmail.com,Aswan,Upper Egypt,Bronze,2022-03-26
CUS00085,Walid Nasser,male,1999-04-23,01124464073,walid.nasser16@outlook.com,Giza,Greater Cairo,Platinum,2023-11-19
CUS02249,Nader Ibrahim,MALE,1981-11-07,01137604821,nader.ibrahim48@outlook.com,Alexandria,Alexandria,Bronze,2023-08-15
CUS00942,Mariam Ismail,Female,1990-05-14,01252465445,mariam.ismail99@gmail.com,Alexandria,Alexandria,Bronze,2023-07-06
CUS00962,Shaimaa Mohamed,Female,1976-04-04,01023437484,shaimaa.mohamed88@gmail.com,Mansoura,Nile Delta,Bronze,2021-06-26
CUS00842,Fady Ahmed,Male,25/07/1999,01094495057,fady.ahmed81@yahoo.com,Mansoura,Nile Delta,Bronze,2020-12-12
CUS01392,Doha Mohamed,Female,1991-09-07, 01135446515,doha.mohamed42@outlook.com,Cairo,Greater Cairo,Bronze,2021-09-12
CUS02416,Aisha Mahmoud,Female,1981-11-25,01055934951,aisha.mahmoud13@gmail.com,Ismailia,Canal Zone,Bronze,2020-03-12
CUS02243,Akram Ramadan,Male,1983-12-14,01220526520,akram.ramadan82@hotmail.com,Alexandria,Alexandria,Bronze,2021-12-03
CUS02783,Tarek Lotfy,Male,06/04/1999,01083598596,tarek.lotfy40@gmail.com,Ismailia,Canal Zone,Bronze,2022-04-10
CUS00291,Maged Farouk,Male,1979-08-17,01296869121,maged.farouk62@hotmail.com,Cairo,Greater Cairo,Gold,2021-03-22
CUS01869,Ibrahim Khalil,Male,1981-04-24,01122730930,ibrahim.khalil33@hotmail.com,Cairo,Greater Cairo,Silver,2022-11-04
CUS02214,Radwa Lotfy,Female,1998-07-13,01148451635,radwa.lotfy21@gmail.com,Ismailia,Canal Zone,Bronze,2023-10-09
CUS00605,Akram Gouda,MALE,1976-11-10,01238224904,akram.gouda22@yahoo.com,Cairo,Greater Cairo,Platinum,2021-06-17
CUS02687,Amira Ramadan,Female,1981-10-05,01153117599,amira.ramadan59@yahoo.com,Cairo,Greater Cairo,Bronze,2021-12-10
CUS00917,Sara Barakat,Female,1978-12-09,01282241369,sara.barakat94@gmail.com,Giza,Greater Cairo,Silver,2023-08-27
CUS02751,Noha Fathy,Female,1980-05-15,  01123904902  ,noha.fathy69@gmail.com,Giza,Greater Cairo,Gold,2022-07-04
CUS02835,Tamer Sayed,Male,1981-11-10,  01096665527  ,tamer.sayed66@gmail.com,Giza,Greater Cairo,Bronze,2020-04-09
CUS01089,Walid Barakat,MALE,1976-02-06,01239210851,walid.barakat69@gmail.com,Sharm El Sheikh,South Sinai,Silver,2020-10-08
CUS02234,Mona Khalil,Female,1978-09-01,01070981857,mona.khalil38@hotmail.com,Luxor,Upper Egypt,Bronze,2020-03-24
CUS01352,Hossam Ali,male,1999-09-08,01027129638,hossam.ali14@hotmail.com,Alexandria,Alexandria,Bronze,2022-04-10
CUS00822,Ibrahim Ahmed,Male,1982-04-19,01094674420,ibrahim.ahmed29@gmail.com,Cairo,Greater Cairo,Bronze,2023-01-24
CUS02508,Sara Mansour,Female,26/11/1979,01098444685,sara.mansour96@hotmail.com,Giza,Greater Cairo,Silver,2021-11-16
CUS01001,Rania Ramadan,female,10/10/1971,01086995914,rania.ramadan68@gmail.com,Cairo,Greater Cairo,Bronze,2023-03-02
CUS02872,Hussein Attia,male,1994-07-14,01293616696,hussein.attia21@gmail.com,Port Said,Canal Zone,Bronze,2021-04-10
CUS00019,Tarek Khalil,male,1973-07-21,01141426254 ,tarek.khalil10@yahoo.com,Giza,Greater Cairo,Bronze,2021-09-22
CUS02998,Doha Mahmoud,Female,06/07/1995, 01122335410,doha.mahmoud89@outlook.com,Giza,Greater Cairo,Silver,2023-03-27
CUS01270,Hossam Zaki,Male,1981-11-06,01163377272,,Giza,Greater Cairo,Bronze,2021-03-07
CUS01714,Osama Rizk,MALE,1991-01-19,01287518631,osama.rizk41@yahoo.com,Giza,Greater Cairo,Bronze,2023-12-19
CUS01310,Ola Lotfy,Female,1991-06-19,  01095813283  ,ola.lotfy12@hotmail.com,Aswan,Upper Egypt,Gold,2020-01-07
CUS01609,Mahmoud Fathy,Male,19/02/2003,01043482786,mahmoud.fathy45@yahoo.com,Cairo,Greater Cairo,Gold,2022-10-09
CUS02855,Hany Saad,Male,1996-02-12, 01215604302,,Cairo,Greater Cairo,Bronze,2021-10-05
CUS01913,Radwa Fathy,female,1972-07-19,01052843211,radwa.fathy90@gmail.com,Sharm El Sheikh,South Sinai,Silver,2023-08-28
CUS02054,Noha Abdallah,Female,1990-02-24,01155434240 ,noha.abdallah26@outlook.com,Port Said,Canal Zone,Bronze,2021-04-16
CUS01423,Shaimaa Shaaban,Female,22/07/1993,  01144321106  ,shaimaa.shaaban47@hotmail.com,Cairo,Greater Cairo,Bronze,2022-06-08
CUS02036,Suzy Ibrahim,Female,26/11/1973,01251984383,suzy.ibrahim25@outlook.com,Giza,Greater Cairo,Bronze,2021-02-05
CUS00361,Karim Ibrahim,male,1984-02-26,01232532859,karim.ibrahim42@yahoo.com,Giza,Greater Cairo,Gold,2021-09-13
CUS02601,Dalia Nasser,Female,1998-03-11, 01010142112,dalia.nasser98@hotmail.com,Mansoura,Nile Delta,Bronze,2022-03-18
CUS01883,Khaled Rizk,Male,1988-07-23, 01115512465,khaled.rizk77@hotmail.com,Mansoura,Nile Delta,Silver,2022-06-20
CUS01158,Reham Bakr,FEMALE,1999-11-06,  01116685457  ,reham.bakr88@outlook.com,Suez,Canal Zone,Silver,2021-08-06
CUS02276,Hoda Bakr,Female,1971-10-13,  01077614749  ,hoda.bakr68@outlook.com,Mansoura,Nile Delta,Silver,2023-11-11
CUS01638,Omar Ali,male,1992-08-13,01021756011,omar.ali52@hotmail.com,Cairo,Greater Cairo,Bronze,2022-07-26
CUS00345,Rana Hamdy,Female,1986-09-03, 01021278067,,Giza,Greater Cairo,Bronze,2022-07-15
CUS00987,Amira Farouk,FEMALE,1996-06-01,01196868831,amira.farouk50@yahoo.com,Tanta,Nile Delta,Bronze,2023-02-03
CUS01323,Ola Amin,Female,1997-08-21,01273559266,ola.amin71@hotmail.com,Luxor,Upper Egypt,Gold,2021-10-16
CUS01790,Ibrahim Wahba,Male,1983-09-09,01163502363,ibrahim.wahba71@gmail.com,Alexandria,Alexandria,Bronze,2022-08-08
CUS02324,Amr Lotfy,Male,1973-11-19,01020369912,amr.lotfy30@yahoo.com,Giza,Greater Cairo,Bronze,2020-07-04
CUS02237,Heba Mahmoud,FEMALE,1973-05-01,01240931972,heba.mahmoud51@gmail.com,Suez,Canal Zone,Bronze,2020-11-18
CUS02704,Emad Nasser,MALE,1974-01-26,01159723427,emad.nasser59@hotmail.com,Cairo,Greater Cairo,Bronze,2020-07-14
CUS02710,Eman Ahmed,Female,20/10/1971,  01277789197  ,eman.ahmed91@gmail.com,Giza,Greater Cairo,Gold,2021-11-23
CUS00086,Hossam Hassan,Male,2003-12-02,01268090825,hossam.hassan23@yahoo.com,Giza,Greater Cairo,Silver,2021-02-13
CUS02099,Samah Badawi,Female,2002-05-06,01018275089,samah.badawi33@outlook.com,Hurghada,Red Sea,Bronze,2020-11-16
CUS00669,Essam Lotfy,MALE,1988-11-20,01170353847,essam.lotfy82@outlook.com,Cairo,Greater Cairo,Silver,2023-03-15
CUS01015,Dalia Hafez,Female,20/09/2003,01197073528,dalia.hafez81@hotmail.com,Tanta,Nile Delta,Bronze,2021-02-20
CUS00129,Osama Gamal,Male,1971-07-04,  01191279039  ,osama.gamal37@hotmail.com,Cairo,Greater Cairo,Bronze,2022-11-17
CUS01952,Manar Mansour,Female,1995-08-27, 01094521185,manar.mansour32@hotmail.com,Cairo,Greater Cairo,Bronze,2021-04-18
CUS01207,Suzy Mostafa,FEMALE,1979-07-23,01137390284,suzy.mostafa1@outlook.com,Tanta,Nile Delta,Bronze,2022-10-09
CUS00892,Samir Barakat,Male,1976-06-11,01131286722,samir.barakat91@hotmail.com,Luxor,Upper Egypt,Bronze,2020-04-02
CUS01898,Samah Nasser,Female,1991-04-03,01154329591,samah.nasser36@gmail.com,Cairo,Greater Cairo,Silver,2021-11-13
CUS00308,Dina Ali,Female,1991-07-24,01226912191,dina.ali40@hotmail.com,Giza,Greater Cairo,Gold,2021-01-01
CUS00384,Nader Farouk,Male,11/11/1974,01161224263,nader.farouk30@yahoo.com,Luxor,Upper Egypt,Bronze,2022-02-10
CUS01912,Ali Amin,Male,1995-11-16,  01217709878  ,,Luxor,Upper Egypt,Gold,2022-12-28
CUS01379,Hany Bakr,Male,15/10/1971, 01238925378,,Giza,Greater Cairo,Gold,2020-05-14
CUS00427,Ahmed Hassan,Male,1976-09-24, 01121403835,ahmed.hassan21@hotmail.com,Giza,Greater Cairo,Bronze,2022-08-05
CUS00495,Ahmed Salem,male,1977-09-04,  01037419830  ,ahmed.salem16@hotmail.com,Alexandria,Alexandria,Gold,2023-08-06
CUS02053,Zeinab Bakr,Female,1996-01-02,01240691047,zeinab.bakr51@hotmail.com,Cairo,Greater Cairo,Bronze,2022-11-05
CUS02471,Youssef Shaaban,Male,1979-12-20,01023503483 ,youssef.shaaban74@hotmail.com,Cairo,Greater Cairo,Bronze,2021-08-10
CUS02233,Ashraf Amin,male,1975-03-16,01140963485,ashraf.amin91@hotmail.com,Suez,Canal Zone,Gold,2022-11-16
CUS01314,Magdy Fathy,Male,1997-07-04,  01236081078  ,,Aswan,Upper Egypt,Silver,2020-12-23
CUS01360,Samir Mansour,Male,1985-12-05, 01133368501,samir.mansour59@yahoo.com,Alexandria,Alexandria,Bronze,2022-02-24
CUS00276,Mariam Hassan,female,1995-04-21,01152107027,mariam.hassan99@yahoo.com,Alexandria,Alexandria,Bronze,2023-06-15
CUS00490,Walid Sayed,Male,1986-05-20,01133260196,walid.sayed88@yahoo.com,Suez,Canal Zone,Silver,2022-03-14
CUS01585,Hazem Hassan,MALE,2000-01-01,01120546948,hazem.hassan11@yahoo.com,Ismailia,Canal Zone,Bronze,2020-03-22
CUS00691,Walid Khalil,Male,1989-09-09,01035494128,walid.khalil21@outlook.com,Giza,Greater Cairo,Bronze,2020-06-04
CUS01377,Ashraf Rizk,MALE,17/08/2003,01189011369 ,ashraf.rizk91@hotmail.com,Giza,Greater Cairo,Bronze,2020-01-10
CUS01205,Fady Mohamed,male,1989-10-05,01025830744,fady.mohamed98@gmail.com,Alexandria,Alexandria,Bronze,2023-11-24
CUS02989,Hana Abdallah,Female,17/11/2001,01162678062,hana.abdallah74@hotmail.com,Tanta,Nile Delta,Bronze,2021-01-01
CUS02241,Dalia Hafez,Female,1985-06-22, 01289733241,dalia.hafez90@yahoo.com,Hurghada,Red Sea,Bronze,2021-09-11
CUS02115,Ashraf Hafez,Male,1999-07-10, 01156787483,ashraf.hafez65@gmail.com,Mansoura,Nile Delta,Bronze,2022-12-09
CUS01059,Adel Sayed,MALE,07/02/1970,01099096950,adel.sayed20@gmail.com,Alexandria,Alexandria,Bronze,2021-06-06
CUS00119,Rana Mahmoud,FEMALE,1987-07-12,01263035211 ,rana.mahmoud12@hotmail.com,Suez,Canal Zone,Bronze,2022-06-27
CUS01025,Amr Mostafa,Male,2000-01-16,01150447664,amr.mostafa53@hotmail.com,Port Said,Canal Zone,Silver,2022-08-26
CUS02420,Dalia Nasser,Female,2001-02-27,01236855559,,Giza,Greater Cairo,Bronze,2020-11-01
CUS00282,Mona Hassan,Female,1986-09-20,01150601849,mona.hassan6@yahoo.com,Giza,Greater Cairo,Bronze,2022-03-17
CUS01566,Hassan Gouda,Male,1989-06-09, 01187028916,,Giza,Greater Cairo,Bronze,2021-12-03
CUS02373,Essam Lotfy,MALE,1982-02-21,01040695523,essam.lotfy52@outlook.com,Tanta,Nile Delta,Bronze,2020-03-12
CUS00969,Nour Ibrahim,Female,1994-12-15,  01145268115  ,nour.ibrahim35@yahoo.com,Alexandria,Alexandria,Silver,2021-11-07
CUS01209,Aisha Mostafa,Female,25/06/1988,01291939357,aisha.mostafa9@hotmail.com,Cairo,Greater Cairo,Bronze,2023-04-01
CUS01240,Hoda Ali,Female,1980-01-22,01225768498,hoda.ali89@hotmail.com,Cairo,Greater Cairo,Bronze,2021-02-03
CUS02487,Omar Salem,Male,1979-10-28,  01239392062  ,omar.salem92@outlook.com,Alexandria,Alexandria,Silver,2023-10-18
CUS02025,Eman Mostafa,Female,1999-11-23,  01162423804  ,eman.mostafa74@gmail.com,Giza,Greater Cairo,Gold,2020-07-22
CUS00305,Ashraf Hamdy,male,1985-03-25,01266602596,ashraf.hamdy59@hotmail.com,Zagazig,Nile Delta,Silver,2020-08-05
CUS01923,Fady Ramadan,Male,1979-11-24,  01070420361  ,,Mansoura,Nile Delta,Bronze,2021-11-22
CUS01422,Ayman Abdallah,Male,1986-12-26,01270563375 ,ayman.abdallah4@hotmail.com,Alexandria,Alexandria,Gold,2023-12-03
CUS01581,Yasmin Barakat,Female,1970-06-08,01165055720,yasmin.barakat4@outlook.com,Cairo,Greater Cairo,Silver,2023-09-17
CUS02275,Hoda Sayed,Female,1978-04-20,01043146793,hoda.sayed44@yahoo.com,Port Said,Canal Zone,Bronze,2021-06-26
CUS02067,Ayman Gouda,Male,27/01/1981,01034552779,ayman.gouda13@outlook.com,Cairo,Greater Cairo,Bronze,2023-11-11
CUS00576,Samah Attia,female,1970-08-21,01263915716 ,samah.attia15@outlook.com,Port Said,Canal Zone,Bronze,2022-08-23
CUS01950,Heba Ragab,Female,1989-05-23,  01287405259  ,heba.ragab93@gmail.com,Giza,Greater Cairo,Bronze,2020-02-04
CUS02616,Eman Attia,Female,1997-12-11,01294529590 ,,Cairo,Greater Cairo,Bronze,2021-12-08
CUS02668,Adel Hafez,Male,25/09/1993,01166835720,,Mansoura,Nile Delta,Bronze,2021-07-17
CUS02919,Hany Gamal,Male,1988-03-27,  01069185750  ,hany.gamal50@yahoo.com,Giza,Greater Cairo,Bronze,2021-07-23
CUS01242,Mona Younis,FEMALE,22/11/1999,  01029695117  ,mona.younis61@outlook.com,Hurghada,Red Sea,Bronze,2022-06-23
CUS00844,Dina Fathy,Female,2000-07-02,01085889571,dina.fathy51@hotmail.com,Ismailia,Canal Zone,Bronze,2020-04-07
CUS02937,Tamer Hamdy,Male,13/10/1977,01128135309,tamer.hamdy50@gmail.com,Hurghada,Red Sea,Bronze,2023-08-05
CUS00270,Adel Ibrahim,Male,22/06/1996,01222120705 ,adel.ibrahim74@gmail.com,Giza,Greater Cairo,Bronze,2022-08-03
CUS00630,Tamer Barakat,Male,26/01/2003,01258674884,tamer.barakat21@gmail.com,Cairo,Greater Cairo,Gold,2021-11-21
CUS01034,Osama Ragab,Male,1999-08-03,01226489417,osama.ragab2@outlook.com,Cairo,Greater Cairo,Bronze,2023-03-25
CUS00287,Samir Mostafa,male,19/06/1995,  01053424580  ,samir.mostafa59@hotmail.com,Alexandria,Alexandria,Silver,2020-06-02
CUS02247,Mahmoud Shaaban,male,1998-02-21,01211881759,mahmoud.shaaban46@outlook.com,Cairo,Greater Cairo,Silver,2021-05-06
CUS00301,Mohamed Gamal,Male,1986-06-22,01033449822,,Cairo,Greater Cairo,Bronze,2023-02-20
CUS01954,Hossam Fathy,Male,02/02/1978, 01197280272,,Zagazig,Nile Delta,Bronze,2021-04-23
CUS01890,Hana Nasser,female,16/11/1993,01265648320 ,hana.nasser98@gmail.com,Sharm El Sheikh,South Sinai,Bronze,2022-12-19
CUS01378,Ahmed Ragab,Male,1978-10-14,01161415792,ahmed.ragab7@outlook.com,Alexandria,Alexandria,Silver,2021-08-14
CUS00066,Noha Younis,Female,05/08/1976,01244715663,noha.younis43@gmail.com,Alexandria,Alexandria,Silver,2021-06-08
CUS02777,Karim Rizk,Male,1971-12-19,  01197755635  ,karim.rizk71@gmail.com,Cairo,Greater Cairo,Silver,2021-12-28
CUS00891,Hoda Farouk,Female,2001-05-02,01090405385,,Zagazig,Nile Delta,Bronze,2023-10-01
CUS01560,Tamer Ali,Male,1988-09-17,01262982698,tamer.ali74@yahoo.com,Suez,Canal Zone,Silver,2020-04-27
CUS01845,Sherif Wahba,Male,1996-09-06,01184570966,sherif.wahba28@yahoo.com,Port Said,Canal Zone,Silver,2021-01-10
CUS01808,Ibrahim Mahmoud,male,1997-02-06,01025541386,ibrahim.mahmoud88@outlook.com,Cairo,Greater Cairo,Silver,2022-06-18
CUS01382,Yasmin Amin,Female,1982-08-21,01230946019,yasmin.amin9@outlook.com,Giza,Greater Cairo,Silver,2023-07-25
CUS00231,Ali Ibrahim,male,1993-06-15,01177303492,ali.ibrahim69@hotmail.com,Hurghada,Red Sea,Silver,2023-10-12
CUS00504,Amr Barakat,Male,2001-04-27,01086553774,amr.barakat18@gmail.com,Aswan,Upper Egypt,Bronze,2023-07-21
CUS01271,Hoda Ahmed,female,1991-11-18,01119045273 ,hoda.ahmed26@hotmail.com,Tanta,Nile Delta,Bronze,2022-07-10
CUS02186,Sara Farouk,Female,1988-04-02,01032651348 ,sara.farouk51@yahoo.com,Port Said,Canal Zone,Silver,2021-09-08
CUS01513,Samah Lotfy,FEMALE,1975-01-02,01280657083,samah.lotfy16@outlook.com,Port Said,Canal Zone,Silver,2021-07-27
CUS01290,Rana Shaaban,FEMALE,1983-09-09,01278682759 ,rana.shaaban3@outlook.com,Cairo,Greater Cairo,Bronze,2023-02-05
CUS01005,Ibrahim Wahba,male,1980-04-13,  01023243302  ,ibrahim.wahba71@yahoo.com,Hurghada,Red Sea,Platinum,2021-12-03
CUS00837,Aisha Younis,Female,1970-06-14,01225811556,aisha.younis4@yahoo.com,Suez,Canal Zone,Bronze,2023-10-25
CUS01613,Radwa Mohamed,female,2002-01-24,  01215092490  ,radwa.mohamed94@gmail.com,Alexandria,Alexandria,Silver,2020-12-07
CUS00375,Manar Zaki,Female,1970-03-27,  01110211873  ,manar.zaki37@outlook.com,Cairo,Greater Cairo,Bronze,2021-03-12
CUS01506,Neveen Khalil,Female,1977-08-18, 01254005745,neveen.khalil67@hotmail.com,Giza,Greater Cairo,Platinum,2020-03-18
CUS02529,Ahmed Sayed,Male,1994-06-04,01280102161,,Cairo,Greater Cairo,Bronze,2020-08-25
CUS01865,Ayman Saad,Male,1995-07-24, 01043237682,ayman.saad74@outlook.com,Ismailia,Canal Zone,Silver,2022-02-11
CUS02462,Omar Mohamed,Male,1972-10-19, 01185032591,omar.mohamed73@yahoo.com,Suez,Canal Zone,Bronze,2020-07-21
CUS02107,Lobna Ragab,Female,1999-10-28,  01216895902  ,lobna.ragab21@outlook.com,Luxor,Upper Egypt,Silver,2021-10-09
CUS00752,Hossam Ismail,Male,1971-04-14,01229752845 ,hossam.ismail39@outlook.com,Port Said,Canal Zone,Gold,2021-03-01
CUS00100,Neveen Hassan,Female,02/02/1979,01086868988,neveen.hassan96@hotmail.com,Cairo,Greater Cairo,Gold,2021-07-21
CUS02925,Youssef Ahmed,Male,1989-04-13,01232491709,youssef.ahmed64@hotmail.com,Giza,Greater Cairo,Silver,2020-12-15
CUS00867,Radwa Ragab,Female,1973-06-28,01277973150 ,radwa.ragab22@yahoo.com,Cairo,Greater Cairo,Silver,2023-12-11
CUS00911,Manar Mansour,Female,1988-11-02,01266590557,manar.mansour32@hotmail.com,Alexandria,Alexandria,Bronze,2023-01-09
CUS01386,Ali Mostafa,male,1982-03-09,01259605688,ali.mostafa7@gmail.com,Giza,Greater Cairo,Bronze,2020-02-11
CUS00530,Akram Barakat,MALE,2002-07-10, 01161548700,akram.barakat95@yahoo.com,Luxor,Upper Egypt,Silver,2023-09-09
CUS00637,Hossam Farouk,Male,1997-11-09,01075479724,hossam.farouk86@outlook.com,Alexandria,Alexandria,Silver,2020-10-04
CUS00186,Shaimaa Mohamed,Female,1989-11-07,  01136918105  ,shaimaa.mohamed16@hotmail.com,Mansoura,Nile Delta,Bronze,2021-03-09
CUS02120,Rana Gamal,Female,1980-11-02,01040721069,rana.gamal59@outlook.com,Suez,Canal Zone,Silver,2020-03-12
CUS02608,Mahmoud Abdallah,Male,11/08/1972,  01227028687  ,mahmoud.abdallah60@hotmail.com,Cairo,Greater Cairo,Silver,2021-10-01
CUS00932,Samah Khalil,female,12/08/1974,01211693235,samah.khalil50@yahoo.com,Aswan,Upper Egypt,Silver,2020-05-11
CUS01447,Amr Ibrahim,male,1973-06-04, 01042825252,amr.ibrahim1@gmail.com,Tanta,Nile Delta,Silver,2021-09-22
CUS02333,Mohamed Lotfy,male,1976-04-21,  01025214279  ,mohamed.lotfy12@gmail.com,Mansoura,Nile Delta,Gold,2023-03-01
CUS01463,Nour Shaaban,Female,2003-03-23,01025277822,,Cairo,Greater Cairo,Silver,2023-06-07
CUS02439,Rana Hamdy,Female,1980-09-22, 01160658162,rana.hamdy87@outlook.com,Alexandria,Alexandria,Bronze,2021-03-21
CUS02104,Aisha Fathy,Female,1990-02-26,  01021686682  ,aisha.fathy18@outlook.com,Tanta,Nile Delta,Gold,2022-11-10
CUS00608,Doha Ismail,FEMALE,1983-10-17,  01146770694  ,doha.ismail93@outlook.com,Giza,Greater Cairo,Silver,2020-11-13
CUS01408,Fatima Mahmoud,Female,1973-01-24,  01089098923  ,,Hurghada,Red Sea,Silver,2023-09-04
CUS00152,Adel Hassan,Male,07/04/1989,01112912708,adel.hassan66@yahoo.com,Cairo,Greater Cairo,Bronze,2020-01-15
CUS02011,Nader Sayed,Male,25/05/1977,  01228029931  ,nader.sayed35@hotmail.com,Cairo,Greater Cairo,Bronze,2020-11-23
CUS02178,Samah Salem,Female,1980-10-12,01023970985,,Mansoura,Nile Delta,Bronze,2023-12-25
CUS00732,Ghada Zaki,Female,28/05/1990,01178644309,ghada.zaki72@yahoo.com,Aswan,Upper Egypt,Silver,2023-06-03
CUS01403,Hana Rizk,FEMALE,1999-06-20,01184666074,hana.rizk92@yahoo.com,Cairo,Greater Cairo,Silver,2022-08-03
CUS01673,Emad Ahmed,Male,1989-08-13,01055615554,,Luxor,Upper Egypt,Gold,2020-02-04
CUS02775,Hazem Barakat,Male,1979-06-25, 01295151238,hazem.barakat70@gmail.com,Alexandria,Alexandria,Bronze,2021-08-01
CUS00024,Zeinab Hamdy,female,1981-08-25,01012240013,zeinab.hamdy51@hotmail.com,Giza,Greater Cairo,Bronze,2023-07-23
CUS01737,Fady Saad,Male,1980-07-09,01075523712 ,fady.saad11@yahoo.com,Giza,Greater Cairo,Platinum,2020-04-28
CUS00159,Tarek Salem,Male,24/02/1975,01042621391,tarek.salem2@hotmail.com,Cairo,Greater Cairo,Bronze,2020-05-15
CUS00862,Hossam Barakat,Male,1986-07-28,  01253537057  ,hossam.barakat34@yahoo.com,Giza,Greater Cairo,Silver,2020-04-10
CUS00903,Suzy Gouda,FEMALE,1987-04-08,01053260996 ,suzy.gouda76@hotmail.com,Cairo,Greater Cairo,Gold,2020-10-15
CUS01499,Engy Saad,Female,1995-07-03,01151126010,engy.saad83@outlook.com,Giza,Greater Cairo,Bronze,2023-11-01
CUS01231,Youssef Ibrahim,Male,2001-06-02,  01066243095  ,youssef.ibrahim19@hotmail.com,Suez,Canal Zone,Silver,2020-10-07
CUS02291,Mariam Abdallah,Female,2000-01-13,01293613691,mariam.abdallah40@yahoo.com,Mansoura,Nile Delta,Bronze,2022-07-21
CUS00445,Ola Mahmoud,Female,1974-03-23,01144620670,ola.mahmoud18@gmail.com,Aswan,Upper Egypt,Gold,2023-01-12
CUS02986,Ibrahim Fathy,Male,1982-11-24, 01017110750,ibrahim.fathy56@hotmail.com,Ismailia,Canal Zone,Bronze,2020-09-09
CUS00755,Ahmed Sayed,Male,1979-12-23,  01246186255  ,ahmed.sayed58@outlook.com,Cairo,Greater Cairo,Bronze,2022-10-15
CUS00924,Radwa Abdallah,Female,1985-06-09,01161171904,radwa.abdallah90@hotmail.com,Hurghada,Red Sea,Silver,2020-02-13
CUS02214,Radwa Lotfy,Female,1998-07-13,01148451635,radwa.lotfy21@gmail.com,Ismailia,Canal Zone,Bronze,2023-10-09
CUS02305,Ali Wahba,Male,1987-11-17,01011777607 ,ali.wahba40@gmail.com,Port Said,Canal Zone,Bronze,2021-11-20
CUS00312,Manar Rizk,Female,2001-11-14,01175705089,manar.rizk63@outlook.com,Cairo,Greater Cairo,Gold,2021-12-17
CUS00549,Ahmed Khalil,Male,2003-12-04,01036490232 ,ahmed.khalil22@outlook.com,Alexandria,Alexandria,Silver,2021-12-28
CUS02167,Karim Khalil,male,1987-11-24,  01072275316  ,karim.khalil99@yahoo.com,Mansoura,Nile Delta,Platinum,2023-10-15
CUS01764,Wael Lotfy,Male,28/05/2002,01077086297,wael.lotfy87@hotmail.com,Alexandria,Alexandria,Gold,2022-05-11
CUS00307,Shaimaa Bakr,female,1992-01-27,01180839007,shaimaa.bakr70@outlook.com,Alexandria,Alexandria,Silver,2022-11-13
CUS00288,Doha Abdallah,female,1983-01-26, 01247977444,doha.abdallah49@gmail.com,Alexandria,Alexandria,Bronze,2023-05-06
CUS00695,Tamer Bakr,Male,1975-09-16,01190879572,,Cairo,Greater Cairo,Silver,2023-04-26
CUS00309,Osama Amin,Male,1989-12-14,01224823261,osama.amin16@gmail.com,Hurghada,Red Sea,Silver,2020-08-10
CUS02358,Khaled Nasser,Male,1986-09-24,  01099541491  ,khaled.nasser73@yahoo.com,Cairo,Greater Cairo,Gold,2022-01-26
CUS00750,Mahmoud Ibrahim,Male,1994-03-01,01171843865,mahmoud.ibrahim93@outlook.com,Mansoura,Nile Delta,Bronze,2023-11-17
CUS01503,Maged Wahba,Male,1991-03-09,01150162276,maged.wahba34@hotmail.com,Cairo,Greater Cairo,Gold,2020-01-24
CUS02476,Essam Bakr,Male,1982-02-03,  01256696130  ,essam.bakr18@gmail.com,Luxor,Upper Egypt,Silver,2023-06-15
CUS00909,Hoda Ahmed,Female,1987-01-19,01140781126,hoda.ahmed55@gmail.com,Cairo,Greater Cairo,Bronze,2022-07-02
CUS02977,Khaled Fathy,Male,1997-03-26,01155994637,khaled.fathy12@yahoo.com,Aswan,Upper Egypt,Gold,2022-07-25
CUS02418,Sara Ramadan,Female,19/03/1996,01156603072,sara.ramadan7@yahoo.com,Cairo,Greater Cairo,Bronze,2022-04-28
CUS01345,Hany Ahmed,Male,1971-06-04,01294378401,hany.ahmed52@yahoo.com,Zagazig,Nile Delta,Silver,2022-06-25
CUS02535,Aisha Barakat,Female,1980-05-11,01096567401,aisha.barakat6@yahoo.com,Zagazig,Nile Delta,Bronze,2021-07-01
CUS00971,Doha Rizk,Female,1978-07-06,01124195922,doha.rizk85@yahoo.com,Mansoura,Nile Delta,Bronze,2021-04-10
CUS00014,Ramy Ramadan,Male,1980-10-05,01037775381,ramy.ramadan22@hotmail.com,Cairo,Greater Cairo,Bronze,2022-05-19
CUS00874,Maged Bakr,male,1986-12-12, 01294253102,maged.bakr5@hotmail.com,Giza,Greater Cairo,Silver,2021-10-03
CUS00809,Ghada Mohamed,Female,1972-01-25,01099238969,,Giza,Greater Cairo,Silver,2021-12-26
CUS02622,Hoda Abdallah,Female,1975-02-05,01124363661,hoda.abdallah13@outlook.com,Suez,Canal Zone,Gold,2023-07-08
CUS00515,Bassem Lotfy,Male,1998-01-08,  01060912405  ,bassem.lotfy70@hotmail.com,Cairo,Greater Cairo,Gold,2020-10-25
CUS02452,Radwa Ibrahim,female,1988-10-26,01086043270,,Ismailia,Canal Zone,Silver,2023-06-27
CUS00410,Samir Ali,MALE,1978-07-14,01254454724,samir.ali86@hotmail.com,Cairo,Greater Cairo,Silver,2020-07-16
CUS02283,Engy Mansour,FEMALE,1974-03-18,01052623801 ,,Alexandria,Alexandria,Gold,2021-08-28
CUS02297,Ramy Farouk,Male,1996-02-05,01164013875,ramy.farouk97@hotmail.com,Cairo,Greater Cairo,Silver,2023-12-21
CUS02410,Omar Ragab,Male,2002-02-10,01010748660 ,omar.ragab2@gmail.com,Giza,Greater Cairo,Gold,2023-09-03
CUS01287,Essam Mostafa,Male,1998-10-17,01213620505,essam.mostafa74@gmail.com,Cairo,Greater Cairo,Silver,2020-12-27
CUS01407,Tamer Fathy,Male,1977-07-21,01017653101,tamer.fathy54@yahoo.com,Aswan,Upper Egypt,Silver,2023-10-23
CUS01538,Adel Khalil,Male,1991-04-22,01067639002,adel.khalil98@yahoo.com,Tanta,Nile Delta,Bronze,2022-11-19
CUS00383,Hassan Sayed,Male,1997-12-01,01053822194,hassan.sayed61@gmail.com,Mansoura,Nile Delta,Silver,2021-09-21
CUS01645,Amira Gamal,Female,28/07/2003, 01198752010,amira.gamal50@outlook.com,Cairo,Greater Cairo,Bronze,2020-05-23
CUS02223,Mohamed Bakr,Male,2002-09-26,01291607781,mohamed.bakr6@gmail.com,Cairo,Greater Cairo,Bronze,2022-01-07
CUS02507,Reham Ragab,Female,1983-12-16,01041725009,reham.ragab68@gmail.com,Luxor,Upper Egypt,Bronze,2022-04-17
CUS02059,Ahmed Zaki,Male,14/09/1983,01231309629,,Mansoura,Nile Delta,Bronze,2022-06-19
CUS01420,Ahmed Ibrahim,MALE,2002-07-27,01214849141,,Port Said,Canal Zone,Bronze,2022-03-06
CUS00553,Shaimaa Hamdy,female,1995-05-18,01296114007,shaimaa.hamdy36@yahoo.com,Alexandria,Alexandria,Bronze,2022-10-04
CUS00223,Ashraf Ismail,Male,1994-04-03,01188529753,ashraf.ismail59@yahoo.com,Cairo,Greater Cairo,Bronze,2023-06-05
CUS01097,Zeinab Lotfy,female,11/01/1996,  01049592252  ,zeinab.lotfy91@outlook.com,Cairo,Greater Cairo,Silver,2020-01-04
CUS02642,Fady Badawi,Male,1978-09-01,01041944189,fady.badawi6@gmail.com,Cairo,Greater Cairo,Silver,2020-06-19
CUS00009,Hossam Barakat,Male,13/10/1990,01262686364,hossam.barakat87@hotmail.com,Mansoura,Nile Delta,Bronze,2020-11-05
CUS01546,Wael Younis,Male,1977-09-12,01252861321,wael.younis37@hotmail.com,Alexandria,Alexandria,Bronze,2023-01-04
CUS00317,Shaimaa Mostafa,Female,1975-04-20,01287424245,shaimaa.mostafa65@gmail.com,Giza,Greater Cairo,Bronze,2020-11-18
CUS00428,Emad Mostafa,Male,1971-01-04,  01249827566  ,,Suez,Canal Zone,Bronze,2021-01-08
CUS01398,Tamer Saad,Male,10/04/1979,01248959030,tamer.saad85@outlook.com,Cairo,Greater Cairo,Silver,2023-08-04
CUS00106,Tamer Gouda,Male,1992-01-08,  01141104946  ,tamer.gouda47@outlook.com,Cairo,Greater Cairo,Bronze,2023-08-02
CUS02015,Tamer Rizk,Male,1985-08-18,01046293441 ,tamer.rizk50@hotmail.com,Alexandria,Alexandria,Bronze,2020-09-27
CUS00143,Hussein Abdallah,Male,2001-04-11,01296522918,hussein.abdallah89@outlook.com,Alexandria,Alexandria,Bronze,2022-12-05
CUS00122,Osama Amin,Male,1988-02-13,  01255901507  ,osama.amin74@hotmail.com,Suez,Canal Zone,Gold,2021-12-22
CUS02409,Ali Gamal,Male,1972-02-11,01040511801 ,ali.gamal23@outlook.com,Ismailia,Canal Zone,Bronze,2022-10-15
CUS02913,Hassan Attia,Male,19/09/2001,01124326552 ,hassan.attia69@gmail.com,Zagazig,Nile Delta,Bronze,2020-06-09
CUS01190,Hassan Farouk,Male,1994-01-23,01066354268,hassan.farouk5@hotmail.com,Tanta,Nile Delta,Bronze,2023-05-13
CUS01981,Ayman Barakat,Male,2000-11-09,01218031842,ayman.barakat30@gmail.com,Cairo,Greater Cairo,Silver,2023-08-20
CUS02644,Yasmin Ahmed,Female,15/01/1982,01018242865,yasmin.ahmed95@yahoo.com,Mansoura,Nile Delta,Silver,2021-04-28
CUS01433,Mona Mahmoud,Female,1984-06-04,01073973063,mona.mahmoud97@yahoo.com,Alexandria,Alexandria,Gold,2023-12-02
CUS00116,Adel Gamal,Male,1995-12-05,01225983420,adel.gamal28@outlook.com,Luxor,Upper Egypt,Silver,2022-09-20
CUS02112,Bassem Gamal,male,07/11/1982,  01278127411  ,,Cairo,Greater Cairo,Platinum,2020-07-02
CUS01994,Osama Mohamed,Male,1999-03-28,01143994823,osama.mohamed12@outlook.com,Cairo,Greater Cairo,Platinum,2020-10-27
CUS02179,Ali Mansour,male,1994-01-10,  01189341174  ,ali.mansour26@gmail.com,Tanta,Nile Delta,Bronze,2023-03-10
CUS02845,Wael Mostafa,male,1998-06-11,01044963280 ,wael.mostafa70@hotmail.com,Alexandria,Alexandria,Gold,2020-04-20
CUS02997,Ghada Mohamed,female,2001-11-19,  01141667840  ,ghada.mohamed94@hotmail.com,Cairo,Greater Cairo,Gold,2023-02-20
CUS01671,Ibrahim Gamal,Male,1970-06-27,01097804827,ibrahim.gamal54@gmail.com,Giza,Greater Cairo,Gold,2021-02-11
CUS01875,Nader Salem,MALE,20/10/1997,01026669562,nader.salem17@outlook.com,Zagazig,Nile Delta,Bronze,2023-04-08
CUS00673,Zeinab Ahmed,Female,1982-04-11,01231034514,zeinab.ahmed4@yahoo.com,Cairo,Greater Cairo,Bronze,2023-10-22
CUS01813,Adel Salem,Male,1983-12-06,  01259075413  ,adel.salem11@yahoo.com,Cairo,Greater Cairo,Bronze,2021-04-27
CUS02755,Magdy Mahmoud,male,1987-09-22,01258225405,magdy.mahmoud23@yahoo.com,Suez,Canal Zone,Silver,2022-03-20
CUS00592,Hoda Lotfy,Female,1974-07-09,  01282120748  ,hoda.lotfy4@outlook.com,Mansoura,Nile Delta,Bronze,2023-12-02
CUS01469,Adel Hamdy,Male,1999-03-21,01114309791,adel.hamdy14@outlook.com,Luxor,Upper Egypt,Gold,2023-11-25
CUS00889,Fatima Nasser,female,1992-03-25,01288310524,fatima.nasser16@yahoo.com,Cairo,Greater Cairo,Gold,2022-04-14
CUS01832,Samah Salem,Female,14/03/1989,01172164834,samah.salem87@hotmail.com,Mansoura,Nile Delta,Bronze,2022-09-16
CUS01432,Samah Mansour,FEMALE,1992-02-23,01080272722 ,samah.mansour45@hotmail.com,Alexandria,Alexandria,Bronze,2022-06-03
CUS02821,Ghada Gouda,FEMALE,1994-02-16,01160246656,ghada.gouda47@yahoo.com,Port Said,Canal Zone,Bronze,2023-07-01
CUS00214,Magdy Ismail,Male,1978-01-07, 01089583788,magdy.ismail64@outlook.com,Cairo,Greater Cairo,Bronze,2020-01-11
CUS00779,Karim Gouda,Male,11/01/1992,  01168035954  ,karim.gouda25@outlook.com,Zagazig,Nile Delta,Gold,2020-12-08
CUS01744,Dalia Ismail,female,24/09/1971, 01228991345,dalia.ismail31@yahoo.com,Cairo,Greater Cairo,Platinum,2020-03-24
CUS00801,Emad Hassan,MALE,1997-12-12,01170714168,emad.hassan74@gmail.com,Tanta,Nile Delta,Gold,2022-04-06
CUS02796,Nader Ibrahim,male,1977-02-12,01183169150,nader.ibrahim64@gmail.com,Alexandria,Alexandria,Gold,2022-11-12
CUS01772,Mona Ahmed,female,1975-08-01,01184649979,mona.ahmed82@hotmail.com,Hurghada,Red Sea,Silver,2023-07-03
CUS02211,Youssef Badawi,male,1972-03-24, 01151877379,youssef.badawi74@gmail.com,Zagazig,Nile Delta,Platinum,2022-09-10
CUS02321,Reem Gouda,Female,21/06/1992,01259057227,reem.gouda70@outlook.com,Suez,Canal Zone,Gold,2022-01-01
CUS02707,Ibrahim Ali,Male,1995-02-21,  01153703517  ,ibrahim.ali41@hotmail.com,Cairo,Greater Cairo,Silver,2021-02-28
CUS02757,Amr Ibrahim,Male,1977-10-11,  01069675299  ,amr.ibrahim56@outlook.com,Alexandria,Alexandria,Platinum,2023-11-14
CUS00274,Reem Zaki,Female,1983-03-15,01252571763,,Suez,Canal Zone,Silver,2020-08-16
CUS00072,Ola Ismail,female,1980-07-01,01040107903,ola.ismail22@gmail.com,Cairo,Greater Cairo,Silver,2022-12-21
CUS01868,Sherif Hafez,MALE,1971-06-22,01234618684 ,sherif.hafez68@outlook.com,Cairo,Greater Cairo,Bronze,2022-07-25
CUS01088,Magdy Mahmoud,Male,11/01/1999, 01281017405,magdy.mahmoud35@yahoo.com,Cairo,Greater Cairo,Gold,2023-08-25
CUS00395,Doha Mostafa,Female,19/03/1972,  01097595925  ,,Giza,Greater Cairo,Bronze,2020-09-10
CUS00584,Bassem Gouda,MALE,11/06/1970,01156488499,bassem.gouda69@yahoo.com,Giza,Greater Cairo,Bronze,2023-05-13
CUS02051,Samir Lotfy,Male,26/11/1992,01265446571,samir.lotfy43@hotmail.com,Giza,Greater Cairo,Bronze,2023-12-07
CUS02267,Amira Gouda,FEMALE,1979-03-26,01267767878,amira.gouda45@gmail.com,Alexandria,Alexandria,Bronze,2021-04-16
CUS00501,Essam Bakr,MALE,26/12/1984,01024150817,essam.bakr54@gmail.com,Tanta,Nile Delta,Bronze,2020-10-09
CUS00899,Ramy Ibrahim,male,2003-04-27,  01073753876  ,ramy.ibrahim13@hotmail.com,Cairo,Greater Cairo,Bronze,2022-11-19
CUS02259,Essam Hassan,Male,1973-11-05, 01243190318,essam.hassan51@yahoo.com,Giza,Greater Cairo,Bronze,2023-05-14
CUS02855,Hany Saad,Male,1996-02-12, 01215604302,,Cairo,Greater Cairo,Bronze,2021-10-05
CUS02786,Nour Hamdy,Female,24/06/1975,01186848845,nour.hamdy44@gmail.com,Cairo,Greater Cairo,Silver,2022-10-12
CUS01539,Ayman Gamal,Male,1994-06-19,  01074613595  ,ayman.gamal91@yahoo.com,Cairo,Greater Cairo,Bronze,2022-04-25
CUS01260,Eman Younis,Female,1978-04-10,  01198562616  ,eman.younis87@outlook.com,Alexandria,Alexandria,Bronze,2022-06-28
CUS01682,Adel Saad,Male,1990-08-22, 01298509557,adel.saad6@outlook.com,Ismailia,Canal Zone,Bronze,2023-10-27
CUS01819,Tamer Ahmed,Male,1983-07-01,01226434846 ,tamer.ahmed72@gmail.com,Mansoura,Nile Delta,Silver,2022-05-24
CUS00206,Ghada Saad,Female,1987-02-09,01288406887 ,ghada.saad76@yahoo.com,Cairo,Greater Cairo,Platinum,2022-11-23
CUS00734,Ashraf Saad,Male,1986-10-14,  01298464398  ,ashraf.saad89@hotmail.com,Alexandria,Alexandria,Bronze,2021-11-22
CUS02842,Hoda Amin,Female,1994-08-03,01076861330,hoda.amin48@yahoo.com,Zagazig,Nile Delta,Bronze,2020-03-04
CUS00527,Osama Gouda,MALE,1976-03-28,  01067904194  ,osama.gouda68@outlook.com,Giza,Greater Cairo,Bronze,2023-06-05
CUS02562,Hazem Ragab,Male,1976-11-03,01167957234,hazem.ragab30@gmail.com,Tanta,Nile Delta,Bronze,2023-08-18
CUS00899,Ramy Ibrahim,male,2003-04-27,  01073753876  ,ramy.ibrahim13@hotmail.com,Cairo,Greater Cairo,Bronze,2022-11-19
CUS00378,Mona Sayed,Female,1983-09-26,01060421010,mona.sayed61@hotmail.com,Cairo,Greater Cairo,Silver,2023-06-12
CUS02381,Ayman Nasser,Male,1996-08-02,01250669440,ayman.nasser15@hotmail.com,Aswan,Upper Egypt,Bronze,2020-06-26
CUS02727,Manar Ibrahim,Female,05/11/1997,01032669627,manar.ibrahim14@gmail.com,Cairo,Greater Cairo,Silver,2022-05-25
CUS01512,Noha Sayed,female,1979-07-20, 01245822802,,Tanta,Nile Delta,Platinum,2020-01-14
CUS00387,Mona Bakr,Female,1989-09-23,01046702178,mona.bakr64@hotmail.com,Giza,Greater Cairo,Bronze,2023-01-26
CUS00199,Essam Mahmoud,male,24/12/1979,01247503167,,Suez,Canal Zone,Silver,2023-11-24
CUS01051,Ahmed Sayed,Male,11/09/1977,01184661566,ahmed.sayed87@gmail.com,Luxor,Upper Egypt,Silver,2020-07-06
CUS00591,Magdy Amin,Male,17/08/1981,01224919279,magdy.amin32@outlook.com,Cairo,Greater Cairo,Bronze,2020-01-24
CUS00520,Ali Farouk,Male,1977-11-02,01078010697,ali.farouk8@hotmail.com,Cairo,Greater Cairo,Gold,2022-01-22
CUS02058,Suzy Shaaban,Female,1999-11-20,01016750807,suzy.shaaban56@outlook.com,Giza,Greater Cairo,Silver,2023-10-10
CUS02078,Magdy Amin,Male,06/09/1978,  01213462647  ,magdy.amin47@gmail.com,Giza,Greater Cairo,Gold,2020-03-03
CUS00430,Mona Salem,Female,17/07/1981,  01190478491  ,mona.salem80@hotmail.com,Cairo,Greater Cairo,Gold,2022-02-09
CUS01084,Essam Badawi,Male,1994-03-19,01189034153,essam.badawi18@hotmail.com,Luxor,Upper Egypt,Bronze,2023-11-26
CUS00208,Hana Mostafa,Female,1977-02-28,01227435856 ,hana.mostafa24@gmail.com,Mansoura,Nile Delta,Bronze,2021-05-10
CUS00492,Dalia Mohamed,Female,1971-07-03,01092571893,dalia.mohamed80@hotmail.com,Mansoura,Nile Delta,Bronze,2020-07-05
CUS01399,Radwa Mostafa,Female,2000-02-13,01191861257 ,radwa.mostafa38@gmail.com,Mansoura,Nile Delta,Bronze,2023-09-28
CUS02960,Hana Sayed,Female,06/06/1981,01158607023,hana.sayed13@gmail.com,Hurghada,Red Sea,Bronze,2020-08-12
CUS00793,Samir Saad,Male,1981-07-25,01073516387,samir.saad83@yahoo.com,Alexandria,Alexandria,Gold,2023-04-23
CUS02534,Radwa Gamal,Female,07/08/1989,01167005667,radwa.gamal76@hotmail.com,Cairo,Greater Cairo,Bronze,2021-07-21
CUS01187,Nadia Mansour,Female,1970-02-28, 01031813769,nadia.mansour77@gmail.com,Tanta,Nile Delta,Silver,2020-10-23
CUS01186,Youssef Mansour,Male,1981-06-01,  01081576118  ,youssef.mansour22@hotmail.com,Port Said,Canal Zone,Bronze,2023-03-18
CUS02788,Tamer Ibrahim,MALE,1999-03-13,01124276448,,Cairo,Greater Cairo,Silver,2022-08-17
CUS01406,Tamer Mohamed,Male,1995-11-02,01050828255,,Alexandria,Alexandria,Bronze,2020-09-25
CUS02912,Reham Mansour,FEMALE,2000-03-09,01197436298,reham.mansour75@gmail.com,Cairo,Greater Cairo,Gold,2022-03-27
CUS00084,Salma Hassan,Female,1991-06-27,01249189370,salma.hassan64@yahoo.com,Cairo,Greater Cairo,Silver,2023-02-09
CUS02407,Samah Ahmed,Female,1993-09-01,01086171554,samah.ahmed6@yahoo.com,Giza,Greater Cairo,Silver,2023-08-24
CUS02274,Ibrahim Badawi,Male,1984-07-11, 01258898265,ibrahim.badawi36@hotmail.com,Mansoura,Nile Delta,Bronze,2021-05-14
CUS00021,Mariam Salem,Female,1974-09-19,01091915661,mariam.salem20@outlook.com,Mansoura,Nile Delta,Gold,2023-04-03
CUS02964,Zeinab Gouda,female,1988-03-22,01273366381,zeinab.gouda18@gmail.com,Ismailia,Canal Zone,Bronze,2023-12-12
CUS01755,Aisha Ismail,female,1994-04-02,01163544468,aisha.ismail52@outlook.com,Ismailia,Canal Zone,Bronze,2023-11-20
CUS02020,Mahmoud Mohamed,MALE,2001-05-13,01047312054,mahmoud.mohamed36@gmail.com,Mansoura,Nile Delta,Bronze,2023-05-10
CUS02738,Nadia Gamal,Female,1987-02-17,01036749817,nadia.gamal97@hotmail.com,Alexandria,Alexandria,Bronze,2021-06-01
CUS02019,Wael Shaaban,Male,07/11/1991,01088961202,wael.shaaban87@outlook.com,Cairo,Greater Cairo,Bronze,2023-01-24
CUS00974,Youssef Ramadan,MALE,1989-03-13,01040996935,youssef.ramadan2@yahoo.com,Cairo,Greater Cairo,Silver,2023-06-12
CUS02837,Fady Mahmoud,Male,21/06/1983,01137079325,,Sharm El Sheikh,South Sinai,Silver,2023-02-20
CUS00884,Ashraf Gouda,Male,1975-04-22,  01277090777  ,,Cairo,Greater Cairo,Bronze,2021-12-05
CUS01099,Tamer Fathy,Male,1996-04-14,01078331604,tamer.fathy15@yahoo.com,Hurghada,Red Sea,Silver,2022-04-01
CUS00157,Karim Fathy,Male,1995-11-19,01085318641,,Tanta,Nile Delta,Gold,2023-06-22
CUS02314,Nader Sayed,Male,1979-07-21, 01042844981,,Tanta,Nile Delta,Bronze,2022-01-03
CUS00887,Sherif Hassan,male,1981-08-21,01250461969,sherif.hassan13@gmail.com,Mansoura,Nile Delta,Silver,2022-01-26
CUS02655,Essam Ali,Male,1970-03-12,01086793020,essam.ali40@hotmail.com,Hurghada,Red Sea,Gold,2023-01-20
CUS01666,Aisha Hamdy,Female,1975-01-17, 01093006072,aisha.hamdy55@yahoo.com,Luxor,Upper Egypt,Bronze,2021-12-02
CUS02666,Akram Gouda,male,1999-07-10,01252465147,,Giza,Greater Cairo,Bronze,2023-11-11
CUS01567,Dina Salem,Female,1985-04-03,01254348094 ,dina.salem75@gmail.com,Mansoura,Nile Delta,Silver,2021-06-26
CUS02577,Mohamed Ismail,male,10/04/1996, 01269715139,mohamed.ismail73@yahoo.com,Ismailia,Canal Zone,Gold,2023-10-02
CUS01905,Aisha Hafez,Female,1996-06-21, 01041599206,,Zagazig,Nile Delta,Platinum,2020-11-09
CUS02219,Akram Rizk,Male,03/04/1991,01070980810,akram.rizk43@gmail.com,Luxor,Upper Egypt,Bronze,2020-10-16
CUS02693,Amr Ismail,Male,1970-01-16,01085102704 ,amr.ismail39@hotmail.com,Cairo,Greater Cairo,Bronze,2023-11-15
CUS00459,Fady Barakat,Male,1980-07-08,01026955763,fady.barakat81@hotmail.com,Cairo,Greater Cairo,Bronze,2021-06-07
CUS01974,Fady Amin,Male,1995-12-05,01058546163,fady.amin75@yahoo.com,Alexandria,Alexandria,Silver,2023-02-22
CUS00079,Engy Mansour,Female,20/06/1994,01027536261,engy.mansour9@hotmail.com,Giza,Greater Cairo,Gold,2022-01-23
CUS02962,Maged Ibrahim,Male,1984-06-22, 01238957666,maged.ibrahim8@hotmail.com,Giza,Greater Cairo,Silver,2022-09-25
CUS01057,Youssef Ahmed,Male,1973-08-13,  01268008304  ,youssef.ahmed30@yahoo.com,Hurghada,Red Sea,Gold,2021-09-20
CUS00907,Engy Wahba,female,1993-08-01,  01233162629  ,engy.wahba41@outlook.com,Aswan,Upper Egypt,Bronze,2020-03-27
CUS01740,Fady Lotfy,Male,1993-10-14,01293348528 ,fady.lotfy46@outlook.com,Giza,Greater Cairo,Silver,2022-10-11
CUS02250,Mariam Lotfy,Female,1991-09-28,  01153308149  ,mariam.lotfy76@outlook.com,Cairo,Greater Cairo,Bronze,2020-05-01
CUS02741,Hoda Saad,female,1975-06-25,01068324003,hoda.saad9@hotmail.com,Giza,Greater Cairo,Silver,2021-12-09
CUS00381,Mona Bakr,Female,1998-04-20,01163709262,mona.bakr61@gmail.com,Cairo,Greater Cairo,Bronze,2023-05-20
CUS00948,Fatima Hamdy,Female,26/02/1978, 01158480371,fatima.hamdy59@hotmail.com,Suez,Canal Zone,Bronze,2020-11-24
CUS01789,Nour Hassan,female,1989-03-21,01043686408,,Cairo,Greater Cairo,Gold,2021-04-08
CUS02996,Hoda Younis,female,1979-11-20,  01023226639  ,hoda.younis70@yahoo.com,Luxor,Upper Egypt,Gold,2020-12-11
CUS00716,Hany Hafez,Male,2001-02-11,01260106447,hany.hafez74@hotmail.com,Port Said,Canal Zone,Platinum,2023-12-25
CUS02374,Ashraf Wahba,Male,09/05/1986,01189686990 ,ashraf.wahba98@yahoo.com,Giza,Greater Cairo,Bronze,2022-11-10
CUS00687,Fatima Rizk,Female,1988-03-03,01018426588,fatima.rizk56@gmail.com,Alexandria,Alexandria,Silver,2023-01-24
CUS02609,Nadia Gouda,Female,2001-04-20,  01015561083  ,nadia.gouda35@gmail.com,Tanta,Nile Delta,Bronze,2023-04-21
CUS01294,Hossam Bakr,Male,20/09/1999,01179600535,hossam.bakr46@outlook.com,Tanta,Nile Delta,Bronze,2020-08-15
CUS00306,Sara Mahmoud,Female,1991-06-13,  01068260195  ,sara.mahmoud74@gmail.com,Ismailia,Canal Zone,Gold,2022-07-13
CUS00210,Karim Shaaban,Male,1981-11-16,01029310253,,Cairo,Greater Cairo,Bronze,2023-12-09
CUS01555,Ghada Zaki,Female,1995-06-15,01194446701,ghada.zaki48@hotmail.com,Cairo,Greater Cairo,Bronze,2022-05-03
CUS02257,Neveen Ismail,Female,21/12/2000, 01294691154,neveen.ismail81@yahoo.com,Alexandria,Alexandria,Silver,2022-10-24
CUS02462,Omar Mohamed,Male,1972-10-19, 01185032591,omar.mohamed73@yahoo.com,Suez,Canal Zone,Bronze,2020-07-21
CUS01611,Radwa Mostafa,Female,28/03/1996,01099874179,radwa.mostafa31@hotmail.com,Suez,Canal Zone,Silver,2021-01-28
CUS00886,Mahmoud Badawi,Male,1978-12-11,01281022010,mahmoud.badawi94@yahoo.com,Cairo,Greater Cairo,Bronze,2020-05-19
CUS01707,Tarek Badawi,Male,1994-08-23,01096988751,tarek.badawi9@gmail.com,Mansoura,Nile Delta,Bronze,2020-10-01
CUS00918,Hassan Badawi,Male,17/07/1987,01040396847,hassan.badawi34@outlook.com,Port Said,Canal Zone,Bronze,2021-12-19
CUS01742,Youssef Bakr,Male,28/12/1978,  01259254308  ,youssef.bakr68@yahoo.com,Zagazig,Nile Delta,Bronze,2020-07-21
CUS01736,Sara Khalil,Female,1988-09-20,01157278097,,Suez,Canal Zone,Silver,2023-03-08
CUS00192,Radwa Ramadan,female,23/09/1991,01033231136,radwa.ramadan63@gmail.com,Suez,Canal Zone,Bronze,2023-06-18
CUS02479,Yasmin Gamal,Female,1975-11-04,  01035701522  ,yasmin.gamal62@hotmail.com,Cairo,Greater Cairo,Gold,2020-05-09
CUS02074,Karim Wahba,Male,1995-05-25,01068023698 ,,Luxor,Upper Egypt,Silver,2022-02-16
CUS01266,Ola Shaaban,Female,1986-07-24,01047946640,ola.shaaban27@gmail.com,Cairo,Greater Cairo,Silver,2021-10-23
CUS00484,Nader Badawi,Male,2001-12-12,01244539524,nader.badawi39@hotmail.com,Mansoura,Nile Delta,Silver,2023-02-09
CUS00916,Osama Mostafa,Male,1976-07-11,01214236689,osama.mostafa54@outlook.com,Giza,Greater Cairo,Silver,2020-08-25
CUS02643,Rania Barakat,Female,2002-01-01,  01243209344  ,rania.barakat70@outlook.com,Hurghada,Red Sea,Silver,2023-11-06
CUS00278,Dina Attia,Female,1982-05-23,01016681756 ,,Mansoura,Nile Delta,Bronze,2022-03-19
CUS00989,Zeinab Salem,Female,1985-12-10,01221359569,zeinab.salem72@hotmail.com,Cairo,Greater Cairo,Platinum,2021-03-24
CUS02944,Maged Mostafa,MALE,1985-12-27,  01270425259  ,maged.mostafa75@yahoo.com,Tanta,Nile Delta,Bronze,2021-09-28
CUS02216,Magdy Lotfy,Male,1988-06-11,01127902376 ,,Giza,Greater Cairo,Platinum,2022-11-12
CUS02627,Hossam Salem,Male,19/12/1991,01120106846,hossam.salem91@hotmail.com,Cairo,Greater Cairo,Silver,2021-04-26
CUS00572,Walid Nasser,male,2000-11-13,01142580280,walid.nasser18@outlook.com,Hurghada,Red Sea,Silver,2022-05-27
CUS01436,Hany Mahmoud,Male,1997-04-01,01093009162,hany.mahmoud8@hotmail.com,Cairo,Greater Cairo,Bronze,2022-01-23
CUS00994,Tarek Lotfy,Male,1995-05-28,  01134390563  ,tarek.lotfy36@yahoo.com,Alexandria,Alexandria,Silver,2021-06-25
CUS02356,Adel Saad,Male,1985-09-01,01069627953,adel.saad30@gmail.com,Cairo,Greater Cairo,Bronze,2020-04-26
CUS01685,Sara Lotfy,Female,10/09/2000,01051148878,sara.lotfy57@gmail.com,Cairo,Greater Cairo,Bronze,2023-08-13
CUS00586,Mohamed Younis,Male,2001-04-13,01227676124 ,mohamed.younis28@gmail.com,Cairo,Greater Cairo,Bronze,2022-03-28
CUS02064,Wael Mohamed,Male,1977-07-19, 01235583776,wael.mohamed27@outlook.com,Giza,Greater Cairo,Bronze,2023-10-26
CUS02265,Ahmed Bakr,Male,2003-01-04,01085431973,ahmed.bakr77@outlook.com,Mansoura,Nile Delta,Bronze,2022-05-16
CUS01350,Emad Mahmoud,Male,1972-12-25,01245967208,emad.mahmoud14@gmail.com,Cairo,Greater Cairo,Bronze,2021-06-22
CUS01008,Ghada Nasser,Female,1993-11-02,01142513327,ghada.nasser32@gmail.com,Aswan,Upper Egypt,Bronze,2020-09-02
CUS00675,Nour Hafez,Female,1975-06-12,01030213583,nour.hafez41@outlook.com,Giza,Greater Cairo,Bronze,2023-06-23
CUS02713,Maged Salem,Male,1987-04-01,01267185737,maged.salem59@outlook.com,Giza,Greater Cairo,Bronze,2020-01-16
CUS00856,Magdy Lotfy,Male,2000-04-18,  01235066642  ,magdy.lotfy79@gmail.com,Cairo,Greater Cairo,Silver,2023-08-20
CUS00448,Heba Mahmoud,Female,1981-12-04,  01168131630  ,heba.mahmoud63@yahoo.com,Zagazig,Nile Delta,Bronze,2023-02-09
CUS01488,Wael Barakat,Male,1988-10-08,01264653981,wael.barakat66@hotmail.com,Tanta,Nile Delta,Gold,2021-01-24
CUS01743,Noha Mahmoud,female,1989-06-16, 01149708520,noha.mahmoud86@yahoo.com,Hurghada,Red Sea,Silver,2023-11-13
CUS01691,Zeinab Bakr,FEMALE,1971-08-24,01123873812,zeinab.bakr84@yahoo.com,Cairo,Greater Cairo,Bronze,2020-06-13
CUS02296,Mohamed Farouk,Male,1988-07-20,01034244164,mohamed.farouk34@outlook.com,Cairo,Greater Cairo,Bronze,2023-03-12
CUS02720,Ahmed Mansour,Male,1972-08-13,  01088015533  ,ahmed.mansour40@yahoo.com,Cairo,Greater Cairo,Bronze,2023-08-17
CUS02423,Essam Hassan,Male,1978-08-21,  01287436900  ,essam.hassan25@gmail.com,Zagazig,Nile Delta,Silver,2020-06-21
CUS02700,Tarek Khalil,Male,1995-05-19,01147812528 ,tarek.khalil86@outlook.com,Hurghada,Red Sea,Silver,2022-05-06
CUS02716,Manar Ahmed,female,1996-10-14,01021735402,manar.ahmed80@gmail.com,Giza,Greater Cairo,Silver,2021-11-21
CUS01248,Noha Shaaban,female,20/01/1972,01281597931 ,noha.shaaban64@hotmail.com,Cairo,Greater Cairo,Bronze,2022-05-26
CUS00295,Walid Zaki,male,05/03/1975,  01035609022  ,walid.zaki27@outlook.com,Cairo,Greater Cairo,Bronze,2021-11-08
CUS00589,Hany Abdallah,Male,2002-02-20,01264864887,hany.abdallah61@gmail.com,Cairo,Greater Cairo,Silver,2022-01-24
CUS01282,Adel Salem,Male,1972-04-04,01269058283,adel.salem79@hotmail.com,Tanta,Nile Delta,Bronze,2020-11-10
CUS02246,Mohamed Sayed,male,1986-03-17,01199631252 ,,Alexandria,Alexandria,Bronze,2023-06-19
CUS01903,Hana Ragab,Female,1984-03-15,01059344483 ,hana.ragab33@hotmail.com,Hurghada,Red Sea,Bronze,2021-01-02
CUS02212,Essam Abdallah,Male,1991-07-02,01161532911,essam.abdallah6@yahoo.com,Hurghada,Red Sea,Bronze,2023-10-01
CUS01495,Ola Ismail,Female,1989-02-03,01173241319,ola.ismail8@gmail.com,Mansoura,Nile Delta,Bronze,2020-10-28
CUS02290,Radwa Mahmoud,Female,1984-11-10,01046975988 ,,Cairo,Greater Cairo,Bronze,2022-06-18
CUS01418,Manar Gamal,Female,1975-09-18,01120774838,manar.gamal8@hotmail.com,Cairo,Greater Cairo,Silver,2020-01-23
CUS00426,Walid Sayed,Male,2003-03-24,  01090972685  ,,Alexandria,Alexandria,Silver,2020-03-08
CUS00535,Mahmoud Hassan,Male,1985-03-19,01139556025,mahmoud.hassan94@outlook.com,Hurghada,Red Sea,Silver,2022-03-07
CUS01055,Mohamed Ahmed,Male,1984-07-14,01112810085,,Sharm El Sheikh,South Sinai,Bronze,2022-04-24
CUS02846,Bassem Gouda,Male,1991-05-12,01166125192,,Giza,Greater Cairo,Silver,2021-06-22
CUS02546,Maged Khalil,Male,1994-03-24,  01140411139  ,maged.khalil30@outlook.com,Alexandria,Alexandria,Gold,2020-04-22
CUS02222,Osama Amin,Male,1998-05-18,01296957204,osama.amin52@gmail.com,Alexandria,Alexandria,Bronze,2023-10-08
CUS00133,Samah Zaki,female,24/04/1984,01169479985,,Cairo,Greater Cairo,Bronze,2022-06-28
CUS01916,Mahmoud Zaki,male,1974-11-03,01150907084,,Zagazig,Nile Delta,Bronze,2021-04-10
CUS02593,Emad Mostafa,Male,1990-11-15,01178991841,emad.mostafa54@gmail.com,Alexandria,Alexandria,Gold,2021-08-15
CUS00422,Eman Abdallah,female,1987-01-21,01038182016,eman.abdallah48@hotmail.com,Hurghada,Red Sea,Bronze,2020-12-18
CUS02703,Karim Ibrahim,MALE,1988-10-06,01048014388,karim.ibrahim8@hotmail.com,Cairo,Greater Cairo,Bronze,2020-03-03
CUS02731,Maged Zaki,MALE,1998-07-25,01024050955,maged.zaki3@gmail.com,Zagazig,Nile Delta,Bronze,2021-05-19
CUS02145,Reham Ismail,Female,1979-04-19,01297398934,reham.ismail76@yahoo.com,Alexandria,Alexandria,Silver,2023-01-04
CUS01369,Samir Amin,Male,1998-01-26,01225873894,samir.amin90@gmail.com,Cairo,Greater Cairo,Platinum,2020-11-15
CUS00557,Ayman Gamal,Male,1981-01-28,01172555645,ayman.gamal25@outlook.com,Cairo,Greater Cairo,Platinum,2022-03-24
CUS02079,Ayman Ismail,Male,1994-09-01,01092939975,,Ismailia,Canal Zone,Silver,2022-02-03
CUS02528,Neveen Hamdy,Female,2002-12-22,01248984039 ,,Port Said,Canal Zone,Bronze,2020-11-20
CUS02724,Suzy Younis,FEMALE,1982-10-05,01110139463,,Giza,Greater Cairo,Silver,2020-04-16
CUS00571,Adel Mahmoud,MALE,1981-04-28,  01068592599  ,adel.mahmoud48@gmail.com,Alexandria,Alexandria,Bronze,2023-03-12
CUS00353,Omar Lotfy,Male,1983-03-28,01051574904 ,omar.lotfy40@yahoo.com,Mansoura,Nile Delta,Bronze,2023-05-07
CUS00092,Omar Mansour,Male,1981-12-17,  01060626689  ,omar.mansour33@gmail.com,Tanta,Nile Delta,Gold,2022-08-23
CUS02158,Wael Khalil,MALE,1983-11-20,01270091423,wael.khalil22@gmail.com,Giza,Greater Cairo,Gold,2023-02-12
CUS02576,Youssef Zaki,Male,13/10/1997,01116734912,youssef.zaki15@outlook.com,Mansoura,Nile Delta,Bronze,2022-09-18
CUS01171,Neveen Mohamed,Female,1998-12-01,01283300539 ,neveen.mohamed47@outlook.com,Mansoura,Nile Delta,Silver,2020-03-02
CUS01559,Ashraf Gouda,Male,1997-02-18,01072415552 ,ashraf.gouda84@outlook.com,Aswan,Upper Egypt,Bronze,2020-11-14
CUS01286,Hazem Salem,Male,1988-03-13,01155618691,hazem.salem54@yahoo.com,Alexandria,Alexandria,Silver,2021-03-15
CUS01779,Rana Khalil,Female,1995-08-19,01218107128,,Cairo,Greater Cairo,Gold,2023-06-24
CUS01537,Mohamed Gouda,Male,1991-02-22,01286439410,mohamed.gouda48@gmail.com,Cairo,Greater Cairo,Silver,2021-10-22
CUS00793,Samir Saad,Male,1981-07-25,01073516387,samir.saad83@yahoo.com,Alexandria,Alexandria,Gold,2023-04-23
CUS01899,Fatima Lotfy,Female,1987-10-13,01166143204,fatima.lotfy85@yahoo.com,Giza,Greater Cairo,Silver,2021-10-26
CUS00698,Ashraf Mahmoud,Male,1993-08-25,01069953058,ashraf.mahmoud14@hotmail.com,Alexandria,Alexandria,Silver,2023-05-07
CUS02548,Hazem Badawi,Male,18/12/1994,01096025578,hazem.badawi81@gmail.com,Giza,Greater Cairo,Bronze,2020-08-26
CUS00349,Radwa Ragab,Female,1983-08-15,01214040500 ,radwa.ragab2@outlook.com,Giza,Greater Cairo,Bronze,2022-06-08
CUS02375,Salma Mansour,Female,2002-02-28,01042491270,salma.mansour88@hotmail.com,Tanta,Nile Delta,Gold,2023-12-20
CUS02384,Amr Hassan,Male,1991-01-19,01138966370,amr.hassan61@yahoo.com,Giza,Greater Cairo,Silver,2021-08-13
CUS02470,Amira Ramadan,Female,1982-07-19, 01079682994,amira.ramadan76@yahoo.com,Alexandria,Alexandria,Gold,2022-08-23
CUS02204,Hussein Saad,Male,1989-01-01,  01046470794  ,hussein.saad16@gmail.com,Cairo,Greater Cairo,Bronze,2023-05-25
CUS01138,Dina Mostafa,Female,1976-11-23,01276177073,dina.mostafa32@gmail.com,Alexandria,Alexandria,Bronze,2023-04-10
CUS02310,Sherif Farouk,Male,04/04/1982,01252801767,,Giza,Greater Cairo,Bronze,2020-02-13
CUS01733,Mariam Khalil,female,1992-08-01,01131906615,mariam.khalil44@hotmail.com,Alexandria,Alexandria,Silver,2022-07-17
CUS02884,Emad Khalil,Male,1975-01-23,  01131865358  ,,Cairo,Greater Cairo,Gold,2021-09-21
CUS02868,Suzy Salem,Female,1970-08-09,  01059182457  ,suzy.salem60@gmail.com,Zagazig,Nile Delta,Bronze,2021-11-05
CUS01340,Adel Mohamed,Male,1978-05-15,  01210578224  ,adel.mohamed38@gmail.com,Cairo,Greater Cairo,Silver,2020-03-27
CUS02531,Reham Younis,Female,1982-12-20, 01267885778,reham.younis98@outlook.com,Tanta,Nile Delta,Gold,2021-01-05
CUS00454,Tarek Mohamed,Male,1989-05-17,01076992183,tarek.mohamed70@outlook.com,Suez,Canal Zone,Bronze,2022-02-06
CUS00914,Omar Mahmoud,Male,1989-02-07,01088718420,omar.mahmoud77@yahoo.com,Giza,Greater Cairo,Bronze,2021-12-14
CUS01200,Ola Ragab,Female,1986-07-28,01127632666,ola.ragab9@hotmail.com,Cairo,Greater Cairo,Silver,2022-12-03
CUS01275,Bassem Barakat,Male,1998-06-17,01181263504,,Alexandria,Alexandria,Bronze,2023-06-09
CUS02393,Essam Amin,MALE,18/11/1989,  01253554139  ,essam.amin58@outlook.com,Giza,Greater Cairo,Bronze,2021-11-26
CUS00038,Manar Fathy,Female,1971-07-22,01133193791 ,manar.fathy20@gmail.com,Cairo,Greater Cairo,Bronze,2021-11-10
CUS00975,Maged Attia,male,20/12/1971,01010147286,maged.attia29@gmail.com,Cairo,Greater Cairo,Silver,2021-04-14
CUS02817,Radwa Hamdy,Female,1986-05-03,01215972535,radwa.hamdy22@outlook.com,Alexandria,Alexandria,Bronze,2023-01-11
CUS00984,Youssef Barakat,Male,1983-02-26, 01045389275,youssef.barakat80@outlook.com,Cairo,Greater Cairo,Silver,2023-03-05
CUS01884,Hana Hamdy,Female,1991-09-17,01018321907,hana.hamdy43@hotmail.com,Hurghada,Red Sea,Bronze,2023-08-21
CUS02044,Heba Nasser,FEMALE,1986-04-21,  01086422772  ,heba.nasser79@hotmail.com,Cairo,Greater Cairo,Bronze,2021-05-26
CUS01419,Amr Barakat,Male,1998-09-27,01156919936,amr.barakat19@yahoo.com,Giza,Greater Cairo,Silver,2020-02-04
CUS01285,Engy Ismail,Female,13/07/1970, 01089236172,,Giza,Greater Cairo,Silver,2020-09-26
CUS00040,Ola Wahba,FEMALE,09/07/1990, 01013498112,ola.wahba8@outlook.com,Giza,Greater Cairo,Platinum,2022-10-08
CUS01487,Khaled Hafez,Male,1973-11-28, 01082332254,khaled.hafez97@outlook.com,Giza,Greater Cairo,Bronze,2022-09-26
CUS02230,Emad Fathy,MALE,04/05/1994,  01065461567  ,emad.fathy47@outlook.com,Giza,Greater Cairo,Bronze,2022-06-18
CUS00170,Wael Barakat,Male,1995-12-02,01261995659,wael.barakat51@hotmail.com,Alexandria,Alexandria,Bronze,2022-08-06
CUS01356,Hossam Hamdy,MALE,25/12/1989,01083112591,,Luxor,Upper Egypt,Silver,2023-10-14
CUS00738,Ali Ali,Male,04/05/1974, 01281836366,ali.ali27@gmail.com,Aswan,Upper Egypt,Bronze,2020-01-04
CUS01624,Lobna Farouk,Female,1990-03-20,01193008473,lobna.farouk36@gmail.com,Port Said,Canal Zone,Platinum,2023-10-19
CUS02745,Ibrahim Younis,male,1992-02-07,01146580536,ibrahim.younis21@outlook.com,Mansoura,Nile Delta,Bronze,2022-11-25
CUS01979,Ashraf Rizk,Male,1987-03-14, 01049237816,ashraf.rizk73@outlook.com,Luxor,Upper Egypt,Gold,2023-02-04
CUS00635,Maged Ramadan,male,23/12/1980, 01149071710,maged.ramadan77@hotmail.com,Cairo,Greater Cairo,Gold,2021-11-16
CUS02692,Hassan Mohamed,Male,1991-04-25,01087753104,hassan.mohamed45@gmail.com,Alexandria,Alexandria,Gold,2021-06-26
CUS02000,Bassem Farouk,male,04/02/2002,  01057005064  ,bassem.farouk92@yahoo.com,Giza,Greater Cairo,Silver,2020-08-25
CUS01291,Hussein Mansour,Male,1977-11-26,  01290883259  ,hussein.mansour70@gmail.com,Giza,Greater Cairo,Silver,2021-10-21
CUS01381,Khaled Hamdy,male,1977-09-10,  01297971567  ,khaled.hamdy18@gmail.com,Cairo,Greater Cairo,Silver,2022-08-18
CUS00580,Maged Amin,male,2003-10-15, 01020272507,maged.amin13@outlook.com,Cairo,Greater Cairo,Silver,2020-06-21
CUS00329,Hany Barakat,Male,1987-04-28,01213102778,hany.barakat72@outlook.com,Giza,Greater Cairo,Silver,2020-07-21
CUS01718,Samir Gouda,Male,1986-10-24,01247586447 ,samir.gouda59@gmail.com,Tanta,Nile Delta,Gold,2023-12-18
CUS00893,Manar Fathy,Female,1998-06-14,  01193605083  ,manar.fathy48@hotmail.com,Aswan,Upper Egypt,Bronze,2023-03-08
CUS01928,Dalia Younis,Female,2003-11-20,  01057205157  ,dalia.younis35@outlook.com,Alexandria,Alexandria,Silver,2023-04-12
CUS00781,Dalia Mahmoud,Female,1978-02-20,01285351481,dalia.mahmoud71@hotmail.com,Tanta,Nile Delta,Bronze,2020-10-26
CUS00160,Sherif Nasser,male,2003-05-18,01193623280,,Zagazig,Nile Delta,Bronze,2020-05-06
CUS01619,Tarek Ibrahim,Male,1991-08-04, 01067040732,tarek.ibrahim47@outlook.com,Alexandria,Alexandria,Gold,2021-05-08
CUS01805,Nour Salem,Female,1985-01-17,01296560287,nour.salem82@yahoo.com,Giza,Greater Cairo,Silver,2022-04-10
CUS02655,Essam Ali,Male,1970-03-12,01086793020,essam.ali40@hotmail.com,Hurghada,Red Sea,Gold,2023-01-20
CUS00062,Fatima Gouda,Female,06/11/1978, 01211135982,fatima.gouda91@hotmail.com,Cairo,Greater Cairo,Bronze,2023-07-28
CUS00850,Reem Mostafa,Female,2002-03-18,01252740512 ,reem.mostafa95@gmail.com,Alexandria,Alexandria,Silver,2023-12-19
CUS02165,Sara Farouk,Female,1986-07-11,  01218124524  ,sara.farouk32@hotmail.com,Alexandria,Alexandria,Silver,2022-07-07
CUS02940,Mariam Ragab,Female,1983-04-12,  01040486924  ,mariam.ragab64@gmail.com,Cairo,Greater Cairo,Bronze,2021-03-01
CUS02742,Nader Ibrahim,Male,1998-09-06,01270344473,,Cairo,Greater Cairo,Gold,2023-02-09
CUS01044,Nader Hassan,Male,1987-08-01,01011385716,nader.hassan45@gmail.com,Mansoura,Nile Delta,Silver,2022-04-26
CUS02537,Mohamed Gamal,male,1989-02-16,01145688957,mohamed.gamal79@gmail.com,Zagazig,Nile Delta,Silver,2022-09-09
CUS01545,Adel Badawi,Male,01/05/1970, 01123658263,adel.badawi92@gmail.com,Ismailia,Canal Zone,Silver,2022-12-16
CUS02017,Amr Ibrahim,Male,1979-04-01,01084164235,amr.ibrahim76@gmail.com,Giza,Greater Cairo,Silver,2022-04-05
CUS02634,Shaimaa Shaaban,FEMALE,1995-09-26,01125411407 ,,Cairo,Greater Cairo,Silver,2020-04-12
CUS01071,Osama Ismail,male,1998-09-22,01167981146 ,osama.ismail3@gmail.com,Giza,Greater Cairo,Gold,2023-03-14
CUS00054,Sherif Ismail,Male,1978-01-14, 01068437492,sherif.ismail41@gmail.com,Suez,Canal Zone,Bronze,2020-07-18
CUS02482,Hoda Gouda,Female,1989-02-25,  01055306853  ,hoda.gouda93@yahoo.com,Luxor,Upper Egypt,Silver,2021-04-02
CUS00259,Nader Mohamed,Male,1972-07-04, 01170413482,,Alexandria,Alexandria,Bronze,2022-12-06
CUS00506,Lobna Ibrahim,female,1985-09-20,01251908052 ,,Cairo,Greater Cairo,Bronze,2023-05-21
CUS00753,Nadia Fathy,Female,1995-08-23,01159870894,,Mansoura,Nile Delta,Bronze,2021-11-04
CUS02055,Omar Younis,Male,1979-07-10,  01017706466  ,,Aswan,Upper Egypt,Silver,2023-03-06
CUS00218,Ashraf Khalil,male,1993-09-06,01142701425,ashraf.khalil79@outlook.com,Zagazig,Nile Delta,Bronze,2021-01-16
CUS00825,Zeinab Hassan,female,1983-07-12,  01256411493  ,,Alexandria,Alexandria,Silver,2020-09-21
CUS01591,Hany Salem,MALE,1998-01-27,01187222050,hany.salem21@gmail.com,Tanta,Nile Delta,Gold,2022-09-21
CUS00105,Hoda Salem,Female,1993-07-08,  01249057246  ,hoda.salem2@yahoo.com,Suez,Canal Zone,Bronze,2021-09-05
CUS02311,Ahmed Khalil,Male,1985-07-05,01217827726,ahmed.khalil89@hotmail.com,Alexandria,Alexandria,Bronze,2021-02-04
CUS01390,Mona Salem,Female,1999-11-04,01191377462,mona.salem14@outlook.com,Giza,Greater Cairo,Silver,2020-02-12
CUS02544,Ghada Hassan,Female,2001-02-19,01114698131,ghada.hassan40@hotmail.com,Mansoura,Nile Delta,Bronze,2022-01-28
CUS01267,Eman Ibrahim,Female,23/10/1986,  01267344434  ,eman.ibrahim2@hotmail.com,Giza,Greater Cairo,Bronze,2021-03-27
CUS02539,Hussein Abdallah,Male,10/07/1973,01147282515,hussein.abdallah60@hotmail.com,Zagazig,Nile Delta,Gold,2023-03-11
CUS02790,Samir Ramadan,Male,1989-05-06, 01047848920,samir.ramadan4@hotmail.com,Sharm El Sheikh,South Sinai,Bronze,2022-11-20
CUS00772,Amira Ramadan,Female,1972-08-24, 01283433630,amira.ramadan3@outlook.com,Aswan,Upper Egypt,Gold,2020-08-27
CUS02850,Radwa Hamdy,FEMALE,1983-11-11, 01254672766,radwa.hamdy7@outlook.com,Giza,Greater Cairo,Silver,2022-09-25
CUS02087,Walid Gamal,Male,1978-12-08,01220393927,walid.gamal20@outlook.com,Cairo,Greater Cairo,Bronze,2021-06-28
CUS02888,Tarek Lotfy,Male,1986-10-01,01112797652,tarek.lotfy2@yahoo.com,Giza,Greater Cairo,Bronze,2021-06-27
CUS01086,Ashraf Barakat,Male,1988-05-06,01249568600 ,ashraf.barakat80@outlook.com,Alexandria,Alexandria,Silver,2022-08-06
CUS01796,Dina Hassan,Female,1984-09-11,  01051663806  ,,Cairo,Greater Cairo,Bronze,2022-10-25
CUS02210,Fatima Ragab,Female,1988-03-23,01131110322,fatima.ragab66@gmail.com,Suez,Canal Zone,Bronze,2023-12-14
CUS01326,Sherif Ragab,Male,1978-11-25,01284013597,sherif.ragab91@outlook.com,Giza,Greater Cairo,Bronze,2023-10-05
CUS02155,Mahmoud Ismail,MALE,1992-10-10,01211932801,,Cairo,Greater Cairo,Bronze,2021-06-19
CUS01629,Fady Younis,Male,1989-05-05,  01029427697  ,fady.younis69@outlook.com,Cairo,Greater Cairo,Bronze,2021-12-03
CUS01946,Essam Khalil,MALE,11/12/1973,01050804570,essam.khalil83@gmail.com,Alexandria,Alexandria,Silver,2022-03-19
CUS01722,Tamer Saad,Male,2003-05-26,01174225466,tamer.saad16@gmail.com,Cairo,Greater Cairo,Gold,2022-07-18
CUS02802,Rania Nasser,Female,1991-05-21, 01257231005,rania.nasser93@outlook.com,Suez,Canal Zone,Silver,2020-08-15
CUS02656,Hoda Fathy,Female,18/05/1980, 01175014761,hoda.fathy88@yahoo.com,Giza,Greater Cairo,Silver,2022-08-05
CUS01757,Wael Mansour,Male,1983-05-07, 01064522034,wael.mansour90@yahoo.com,Port Said,Canal Zone,Bronze,2021-04-15
CUS01792,Tarek Fathy,male,1984-08-20,01231118080 ,tarek.fathy58@yahoo.com,Zagazig,Nile Delta,Bronze,2023-09-17
CUS01164,Tamer Gouda,Male,1976-02-25,01072382863,tamer.gouda63@gmail.com,Zagazig,Nile Delta,Silver,2023-03-02
CUS00964,Fady Gamal,male,1973-01-06,  01116814758  ,fady.gamal24@hotmail.com,Giza,Greater Cairo,Gold,2022-08-21
CUS02950,Ramy Attia,Male,1995-06-02,01218617490 ,ramy.attia3@hotmail.com,Port Said,Canal Zone,Silver,2023-12-20
CUS01738,Aisha Mostafa,Female,1985-12-17,01122229571,aisha.mostafa55@gmail.com,Cairo,Greater Cairo,Platinum,2022-09-25
CUS00399,Youssef Ragab,Male,1979-06-26,  01160860721  ,youssef.ragab15@outlook.com,Zagazig,Nile Delta,Bronze,2020-06-21
CUS00585,Dina Fathy,Female,1992-02-07,01281080601 ,dina.fathy4@yahoo.com,Mansoura,Nile Delta,Silver,2021-10-12
CUS00949,Amr Ibrahim,male,1976-09-22,  01284011120  ,amr.ibrahim18@outlook.com,Luxor,Upper Egypt,Bronze,2022-03-06
CUS00705,Karim Rizk,Male,1991-04-11,  01162698234  ,karim.rizk84@outlook.com,Cairo,Greater Cairo,Bronze,2021-03-04
CUS00432,Hassan Bakr,Male,1978-03-25, 01157326346,hassan.bakr82@hotmail.com,Hurghada,Red Sea,Bronze,2021-11-08
CUS00293,Ibrahim Attia,Male,1981-03-27,  01116074522  ,ibrahim.attia59@outlook.com,Aswan,Upper Egypt,Gold,2022-06-28
CUS00146,Yasmin Younis,Female,1990-07-21,  01124826245  ,yasmin.younis23@gmail.com,Cairo,Greater Cairo,Bronze,2021-02-16
CUS00324,Hassan Shaaban,MALE,1977-03-24,01247508257,hassan.shaaban88@hotmail.com,Cairo,Greater Cairo,Bronze,2022-12-15
CUS02899,Emad Rizk,male,1994-09-23,  01253784964  ,emad.rizk68@hotmail.com,Giza,Greater Cairo,Silver,2022-06-09
CUS01166,Amr Ragab,Male,1970-02-09, 01063354321,amr.ragab10@outlook.com,Aswan,Upper Egypt,Gold,2023-01-07
CUS01453,Khaled Shaaban,Male,1994-08-18,01013390260 ,khaled.shaaban68@outlook.com,Luxor,Upper Egypt,Silver,2022-01-06
CUS00003,Zeinab Ali,female,1993-12-26,01289701163,zeinab.ali46@yahoo.com,Zagazig,Nile Delta,Silver,2020-10-21
CUS00577,Tarek Mostafa,Male,18/07/1981,  01120738641  ,tarek.mostafa26@outlook.com,Cairo,Greater Cairo,Bronze,2023-01-15
CUS02338,Lobna Ramadan,Female,1986-06-07,01023227092,lobna.ramadan2@outlook.com,Giza,Greater Cairo,Gold,2020-06-21
CUS00340,Tarek Ali,Male,1971-04-07, 01133373562,tarek.ali32@yahoo.com,Cairo,Greater Cairo,Gold,2021-01-06
CUS01860,Engy Mahmoud,Female,1992-06-27, 01242026149,engy.mahmoud5@yahoo.com,Zagazig,Nile Delta,Bronze,2022-01-25
CUS01660,Suzy Attia,Female,1984-12-15,01236248338,suzy.attia98@hotmail.com,Giza,Greater Cairo,Gold,2020-10-21
CUS00926,Khaled Bakr,Male,1974-07-01,  01020611935  ,khaled.bakr65@hotmail.com,Cairo,Greater Cairo,Silver,2023-01-01
CUS00266,Adel Ramadan,Male,1990-04-14,01143724189,adel.ramadan3@yahoo.com,Zagazig,Nile Delta,Platinum,2023-04-22
CUS00377,Dina Younis,Female,1975-07-04, 01118625158,dina.younis13@gmail.com,Aswan,Upper Egypt,Platinum,2020-05-25
CUS01942,Hassan Badawi,Male,10/11/1985,01047070243 ,hassan.badawi44@hotmail.com,Giza,Greater Cairo,Silver,2023-11-02
CUS01464,Rania Lotfy,FEMALE,1984-12-07,01126177844,rania.lotfy43@hotmail.com,Mansoura,Nile Delta,Silver,2020-01-10
CUS00272,Doha Ramadan,Female,08/11/2000,01129449696 ,,Aswan,Upper Egypt,Silver,2020-12-22
CUS00697,Karim Mostafa,Male,1988-12-02,01236164817,karim.mostafa90@gmail.com,Giza,Greater Cairo,Bronze,2022-05-07
CUS02645,Walid Khalil,Male,09/06/1977,01056761054,walid.khalil8@outlook.com,Cairo,Greater Cairo,Bronze,2020-11-05
CUS00245,Youssef Ahmed,Male,1987-06-14,  01257779407  ,,Cairo,Greater Cairo,Silver,2021-11-06
CUS02861,Hussein Khalil,Male,22/07/1975,01068228128,,Luxor,Upper Egypt,Silver,2023-08-21
CUS00477,Khaled Farouk,Male,1993-07-15, 01278915977,khaled.farouk88@hotmail.com,Cairo,Greater Cairo,Gold,2020-03-15
CUS01771,Lobna Bakr,Female,1981-04-11,01225776356,lobna.bakr55@hotmail.com,Giza,Greater Cairo,Silver,2023-12-03
CUS01799,Youssef Gamal,Male,1994-11-26,01137499569,youssef.gamal37@outlook.com,Cairo,Greater Cairo,Silver,2022-10-07
CUS01927,Fady Hamdy,Male,1994-12-26,01225041588,fady.hamdy16@yahoo.com,Alexandria,Alexandria,Gold,2022-07-08
CUS02928,Neveen Lotfy,female,1982-06-03,01275209469 ,neveen.lotfy73@yahoo.com,Ismailia,Canal Zone,Silver,2023-02-08
CUS02580,Walid Fathy,Male,1999-08-13,01191363583 ,walid.fathy17@yahoo.com,Mansoura,Nile Delta,Bronze,2022-10-13
CUS02831,Dalia Bakr,Female,1979-11-19,01163031529,dalia.bakr12@gmail.com,Alexandria,Alexandria,Bronze,2021-03-22
CUS00001,Manar Hamdy,Female,1977-10-07,  01283233096  ,manar.hamdy91@yahoo.com,Giza,Greater Cairo,Silver,2023-05-27
CUS02005,Dalia Badawi,Female,1984-02-05,01273932497,,Cairo,Greater Cairo,Bronze,2022-09-11
CUS01949,Akram Shaaban,Male,1995-06-20,  01182982115  ,akram.shaaban77@gmail.com,Giza,Greater Cairo,Bronze,2021-11-13
CUS00251,Emad Gamal,Male,1992-03-28, 01292269619,emad.gamal2@yahoo.com,Giza,Greater Cairo,Gold,2021-05-06
CUS00414,Tamer Ramadan,Male,1971-10-07,01016839113 ,tamer.ramadan29@hotmail.com,Alexandria,Alexandria,Silver,2023-08-02
CUS00546,Hany Badawi,male,1993-08-19, 01096277647,,Giza,Greater Cairo,Gold,2021-04-28
CUS01194,Radwa Nasser,Female,10/10/1986,01093708333,radwa.nasser61@hotmail.com,Mansoura,Nile Delta,Silver,2022-02-17
CUS00739,Eman Younis,Female,08/04/1997,01092988418,eman.younis31@yahoo.com,Giza,Greater Cairo,Bronze,2020-09-19
CUS00311,Neveen Attia,female,23/03/1976,  01165304811  ,neveen.attia58@gmail.com,Giza,Greater Cairo,Bronze,2022-11-17
CUS01765,Ashraf Ramadan,Male,1971-01-08,  01021574000  ,ashraf.ramadan64@yahoo.com,Cairo,Greater Cairo,Silver,2021-09-13
CUS00894,Mariam Rizk,Female,1999-07-01,01015922169,mariam.rizk5@yahoo.com,Giza,Greater Cairo,Bronze,2020-12-26
CUS01132,Mahmoud Zaki,Male,15/03/1981,01139361875,,Alexandria,Alexandria,Bronze,2020-06-08
CUS01450,Osama Sayed,Male,1973-08-01,01125319598 ,osama.sayed84@hotmail.com,Tanta,Nile Delta,Bronze,2020-03-07
CUS02955,Ibrahim Younis,male,1982-09-24,01077948922,ibrahim.younis18@hotmail.com,Port Said,Canal Zone,Silver,2022-01-12
CUS00016,Samah Badawi,Female,26/11/1974,01064069715,samah.badawi63@hotmail.com,Cairo,Greater Cairo,Silver,2020-12-03
CUS02032,Osama Gamal,Male,1999-12-17,  01052598189  ,osama.gamal84@outlook.com,Alexandria,Alexandria,Bronze,2020-11-08
CUS00722,Aisha Wahba,Female,17/02/1998, 01072166964,aisha.wahba93@gmail.com,Cairo,Greater Cairo,Silver,2022-10-04
CUS01421,Zeinab Nasser,female,1977-11-18,  01061598902  ,zeinab.nasser26@gmail.com,Giza,Greater Cairo,Bronze,2021-05-26
CUS02678,Sherif Ismail,Male,2003-01-15,01226881045 ,sherif.ismail39@hotmail.com,Cairo,Greater Cairo,Bronze,2023-06-01
CUS00982,Mariam Wahba,FEMALE,1975-07-11, 01064647821,mariam.wahba45@yahoo.com,Hurghada,Red Sea,Bronze,2023-08-15
CUS01953,Engy Gouda,FEMALE,10/01/1994,01093091442,engy.gouda85@outlook.com,Alexandria,Alexandria,Gold,2023-12-13
CUS01540,Hossam Sayed,Male,26/07/1991,01233450700,hossam.sayed79@gmail.com,Alexandria,Alexandria,Bronze,2023-07-23
CUS02893,Ali Wahba,Male,1979-03-02,01147839392,ali.wahba15@outlook.com,Hurghada,Red Sea,Silver,2020-07-09
CUS01551,Salma Ramadan,Female,1995-11-08,01174395527,salma.ramadan9@hotmail.com,Port Said,Canal Zone,Silver,2020-04-23
CUS02461,Mariam Rizk,Female,1995-12-09,  01274535451  ,mariam.rizk85@hotmail.com,Sharm El Sheikh,South Sinai,Bronze,2020-10-26
CUS00364,Hoda Ibrahim,Female,1991-01-20,01270251890 ,hoda.ibrahim2@yahoo.com,Alexandria,Alexandria,Gold,2020-10-25
CUS00983,Heba Farouk,Female,1978-02-22,  01097477918  ,heba.farouk88@gmail.com,Cairo,Greater Cairo,Gold,2023-05-13
CUS00183,Rana Lotfy,Female,1981-10-04,01152211394,rana.lotfy48@outlook.com,Port Said,Canal Zone,Bronze,2022-04-17
CUS00986,Dina Wahba,Female,1995-06-12,01050694371,dina.wahba5@outlook.com,Alexandria,Alexandria,Silver,2023-07-07
CUS02060,Radwa Khalil,female,13/03/2000,01185908907,radwa.khalil42@outlook.com,Alexandria,Alexandria,Silver,2021-08-08
CUS01195,Hassan Fathy,MALE,1982-03-10,  01234528574  ,hassan.fathy35@hotmail.com,Cairo,Greater Cairo,Bronze,2020-08-06
CUS01847,Emad Mahmoud,MALE,1977-09-22,01168115874 ,,Cairo,Greater Cairo,Bronze,2023-12-08
CUS01848,Hoda Mohamed,Female,23/09/1989,01240269419,,Cairo,Greater Cairo,Silver,2023-12-11
CUS01122,Aisha Mahmoud,FEMALE,1994-10-25,  01294258614  ,aisha.mahmoud59@outlook.com,Port Said,Canal Zone,Silver,2020-07-01
CUS00188,Mohamed Gouda,MALE,1973-02-13,01021558774 ,mohamed.gouda89@outlook.com,Alexandria,Alexandria,Gold,2022-05-11
CUS00620,Shaimaa Farouk,Female,1975-11-21,  01173265064  ,shaimaa.farouk6@yahoo.com,Zagazig,Nile Delta,Bronze,2021-03-19
CUS02689,Nader Mohamed,Male,1994-03-16,01213678434,nader.mohamed6@gmail.com,Alexandria,Alexandria,Bronze,2022-05-03
CUS01176,Emad Mahmoud,Male,02/10/1980,01154740105,emad.mahmoud79@yahoo.com,Alexandria,Alexandria,Bronze,2020-02-05
CUS01183,Ayman Fathy,Male,07/10/1994,01041471125,ayman.fathy13@hotmail.com,Mansoura,Nile Delta,Bronze,2020-03-11
CUS02422,Suzy Ali,Female,1994-05-19,01242880141,suzy.ali79@gmail.com,Cairo,Greater Cairo,Gold,2022-12-18
CUS02957,Samir Mohamed,Male,1987-03-04,  01011264861  ,,Zagazig,Nile Delta,Bronze,2023-08-17
CUS00615,Hany Bakr,Male,1997-03-09,01088433683,hany.bakr99@hotmail.com,Luxor,Upper Egypt,Bronze,2021-04-25
CUS01514,Hassan Fathy,Male,1992-11-13,01097292994,hassan.fathy19@gmail.com,Cairo,Greater Cairo,Bronze,2021-11-09
CUS01467,Nadia Fathy,Female,1996-03-04,01234454088,nadia.fathy51@yahoo.com,Ismailia,Canal Zone,Bronze,2022-06-09
CUS00402,Yasmin Abdallah,Female,19/07/1979,  01245885781  ,yasmin.abdallah32@outlook.com,Suez,Canal Zone,Platinum,2023-03-15
CUS00995,Eman Mansour,Female,1994-02-27,01117065104,eman.mansour32@yahoo.com,Giza,Greater Cairo,Silver,2023-02-10
CUS00935,Hana Hamdy,Female,1974-08-20,01239184664,hana.hamdy84@hotmail.com,Cairo,Greater Cairo,Bronze,2021-11-20
CUS00372,Ola Wahba,Female,2001-11-23,01117744982,ola.wahba5@hotmail.com,Cairo,Greater Cairo,Silver,2020-12-22
CUS02004,Ramy Gouda,Male,1985-02-01,  01134362552  ,ramy.gouda29@gmail.com,Cairo,Greater Cairo,Silver,2022-01-16
CUS02761,Manar Gouda,FEMALE,2002-09-22,01068646016,manar.gouda86@hotmail.com,Cairo,Greater Cairo,Gold,2022-10-17
CUS00594,Wael Gouda,Male,1983-05-04,01196172555,wael.gouda97@hotmail.com,Giza,Greater Cairo,Bronze,2022-05-23
CUS01992,Bassem Rizk,male,1985-01-10,01147891233,bassem.rizk66@yahoo.com,Cairo,Greater Cairo,Bronze,2023-05-18
CUS00727,Tarek Rizk,male,2000-02-26,01234898755,tarek.rizk39@yahoo.com,Cairo,Greater Cairo,Bronze,2023-01-12
CUS00827,Magdy Saad,male,1991-06-14, 01022378195,magdy.saad17@outlook.com,Giza,Greater Cairo,Bronze,2020-06-21
CUS01750,Tarek Khalil,Male,1982-02-27,01224454228,tarek.khalil86@yahoo.com,Cairo,Greater Cairo,Platinum,2021-06-13
CUS00688,Tarek Ibrahim,Male,1986-12-27,01170503600 ,tarek.ibrahim63@hotmail.com,Cairo,Greater Cairo,Bronze,2021-04-19
CUS02251,Amr Wahba,Male,1971-07-03,01287365941,amr.wahba91@outlook.com,Cairo,Greater Cairo,Bronze,2023-11-09
CUS00137,Eman Younis,female,1987-07-07,  01034482277  ,eman.younis90@outlook.com,Alexandria,Alexandria,Bronze,2021-06-01
CUS02489,Magdy Ibrahim,male,16/05/1990,01189243428,magdy.ibrahim98@yahoo.com,Alexandria,Alexandria,Bronze,2023-08-28
CUS00629,Ramy Zaki,Male,18/07/1998,  01077742871  ,ramy.zaki19@yahoo.com,Cairo,Greater Cairo,Silver,2020-04-24
CUS00335,Dalia Barakat,Female,1991-10-07,  01023782772  ,dalia.barakat74@yahoo.com,Cairo,Greater Cairo,Bronze,2022-06-14
CUS00391,Ali Sayed,Male,1992-08-06,01025750026,ali.sayed81@outlook.com,Sharm El Sheikh,South Sinai,Bronze,2021-01-04
CUS02347,Ahmed Nasser,Male,2003-06-25,01126547218 ,ahmed.nasser34@gmail.com,Tanta,Nile Delta,Bronze,2021-05-26
CUS01110,Aisha Hassan,female,1991-08-16,  01252008603  ,aisha.hassan73@gmail.com,Cairo,Greater Cairo,Silver,2020-08-07
CUS01814,Eman Gamal,female,02/03/1980,  01245592724  ,eman.gamal87@gmail.com,Cairo,Greater Cairo,Silver,2023-08-12
CUS02744,Ghada Ramadan,Female,1978-08-17,01094003009,ghada.ramadan34@gmail.com,Cairo,Greater Cairo,Gold,2021-04-10
CUS00711,Zeinab Mansour,Female,1970-10-02,01218457091,zeinab.mansour26@hotmail.com,Hurghada,Red Sea,Platinum,2020-11-09
CUS01040,Sara Mansour,Female,1976-03-03,  01016327866  ,sara.mansour45@outlook.com,Giza,Greater Cairo,Bronze,2020-11-03
CUS01964,Doha Abdallah,Female,1977-02-06,01152570341,doha.abdallah28@gmail.com,Giza,Greater Cairo,Gold,2020-05-20
CUS02070,Engy Hassan,Female,1978-08-05,01235014896,engy.hassan85@gmail.com,Giza,Greater Cairo,Silver,2021-05-21
CUS02639,Wael Bakr,male,2003-05-10,01211099806,wael.bakr57@outlook.com,Port Said,Canal Zone,Silver,2020-06-13
CUS01562,Nadia Ali,Female,01/11/2001,  01050046248  ,nadia.ali77@outlook.com,Cairo,Greater Cairo,Bronze,2020-02-18
CUS02803,Neveen Hafez,Female,1983-01-01,  01075086738  ,neveen.hafez23@hotmail.com,Port Said,Canal Zone,Bronze,2021-02-21
CUS01595,Youssef Lotfy,Male,1993-08-04,01164505900,youssef.lotfy87@gmail.com,Zagazig,Nile Delta,Bronze,2021-10-19
CUS02896,Hany Farouk,MALE,1985-06-17,01041224713 ,,Luxor,Upper Egypt,Platinum,2022-03-20
CUS02563,Eman Lotfy,Female,03/01/2001,01120396516,eman.lotfy57@gmail.com,Cairo,Greater Cairo,Bronze,2021-01-18
CUS01113,Tamer Farouk,male,1989-05-28,01034651384 ,tamer.farouk24@yahoo.com,Cairo,Greater Cairo,Platinum,2022-02-05
CUS00466,Rana Nasser,Female,2001-07-15,01190038028,rana.nasser55@yahoo.com,Giza,Greater Cairo,Gold,2022-06-21
CUS01561,Adel Hafez,Male,1995-05-20, 01172715673,,Giza,Greater Cairo,Bronze,2021-10-22
CUS01224,Akram Mansour,male,1973-09-28,01191605547,akram.mansour25@gmail.com,Port Said,Canal Zone,Bronze,2021-03-13
CUS02035,Ibrahim Fathy,Male,14/04/1999,01185777907,,Mansoura,Nile Delta,Platinum,2020-03-21
CUS01260,Eman Younis,Female,1978-04-10,  01198562616  ,eman.younis87@outlook.com,Alexandria,Alexandria,Bronze,2022-06-28
CUS02799,Hossam Rizk,MALE,2002-10-09, 01047068493,hossam.rizk50@outlook.com,Ismailia,Canal Zone,Silver,2020-05-10
CUS01509,Ali Sayed,MALE,1981-02-17,01130768534,,Mansoura,Nile Delta,Bronze,2023-02-07
CUS01105,Salma Mahmoud,female,1972-12-21,01170426196,,Sharm El Sheikh,South Sinai,Bronze,2020-12-23
CUS00661,Wael Hafez,Male,1981-07-27,01059899973,wael.hafez80@hotmail.com,Giza,Greater Cairo,Silver,2023-11-19
CUS00339,Sherif Amin,MALE,25/12/2000, 01160454028,sherif.amin10@hotmail.com,Alexandria,Alexandria,Bronze,2020-09-04
CUS00216,Hoda Ali,female,1985-12-21,  01011928065  ,hoda.ali59@yahoo.com,Cairo,Greater Cairo,Bronze,2020-02-04
CUS01616,Samah Gouda,Female,1981-09-02,01074312760,,Mansoura,Nile Delta,Gold,2020-11-22
CUS02118,Ayman Hassan,Male,1994-08-10, 01224243671,ayman.hassan65@outlook.com,Mansoura,Nile Delta,Gold,2023-03-04
CUS02988,Dalia Younis,Female,21/02/1996,01217269346,dalia.younis29@hotmail.com,Alexandria,Alexandria,Gold,2020-01-18
CUS02852,Hany Mahmoud,male,1989-10-23,  01045340693  ,hany.mahmoud5@outlook.com,Cairo,Greater Cairo,Bronze,2023-07-05
CUS01593,Ibrahim Zaki,MALE,1981-05-18,01141973862,ibrahim.zaki67@yahoo.com,Cairo,Greater Cairo,Silver,2020-03-10
CUS02368,Reem Ali,Female,1971-02-08,  01194244568  ,reem.ali7@outlook.com,Alexandria,Alexandria,Bronze,2023-01-19
CUS02006,Rana Attia,Female,1993-10-21,01213597082,,Zagazig,Nile Delta,Bronze,2020-08-05
CUS02565,Dalia Ragab,Female,1971-12-14,01092036648,dalia.ragab53@gmail.com,Giza,Greater Cairo,Bronze,2023-06-25
CUS00817,Rana Barakat,Female,1989-07-10, 01012779565,rana.barakat93@outlook.com,Alexandria,Alexandria,Platinum,2021-02-10
CUS01068,Walid Younis,Male,1973-01-27, 01234043964,,Cairo,Greater Cairo,Gold,2021-01-18
CUS02065,Fatima Mahmoud,female,1980-03-26,01020305086 ,fatima.mahmoud1@yahoo.com,Cairo,Greater Cairo,Bronze,2021-10-04
CUS00275,Ghada Ramadan,Female,1976-03-23,  01177959068  ,ghada.ramadan42@outlook.com,Alexandria,Alexandria,Silver,2020-01-21
CUS02282,Yasmin Ramadan,Female,2003-04-28,  01259789130  ,,Giza,Greater Cairo,Bronze,2020-04-28
CUS00866,Akram Gouda,Male,1973-10-24,  01074157929  ,akram.gouda72@hotmail.com,Alexandria,Alexandria,Gold,2023-03-05
CUS00102,Hossam Hafez,Male,22/03/1992,  01241478466  ,hossam.hafez58@hotmail.com,Mansoura,Nile Delta,Bronze,2022-12-19
CUS01502,Tamer Ibrahim,Male,1986-01-12,01039028805,tamer.ibrahim40@outlook.com,Alexandria,Alexandria,Silver,2021-04-18
CUS02185,Ahmed Mostafa,male,1980-07-20, 01132312966,,Mansoura,Nile Delta,Bronze,2021-12-05
CUS00172,Karim Attia,Male,1975-05-11,01297050454,karim.attia15@outlook.com,Cairo,Greater Cairo,Silver,2022-02-17
CUS00108,Ola Fathy,FEMALE,2000-10-01,01228652010 ,ola.fathy20@yahoo.com,Zagazig,Nile Delta,Silver,2021-06-20
CUS01941,Fady Younis,Male,1996-03-01,01026567920,fady.younis91@yahoo.com,Cairo,Greater Cairo,Silver,2021-11-08
CUS01522,Osama Barakat,Male,1990-12-08,01232614135,osama.barakat97@gmail.com,Port Said,Canal Zone,Silver,2022-08-26
CUS00859,Emad Mansour,Male,1991-06-09,01134502256,emad.mansour46@hotmail.com,Alexandria,Alexandria,Silver,2021-11-08
CUS02874,Sherif Badawi,Male,1997-04-25,01184576894,sherif.badawi38@hotmail.com,Giza,Greater Cairo,Bronze,2023-05-16
CUS02038,Sherif Amin,MALE,1983-11-12,  01080051422  ,sherif.amin31@gmail.com,Cairo,Greater Cairo,Bronze,2022-01-08
CUS02679,Fatima Hafez,Female,1996-11-27,01156574888,fatima.hafez96@gmail.com,Cairo,Greater Cairo,Gold,2023-06-18
CUS02481,Fatima Mansour,Female,1995-11-12,01170881409 ,fatima.mansour99@outlook.com,Cairo,Greater Cairo,Gold,2022-12-15
CUS02045,Omar Abdallah,Male,1972-04-15,  01090599649  ,omar.abdallah90@hotmail.com,Luxor,Upper Egypt,Gold,2022-08-22
CUS02288,Engy Salem,Female,1983-06-16,01249186351,,Giza,Greater Cairo,Gold,2020-03-10
CUS02378,Hoda Ragab,Female,1986-10-16,01070769004,hoda.ragab15@gmail.com,Hurghada,Red Sea,Bronze,2023-02-14
CUS02619,Maged Gamal,Male,1991-05-15,01137155007,maged.gamal92@gmail.com,Aswan,Upper Egypt,Bronze,2023-04-17
CUS02277,Tamer Gouda,Male,1982-08-28,  01143225726  ,tamer.gouda66@yahoo.com,Zagazig,Nile Delta,Bronze,2023-07-14
CUS00296,Amira Mahmoud,FEMALE,1989-08-05,  01166623671  ,amira.mahmoud63@outlook.com,Alexandria,Alexandria,Bronze,2020-08-19
CUS00713,Rana Hamdy,Female,1993-12-18, 01229554945,rana.hamdy48@outlook.com,Alexandria,Alexandria,Gold,2022-05-05
CUS00073,Osama Ahmed,male,1973-11-04,  01212649695  ,osama.ahmed33@outlook.com,Cairo,Greater Cairo,Silver,2021-04-23
CUS02034,Ibrahim Mostafa,Male,1997-03-09, 01190900715,ibrahim.mostafa26@outlook.com,Ismailia,Canal Zone,Silver,2022-03-14
CUS02307,Hazem Wahba,Male,1977-10-21,01161647453,hazem.wahba75@yahoo.com,Cairo,Greater Cairo,Silver,2022-05-20
CUS02887,Sherif Lotfy,Male,1990-06-19,01182221951,sherif.lotfy75@yahoo.com,Alexandria,Alexandria,Gold,2021-07-20
CUS02933,Nour Ibrahim,Female,2002-04-05,01194519537,nour.ibrahim70@gmail.com,Cairo,Greater Cairo,Silver,2023-02-01
CUS00482,Reem Khalil,Female,03/11/1990, 01035144941,reem.khalil55@hotmail.com,Tanta,Nile Delta,Gold,2020-03-09
CUS02985,Nadia Ismail,Female,24/02/2000,  01079762616  ,nadia.ismail36@gmail.com,Alexandria,Alexandria,Silver,2021-06-24
CUS01531,Essam Salem,Male,1981-05-05, 01080373780,essam.salem85@yahoo.com,Giza,Greater Cairo,Silver,2023-07-14
CUS02597,Ali Farouk,Male,1987-12-14,01133289986 ,ali.farouk97@yahoo.com,Cairo,Greater Cairo,Bronze,2020-05-22
CUS01515,Dina Hassan,Female,19/06/1970,01028676706,dina.hassan46@outlook.com,Cairo,Greater Cairo,Silver,2021-03-18
CUS02051,Samir Lotfy,Male,26/11/1992,01265446571,samir.lotfy43@hotmail.com,Giza,Greater Cairo,Bronze,2023-12-07
CUS01763,Mohamed Ismail,Male,1994-02-03,  01291546908  ,mohamed.ismail44@hotmail.com,Cairo,Greater Cairo,Bronze,2023-06-09
CUS01491,Manar Wahba,Female,1994-12-24, 01242830348,manar.wahba29@hotmail.com,Cairo,Greater Cairo,Bronze,2023-11-14
CUS01172,Heba Khalil,Female,06/03/1972,01059848952,heba.khalil5@hotmail.com,Ismailia,Canal Zone,Gold,2022-09-19
CUS02491,Rania Amin,Female,1998-02-14,01117507685,rania.amin28@gmail.com,Giza,Greater Cairo,Silver,2022-10-14
CUS02024,Maged Mostafa,Male,1983-03-22, 01210902071,maged.mostafa45@outlook.com,Cairo,Greater Cairo,Bronze,2023-08-03
CUS02109,Emad Ali,Male,1998-01-02,01245195672,emad.ali37@yahoo.com,Cairo,Greater Cairo,Bronze,2023-10-24
CUS02252,Dina Attia,Female,10/03/1977,01059425988 ,dina.attia95@gmail.com,Suez,Canal Zone,Silver,2021-03-12
CUS02309,Engy Wahba,Female,1983-03-02,01020152539 ,engy.wahba14@outlook.com,Cairo,Greater Cairo,Bronze,2023-10-01
CUS00406,Ali Ramadan,Male,06/07/2001, 01125197944,ali.ramadan16@hotmail.com,Suez,Canal Zone,Bronze,2022-08-10
CUS00758,Tamer Ramadan,Male,1986-04-01,01031930027,,Alexandria,Alexandria,Bronze,2023-03-22
CUS02330,Akram Barakat,male,27/07/1977,01284334891,akram.barakat15@gmail.com,Cairo,Greater Cairo,Silver,2020-05-06
CUS02220,Karim Saad,male,1996-02-13,  01160560759  ,karim.saad99@hotmail.com,Cairo,Greater Cairo,Bronze,2021-03-26
CUS01958,Ayman Mansour,Male,1975-11-07, 01143480128,,Giza,Greater Cairo,Bronze,2023-11-01
CUS00098,Fady Mohamed,Male,1994-11-04,01210791740,fady.mohamed90@gmail.com,Giza,Greater Cairo,Bronze,2022-09-04
CUS01334,Ibrahim Ali,Male,1976-07-04,01056963366,ibrahim.ali32@hotmail.com,Sharm El Sheikh,South Sinai,Bronze,2020-02-07
CUS02427,Lobna Sayed,Female,23/01/1978, 01076117451,lobna.sayed48@gmail.com,Cairo,Greater Cairo,Silver,2022-07-19
CUS00744,Mohamed Amin,Male,1974-08-23,01062193231,mohamed.amin58@outlook.com,Alexandria,Alexandria,Bronze,2020-07-09
CUS00807,Khaled Amin,MALE,1973-09-28,01282970220,khaled.amin69@gmail.com,Port Said,Canal Zone,Silver,2022-05-11
CUS02816,Hoda Ahmed,Female,10/02/1978,  01261120267  ,hoda.ahmed40@outlook.com,Hurghada,Red Sea,Bronze,2023-02-02
CUS01978,Hussein Badawi,Male,16/11/1993,01212097035,,Giza,Greater Cairo,Bronze,2022-09-14
CUS02541,Ibrahim Hassan,male,1979-09-12,01254955799,ibrahim.hassan20@hotmail.com,Mansoura,Nile Delta,Bronze,2022-03-01
CUS01536,Dalia Hafez,Female,1990-09-05,01031302349 ,dalia.hafez51@outlook.com,Cairo,Greater Cairo,Bronze,2022-05-24
CUS02085,Reem Hamdy,Female,2002-08-06,01133004548,reem.hamdy44@outlook.com,Alexandria,Alexandria,Gold,2020-03-23
CUS02141,Omar Wahba,MALE,1992-03-26,01290449200,omar.wahba1@gmail.com,Aswan,Upper Egypt,Silver,2022-02-09
CUS00149,Hany Lotfy,Male,1982-04-17,01243388408,hany.lotfy96@gmail.com,Cairo,Greater Cairo,Silver,2022-11-15
CUS01851,Ola Farouk,Female,21/09/1971,  01249967372  ,ola.farouk78@gmail.com,Giza,Greater Cairo,Bronze,2023-07-04
CUS02088,Adel Hassan,MALE,1994-11-06,01024007028 ,,Mansoura,Nile Delta,Bronze,2022-12-05
CUS01984,Mohamed Amin,Male,1987-04-25,  01146347748  ,mohamed.amin88@outlook.com,Alexandria,Alexandria,Silver,2022-01-27
CUS01316,Hussein Ali,Male,1995-11-17, 01166806940,,Mansoura,Nile Delta,Bronze,2020-03-28
CUS00693,Nader Hamdy,Male,1978-06-19,  01118472493  ,nader.hamdy89@yahoo.com,Alexandria,Alexandria,Silver,2022-11-16
CUS00819,Amr Younis,Male,1982-12-01,01221355740,amr.younis66@gmail.com,Cairo,Greater Cairo,Bronze,2021-12-04
CUS01729,Dina Khalil,Female,1983-12-06,01037915295,dina.khalil17@outlook.com,Aswan,Upper Egypt,Bronze,2023-09-13
CUS01387,Ramy Barakat,Male,1973-09-02,01080319709,ramy.barakat37@hotmail.com,Hurghada,Red Sea,Bronze,2020-01-10
CUS02319,Maged Mansour,Male,1990-05-02,01049824417,maged.mansour38@outlook.com,Giza,Greater Cairo,Silver,2022-05-08
CUS02091,Dina Zaki,female,1981-11-25, 01160810189,dina.zaki15@gmail.com,Hurghada,Red Sea,Bronze,2023-05-25
CUS01600,Engy Zaki,Female,1980-03-19, 01295546549,engy.zaki79@outlook.com,Suez,Canal Zone,Silver,2023-12-16
CUS02399,Omar Mahmoud,Male,24/02/1971, 01178606375,omar.mahmoud12@yahoo.com,Mansoura,Nile Delta,Bronze,2023-01-23
CUS02496,Yasmin Saad,Female,20/05/1970,01274373458,yasmin.saad62@yahoo.com,Alexandria,Alexandria,Bronze,2022-01-02
CUS00702,Hassan Nasser,Male,1998-03-04, 01140520595,,Cairo,Greater Cairo,Bronze,2021-08-02
CUS01957,Essam Ali,Male,1987-03-21,01057282459,,Mansoura,Nile Delta,Bronze,2022-10-08
CUS02701,Salma Ali,Female,1999-11-24,01071767391,salma.ali14@yahoo.com,Alexandria,Alexandria,Silver,2022-05-17
CUS00922,Noha Ahmed,Female,1988-07-13,01246771858,noha.ahmed64@outlook.com,Alexandria,Alexandria,Bronze,2020-06-26
CUS01425,Ola Ramadan,Female,1980-07-27,01138968791 ,ola.ramadan20@gmail.com,Ismailia,Canal Zone,Silver,2023-08-12
CUS01709,Hoda Hamdy,Female,2000-05-21,01197772059,hoda.hamdy55@hotmail.com,Mansoura,Nile Delta,Bronze,2023-12-10
CUS00906,Reham Younis,Female,2002-01-27,01083365847,reham.younis98@gmail.com,Suez,Canal Zone,Silver,2023-06-17
CUS00455,Youssef Ramadan,Male,28/05/1994,01268719406,youssef.ramadan13@gmail.com,Cairo,Greater Cairo,Bronze,2020-02-21
CUS02117,Dina Nasser,Female,1993-11-24,01051785474,dina.nasser60@gmail.com,Giza,Greater Cairo,Bronze,2021-07-09
CUS02316,Ashraf Mahmoud,male,26/09/1995,  01232006205  ,ashraf.mahmoud26@gmail.com,Cairo,Greater Cairo,Silver,2023-02-09
CUS02342,Tarek Salem,Male,1993-04-03,01274919405,,Cairo,Greater Cairo,Bronze,2021-08-01
CUS02336,Walid Ramadan,Male,1979-05-25,  01229576374  ,walid.ramadan38@yahoo.com,Giza,Greater Cairo,Gold,2020-02-14
CUS00168,Hany Ali,Male,1996-01-09,01139870720,,Cairo,Greater Cairo,Silver,2023-10-16
CUS00731,Akram Younis,Male,2001-02-14,01214149208 ,akram.younis99@gmail.com,Cairo,Greater Cairo,Bronze,2022-05-13
CUS02385,Suzy Ahmed,female,1987-03-24,01267227618,suzy.ahmed79@gmail.com,Giza,Greater Cairo,Silver,2021-08-14
CUS01311,Doha Hassan,Female,1981-12-26,  01156073599  ,doha.hassan35@hotmail.com,Cairo,Greater Cairo,Bronze,2022-09-13
CUS00027,Nadia Khalil,female,24/03/1993,01125845304,nadia.khalil9@hotmail.com,Cairo,Greater Cairo,Silver,2020-08-15
CUS02014,Wael Badawi,MALE,1990-04-15,  01117030982  ,wael.badawi15@outlook.com,Cairo,Greater Cairo,Silver,2022-06-22
CUS01653,Khaled Abdallah,MALE,1974-09-18,  01028751442  ,khaled.abdallah51@hotmail.com,Cairo,Greater Cairo,Bronze,2020-08-13
CUS01623,Reem Barakat,FEMALE,2002-08-05,  01160668069  ,reem.barakat37@yahoo.com,Alexandria,Alexandria,Bronze,2021-11-02
CUS00588,Lobna Badawi,Female,1980-03-13,01110447935,lobna.badawi13@outlook.com,Cairo,Greater Cairo,Bronze,2023-07-14
CUS01402,Ibrahim Mahmoud,Male,24/01/1991,  01222909427  ,ibrahim.mahmoud2@gmail.com,Cairo,Greater Cairo,Bronze,2020-03-13
CUS00998,Hossam Ahmed,Male,1977-08-07,01231958106,hossam.ahmed53@hotmail.com,Cairo,Greater Cairo,Bronze,2021-04-15
CUS01177,Karim Ibrahim,male,2000-08-10, 01259888093,karim.ibrahim35@gmail.com,Hurghada,Red Sea,Silver,2021-08-11
CUS01701,Osama Hassan,Male,1998-01-26, 01291335378,osama.hassan7@outlook.com,Ismailia,Canal Zone,Silver,2020-03-20
CUS01041,Hossam Younis,Male,1972-11-08,01230273667 ,hossam.younis46@yahoo.com,Alexandria,Alexandria,Bronze,2022-12-25
CUS00034,Magdy Saad,male,1984-02-07,  01088478184  ,magdy.saad16@hotmail.com,Port Said,Canal Zone,Bronze,2021-08-10
CUS02293,Ramy Ibrahim,Male,1988-11-22, 01044981801,ramy.ibrahim91@outlook.com,Cairo,Greater Cairo,Silver,2023-12-08
CUS02406,Reham Ragab,Female,1977-12-25,01155299771,reham.ragab64@gmail.com,Mansoura,Nile Delta,Silver,2020-05-18
CUS01380,Fatima Mansour,Female,10/04/1979,01171937331,fatima.mansour94@gmail.com,Alexandria,Alexandria,Silver,2022-06-16
CUS00042,Yasmin Ismail,female,2001-09-10,  01075825262  ,,Alexandria,Alexandria,Gold,2023-01-11
CUS01870,Reem Fathy,Female,15/09/1996,01054891281,reem.fathy9@gmail.com,Zagazig,Nile Delta,Bronze,2023-11-12
CUS02382,Nour Abdallah,Female,1993-12-01,01221482568 ,nour.abdallah82@hotmail.com,Luxor,Upper Egypt,Bronze,2023-06-05
CUS02650,Rana Ali,Female,1981-08-20,01292562530,rana.ali70@gmail.com,Giza,Greater Cairo,Platinum,2020-09-20
CUS02197,Maged Ali,Male,1987-10-20,01087299150,maged.ali50@hotmail.com,Alexandria,Alexandria,Silver,2023-08-08
CUS02124,Hossam Salem,male,1991-01-24,01077579774,hossam.salem60@outlook.com,Giza,Greater Cairo,Bronze,2020-11-16
CUS02195,Salma Farouk,female,1970-04-20,01142256463,salma.farouk6@hotmail.com,Cairo,Greater Cairo,Gold,2021-03-20
CUS00610,Zeinab Salem,Female,1979-10-10,01236842781,zeinab.salem85@hotmail.com,Tanta,Nile Delta,Bronze,2022-12-01
CUS01133,Sherif Zaki,Male,2001-03-09,01056938936,sherif.zaki22@yahoo.com,Cairo,Greater Cairo,Silver,2022-02-24
CUS00029,Tamer Mansour,Male,1972-09-26,01298007006 ,tamer.mansour35@gmail.com,Alexandria,Alexandria,Silver,2022-02-17
CUS00442,Yasmin Mohamed,Female,1994-08-19,  01048939164  ,yasmin.mohamed92@yahoo.com,Ismailia,Canal Zone,Bronze,2021-11-21
CUS02026,Magdy Shaaban,Male,2001-11-15,01159988419,magdy.shaaban62@outlook.com,Cairo,Greater Cairo,Bronze,2020-09-12
CUS02196,Reem Younis,Female,1971-02-03,01193134632,reem.younis43@hotmail.com,Giza,Greater Cairo,Gold,2023-04-22
CUS00494,Ali Nasser,Male,2003-03-18,  01276478665  ,ali.nasser81@hotmail.com,Cairo,Greater Cairo,Silver,2020-08-20
CUS01259,Rana Farouk,FEMALE,1991-11-05, 01028342286,rana.farouk1@gmail.com,Cairo,Greater Cairo,Bronze,2023-10-07
CUS01302,Maged Nasser,Male,1989-05-26,01173208859,maged.nasser81@hotmail.com,Port Said,Canal Zone,Gold,2022-11-03
CUS02582,Eman Zaki,Female,1983-09-24,01228555229 ,eman.zaki16@yahoo.com,Suez,Canal Zone,Bronze,2023-07-16
CUS02403,Emad Amin,male,24/09/1991,01047144357,emad.amin4@gmail.com,Giza,Greater Cairo,Bronze,2022-06-02
CUS01383,Karim Ragab,male,05/11/1984, 01267222186,karim.ragab20@gmail.com,Ismailia,Canal Zone,Silver,2020-12-22
CUS01305,Walid Younis,Male,1985-04-25,01030342394 ,walid.younis4@outlook.com,Tanta,Nile Delta,Gold,2021-02-18
CUS00237,Tamer Attia,Male,1990-03-01,01283302419,tamer.attia38@yahoo.com,Giza,Greater Cairo,Bronze,2023-06-23
CUS00552,Hussein Attia,male,1991-02-02,01272907057,hussein.attia45@gmail.com,Luxor,Upper Egypt,Gold,2021-05-10
CUS00521,Mona Amin,female,1992-02-03,  01269567530  ,mona.amin88@outlook.com,Alexandria,Alexandria,Gold,2020-11-14
CUS02253,Tarek Salem,Male,1993-06-18,01160970288,tarek.salem98@gmail.com,Mansoura,Nile Delta,Bronze,2020-11-16
CUS01233,Zeinab Abdallah,female,1984-06-03,01073140855 ,,Cairo,Greater Cairo,Platinum,2023-11-02
CUS01139,Lobna Wahba,Female,2002-03-24,01080898513,,Alexandria,Alexandria,Gold,2023-07-09
CUS00721,Wael Sayed,Male,1999-07-24,01142397292,wael.sayed91@outlook.com,Port Said,Canal Zone,Bronze,2021-10-14
CUS00736,Essam Saad,Male,11/09/1999,01044188706,essam.saad51@gmail.com,Luxor,Upper Egypt,Gold,2020-04-26
CUS02698,Salma Abdallah,female,1996-11-03, 01139615919,salma.abdallah99@yahoo.com,Giza,Greater Cairo,Bronze,2023-02-12
CUS01751,Hana Sayed,female,1998-03-08,01194025036 ,hana.sayed90@gmail.com,Alexandria,Alexandria,Gold,2023-02-01
CUS00059,Hazem Shaaban,Male,19/09/1978,  01033318633  ,hazem.shaaban59@gmail.com,Cairo,Greater Cairo,Bronze,2022-12-07
CUS00632,Shaimaa Nasser,Female,1974-01-25,  01128831186  ,shaimaa.nasser32@outlook.com,Suez,Canal Zone,Bronze,2021-11-14
CUS01182,Yasmin Mahmoud,Female,2002-09-08,01244141277,yasmin.mahmoud15@yahoo.com,Giza,Greater Cairo,Silver,2020-05-25
CUS02239,Maged Rizk,male,22/08/1993,  01116429227  ,maged.rizk45@yahoo.com,Cairo,Greater Cairo,Silver,2020-02-10
CUS00593,Mahmoud Hamdy,Male,1995-12-17,01297191836 ,mahmoud.hamdy98@gmail.com,Cairo,Greater Cairo,Silver,2021-06-14
CUS01304,Emad Gouda,Male,1994-12-02, 01289295660,emad.gouda37@gmail.com,Alexandria,Alexandria,Silver,2021-10-26
CUS01388,Ramy Shaaban,MALE,1994-09-11,01038665803,,Cairo,Greater Cairo,Bronze,2021-08-10
CUS02660,Akram Khalil,male,1995-05-28,  01273481608  ,akram.khalil34@outlook.com,Mansoura,Nile Delta,Bronze,2022-06-28
CUS02675,Youssef Rizk,Male,1972-06-24,  01141830633  ,,Suez,Canal Zone,Bronze,2021-10-01
CUS02901,Osama Hassan,Male,1986-07-11, 01048050958,osama.hassan40@gmail.com,Cairo,Greater Cairo,Bronze,2022-12-11
CUS00940,Aisha Ibrahim,Female,2003-07-15,  01160922531  ,aisha.ibrahim86@outlook.com,Alexandria,Alexandria,Silver,2023-02-01
CUS02836,Fady Sayed,Male,1972-11-06,01259036930,fady.sayed27@yahoo.com,Suez,Canal Zone,Bronze,2021-08-04
CUS01250,Ramy Barakat,Male,27/05/1983,01154314842 ,ramy.barakat88@hotmail.com,Mansoura,Nile Delta,Silver,2021-02-16
CUS00905,Aisha Rizk,Female,1976-09-26,01041569450 ,aisha.rizk65@outlook.com,Giza,Greater Cairo,Platinum,2021-02-03
CUS02587,Mohamed Sayed,Male,1982-10-21, 01293763240,mohamed.sayed51@outlook.com,Cairo,Greater Cairo,Bronze,2023-12-25
CUS01280,Suzy Zaki,Female,2002-01-19,01176876044,suzy.zaki44@gmail.com,Alexandria,Alexandria,Bronze,2021-11-14
CUS02440,Dalia Badawi,FEMALE,1970-04-04,  01084841091  ,,Cairo,Greater Cairo,Bronze,2022-12-09
CUS02927,Salma Khalil,Female,1988-07-16,01096665204,salma.khalil22@yahoo.com,Hurghada,Red Sea,Gold,2023-02-01
CUS02162,Walid Younis,Male,1996-08-09,  01258786580  ,walid.younis98@yahoo.com,Mansoura,Nile Delta,Bronze,2022-08-24
CUS02425,Ahmed Badawi,Male,11/06/1980,  01034667121  ,ahmed.badawi41@hotmail.com,Giza,Greater Cairo,Bronze,2020-02-07
CUS02504,Akram Lotfy,MALE,1981-06-24,01180003571 ,akram.lotfy58@gmail.com,Port Said,Canal Zone,Silver,2023-03-21
CUS01143,Dalia Ragab,FEMALE,04/12/1972,01262070271,dalia.ragab92@gmail.com,Tanta,Nile Delta,Silver,2022-02-19
CUS02419,Tamer Ahmed,Male,11/03/1979,  01158262926  ,,Cairo,Greater Cairo,Bronze,2022-01-20
CUS00707,Amr Hafez,Male,1983-08-24,01153937353,amr.hafez62@hotmail.com,Giza,Greater Cairo,Bronze,2021-02-20
CUS02686,Ali Shaaban,MALE,1985-04-13,01027295330,ali.shaaban55@outlook.com,Cairo,Greater Cairo,Bronze,2021-07-03
CUS01023,Nadia Saad,Female,1998-05-08,01246190360,nadia.saad85@yahoo.com,Port Said,Canal Zone,Silver,2021-04-02
CUS00746,Youssef Mahmoud,Male,03/05/1973,01244245026,youssef.mahmoud24@yahoo.com,Suez,Canal Zone,Silver,2023-05-06
CUS01547,Bassem Sayed,Male,1971-02-15,01192647878,,Hurghada,Red Sea,Silver,2020-07-15
CUS02395,Dalia Fathy,Female,1985-12-17,01280665528,dalia.fathy68@outlook.com,Suez,Canal Zone,Bronze,2023-03-17
CUS02081,Osama Ahmed,Male,1998-12-22, 01213387634,osama.ahmed70@gmail.com,Cairo,Greater Cairo,Platinum,2020-02-04
CUS00514,Mona Amin,Female,1998-11-25,  01125332850  ,mona.amin39@gmail.com,Luxor,Upper Egypt,Silver,2020-05-28
CUS00082,Magdy Mahmoud,male,2001-08-11,01076756320,,Mansoura,Nile Delta,Silver,2020-02-26
CUS02706,Nader Farouk,Male,1994-02-04,  01126396664  ,nader.farouk61@gmail.com,Hurghada,Red Sea,Bronze,2022-04-25
CUS01309,Maged Zaki,Male,1995-06-14,01128805580,maged.zaki32@outlook.com,Giza,Greater Cairo,Bronze,2021-07-07
CUS02536,Ali Ramadan,Male,1970-03-06, 01132790131,ali.ramadan25@hotmail.com,Aswan,Upper Egypt,Bronze,2020-08-14
CUS00915,Ashraf Hassan,Male,1991-03-08, 01044160093,ashraf.hassan90@gmail.com,Alexandria,Alexandria,Silver,2021-06-09
CUS01405,Mariam Ragab,Female,1997-06-05, 01229057175,mariam.ragab22@outlook.com,Mansoura,Nile Delta,Bronze,2021-05-01
CUS01648,Engy Hassan,Female,22/05/1976, 01296689645,engy.hassan92@yahoo.com,Aswan,Upper Egypt,Bronze,2022-11-05
CUS02806,Samir Shaaban,male,06/08/1972,  01155695129  ,samir.shaaban93@hotmail.com,Ismailia,Canal Zone,Silver,2023-07-02
CUS01109,Magdy Khalil,Male,1973-03-25,01014267792,magdy.khalil54@yahoo.com,Tanta,Nile Delta,Bronze,2020-10-12
CUS00151,Doha Amin,Female,25/07/1983,01244103265 ,,Suez,Canal Zone,Bronze,2020-05-20
CUS02772,Nader Bakr,MALE,1992-02-22,01186527022,nader.bakr98@outlook.com,Cairo,Greater Cairo,Gold,2022-02-03
CUS00775,Hana Younis,Female,1977-04-13,  01254102252  ,hana.younis43@yahoo.com,Hurghada,Red Sea,Bronze,2023-01-04
CUS00330,Doha Ramadan,Female,1996-05-04,01279564413,doha.ramadan29@gmail.com,Cairo,Greater Cairo,Bronze,2022-07-18
CUS00007,Wael Barakat,Male,1981-09-06,01185141654 ,wael.barakat24@outlook.com,Cairo,Greater Cairo,Silver,2023-01-24
CUS00944,Manar Hamdy,female,1989-02-23,01040171534,manar.hamdy52@hotmail.com,Aswan,Upper Egypt,Silver,2023-01-17
CUS00823,Hazem Fathy,Male,1990-07-04,01177200602,hazem.fathy2@gmail.com,Giza,Greater Cairo,Bronze,2021-04-27
CUS00735,Fady Nasser,Male,1999-10-17,01025731762,fady.nasser82@hotmail.com,Giza,Greater Cairo,Bronze,2021-11-26
CUS00910,Reem Mansour,Female,2001-05-22,01284250773,,Giza,Greater Cairo,Gold,2023-10-26
CUS00469,Hana Sayed,Female,1987-12-20,01220042733,hana.sayed41@yahoo.com,Cairo,Greater Cairo,Bronze,2021-01-26
CUS00182,Nour Barakat,female,1989-10-24,01252346074,nour.barakat46@gmail.com,Cairo,Greater Cairo,Bronze,2021-05-27
CUS00165,Karim Abdallah,Male,1989-12-23,01228153282 ,karim.abdallah73@yahoo.com,Cairo,Greater Cairo,Silver,2022-02-18
CUS01524,Suzy Hassan,Female,1986-09-25,01264225586,suzy.hassan43@outlook.com,Cairo,Greater Cairo,Bronze,2021-10-06
CUS00452,Sara Salem,Female,27/11/1990,  01252481963  ,sara.salem41@gmail.com,Alexandria,Alexandria,Silver,2023-05-17
CUS00491,Hassan Zaki,Male,1999-09-06,  01168638761  ,hassan.zaki88@hotmail.com,Giza,Greater Cairo,Bronze,2023-06-14
CUS00814,Samah Ali,Female,16/11/1972, 01064590632,samah.ali80@hotmail.com,Port Said,Canal Zone,Silver,2020-10-25
CUS01144,Dalia Barakat,Female,1991-06-01,  01226170596  ,dalia.barakat22@gmail.com,Alexandria,Alexandria,Silver,2020-08-06
CUS01312,Hany Hassan,Male,1989-08-25,  01041329793  ,hany.hassan90@gmail.com,Suez,Canal Zone,Bronze,2022-11-16
CUS02898,Samah Ramadan,FEMALE,1988-12-21,01255345476,samah.ramadan15@yahoo.com,Giza,Greater Cairo,Gold,2022-01-21
CUS01112,Nadia Bakr,FEMALE,14/12/1987,  01076569035  ,nadia.bakr61@gmail.com,Cairo,Greater Cairo,Bronze,2023-05-10
CUS02902,Hazem Wahba,Male,13/05/1995,01112305116,hazem.wahba11@outlook.com,Hurghada,Red Sea,Bronze,2022-03-03
CUS01827,Ghada Salem,Female,1991-12-13,01010092296,ghada.salem77@outlook.com,Cairo,Greater Cairo,Bronze,2020-08-06
CUS01442,Ayman Salem,Male,1975-12-02,01277567852,,Cairo,Greater Cairo,Gold,2021-07-19
CUS02714,Mariam Rizk,Female,20/09/1973,01094967012 ,mariam.rizk96@gmail.com,Giza,Greater Cairo,Bronze,2022-08-19
CUS01007,Lobna Rizk,Female,18/06/1979,  01285977102  ,lobna.rizk24@yahoo.com,Tanta,Nile Delta,Bronze,2022-07-02
CUS01628,Amr Nasser,Male,1978-08-17,01249448319,amr.nasser49@yahoo.com,Alexandria,Alexandria,Bronze,2023-02-11
CUS01633,Omar Barakat,male,28/02/1976,  01295025332  ,omar.barakat90@yahoo.com,Mansoura,Nile Delta,Bronze,2021-06-21
CUS01075,Samir Bakr,male,08/10/1993, 01268662999,samir.bakr29@hotmail.com,Ismailia,Canal Zone,Bronze,2020-08-27
CUS00579,Adel Ali,MALE,1977-06-24,01081305655,,Alexandria,Alexandria,Bronze,2021-11-16
CUS02137,Hossam Mohamed,Male,1983-11-13,01161665474 ,hossam.mohamed62@yahoo.com,Cairo,Greater Cairo,Bronze,2020-11-08
CUS02383,Hana Fathy,Female,1986-05-24,01246116215 ,hana.fathy50@outlook.com,Suez,Canal Zone,Bronze,2021-04-27
CUS02702,Adel Abdallah,Male,1976-02-24, 01274742125,adel.abdallah75@gmail.com,Ismailia,Canal Zone,Silver,2020-11-25
CUS02340,Essam Ramadan,Male,1990-08-24,  01117182398  ,essam.ramadan36@gmail.com,Giza,Greater Cairo,Platinum,2022-11-28
CUS00328,Hossam Nasser,Male,1970-04-27,  01263161787  ,hossam.nasser25@yahoo.com,Mansoura,Nile Delta,Silver,2020-10-05
CUS01791,Neveen Mostafa,Female,2000-07-19,01261760045,neveen.mostafa48@hotmail.com,Cairo,Greater Cairo,Gold,2022-05-24
CUS00443,Reham Barakat,Female,15/06/2003, 01055502589,,Giza,Greater Cairo,Platinum,2023-04-07
CUS01859,Hossam Shaaban,Male,2001-11-14,01189796198 ,hossam.shaaban57@outlook.com,Aswan,Upper Egypt,Gold,2023-10-09
CUS02718,Suzy Ramadan,female,1970-12-11,01112657546,suzy.ramadan7@gmail.com,Ismailia,Canal Zone,Silver,2021-01-14
CUS00313,Sherif Attia,Male,2000-01-24,01085031292 ,sherif.attia16@hotmail.com,Cairo,Greater Cairo,Bronze,2022-01-17
CUS00833,Magdy Rizk,Male,1980-07-25,01286878220,magdy.rizk49@hotmail.com,Cairo,Greater Cairo,Bronze,2023-02-17
CUS02412,Hossam Ramadan,male,1970-02-23,01156689416,hossam.ramadan1@outlook.com,Cairo,Greater Cairo,Bronze,2023-09-09
CUS02139,Karim Sayed,Male,23/03/1982,  01156029957  ,karim.sayed58@gmail.com,Cairo,Greater Cairo,Gold,2022-01-27
CUS01415,Karim Badawi,Male,1995-02-13,  01132683880  ,karim.badawi69@gmail.com,Alexandria,Alexandria,Silver,2023-05-19
CUS01202,Ayman Ali,Male,1991-01-08,01243283131 ,ayman.ali4@outlook.com,Cairo,Greater Cairo,Silver,2023-11-15
CUS02352,Reem Nasser,Female,1973-02-01,  01154046668  ,reem.nasser34@outlook.com,Suez,Canal Zone,Silver,2022-09-27
CUS01500,Ashraf Shaaban,Male,1994-09-05,  01292424462  ,ashraf.shaaban77@hotmail.com,Luxor,Upper Egypt,Silver,2020-09-21
CUS01968,Fatima Nasser,Female,1978-01-09, 01096466715,fatima.nasser40@yahoo.com,Giza,Greater Cairo,Bronze,2020-01-14
CUS00087,Doha Wahba,Female,20/07/1994, 01243318046,doha.wahba18@yahoo.com,Zagazig,Nile Delta,Gold,2023-10-23
CUS01404,Walid Gouda,Male,1975-05-13,01077827904,walid.gouda31@yahoo.com,Zagazig,Nile Delta,Gold,2020-04-03
CUS02974,Salma Sayed,female,2000-10-05, 01065474248,,Zagazig,Nile Delta,Silver,2022-08-14
CUS02361,Sara Ramadan,female,1975-02-19,01155225924,sara.ramadan15@yahoo.com,Cairo,Greater Cairo,Bronze,2022-11-02
CUS01482,Emad Younis,Male,1995-11-13,01268201944 ,emad.younis3@outlook.com,Cairo,Greater Cairo,Gold,2020-08-23
CUS00778,Ola Mahmoud,Female,13/03/1992,01083189524,ola.mahmoud99@gmail.com,Zagazig,Nile Delta,Bronze,2020-03-05
CUS00800,Reem Ali,Female,2000-12-09,01232419424,reem.ali28@outlook.com,Port Said,Canal Zone,Silver,2022-02-03
CUS01667,Magdy Abdallah,Male,1978-04-11,01030607888,magdy.abdallah86@hotmail.com,Cairo,Greater Cairo,Bronze,2021-11-09
CUS01895,Heba Ragab,Female,1998-07-13,01046637295,heba.ragab39@gmail.com,Alexandria,Alexandria,Silver,2021-05-06
CUS00055,Emad Barakat,Male,1999-01-26,01293625419,emad.barakat73@gmail.com,Alexandria,Alexandria,Bronze,2020-10-25
CUS02400,Sara Attia,Female,07/10/1987,01070533728 ,sara.attia1@yahoo.com,Mansoura,Nile Delta,Platinum,2020-12-23
CUS01288,Doha Saad,Female,1998-01-22,01247657195,doha.saad10@outlook.com,Giza,Greater Cairo,Bronze,2023-08-11
CUS01921,Omar Fathy,Male,10/07/1983,  01277050835  ,omar.fathy6@outlook.com,Tanta,Nile Delta,Gold,2022-12-23
CUS01668,Sherif Mostafa,male,1997-10-05,01214044767,sherif.mostafa16@outlook.com,Port Said,Canal Zone,Gold,2023-10-13
CUS02630,Suzy Badawi,Female,1985-05-16,01049566500,suzy.badawi19@gmail.com,Giza,Greater Cairo,Bronze,2023-12-10
CUS02190,Hany Sayed,male,1974-08-04,01143745610,hany.sayed51@hotmail.com,Mansoura,Nile Delta,Gold,2023-06-22
CUS01702,Yasmin Zaki,Female,1979-07-17,  01090361394  ,yasmin.zaki93@gmail.com,Giza,Greater Cairo,Bronze,2023-05-04
CUS01246,Khaled Barakat,Male,1975-11-21,01145699484,,Mansoura,Nile Delta,Silver,2021-10-02
CUS00114,Hassan Younis,male,1996-05-07,01010954835,hassan.younis89@hotmail.com,Hurghada,Red Sea,Bronze,2023-06-04
CUS02910,Mona Mohamed,FEMALE,1975-11-24,  01140195198  ,mona.mohamed1@outlook.com,Giza,Greater Cairo,Bronze,2021-05-09
CUS00988,Sherif Ragab,Male,1978-12-11,01284464701,sherif.ragab66@gmail.com,Giza,Greater Cairo,Silver,2023-10-22
CUS00502,Sara Badawi,Female,1993-10-21, 01033362909,sara.badawi74@yahoo.com,Alexandria,Alexandria,Bronze,2021-05-16
CUS02188,Osama Sayed,Male,1988-09-14,01242989642,osama.sayed3@hotmail.com,Hurghada,Red Sea,Silver,2020-05-22
CUS01010,Noha Shaaban,Female,1973-09-26,01199116571 ,noha.shaaban50@gmail.com,Alexandria,Alexandria,Silver,2022-12-09
CUS01199,Adel Fathy,Male,1996-12-04,01139813647,adel.fathy59@gmail.com,Zagazig,Nile Delta,Bronze,2023-12-13
CUS01395,Hany Rizk,male,1990-02-21,  01118218152  ,hany.rizk55@gmail.com,Giza,Greater Cairo,Silver,2021-01-26
CUS00590,Samah Wahba,Female,15/03/1982,  01142120359  ,samah.wahba38@gmail.com,Cairo,Greater Cairo,Bronze,2020-04-19
CUS00769,Karim Gamal,Male,1974-01-02,  01162285733  ,karim.gamal91@hotmail.com,Giza,Greater Cairo,Bronze,2023-03-27
CUS00018,Maged Mohamed,Male,15/03/1977,01110090721,maged.mohamed84@hotmail.com,Alexandria,Alexandria,Silver,2021-05-03
CUS01043,Nadia Lotfy,Female,1982-04-24,01210202363,nadia.lotfy39@outlook.com,Giza,Greater Cairo,Gold,2020-05-17
CUS01448,Wael Mansour,Male,1972-09-24,01020307567,wael.mansour82@outlook.com,Aswan,Upper Egypt,Bronze,2021-07-27
CUS02502,Yasmin Saad,Female,1985-05-23,01022885366,yasmin.saad74@outlook.com,Hurghada,Red Sea,Silver,2022-07-06
CUS00286,Youssef Wahba,Male,1987-10-22,01238507329,youssef.wahba54@gmail.com,Cairo,Greater Cairo,Bronze,2021-08-22
CUS02683,Samir Amin,male,1971-03-08,01227649760,samir.amin58@yahoo.com,Cairo,Greater Cairo,Bronze,2021-05-22
CUS00429,Samir Farouk,male,1994-11-23,  01076011040  ,samir.farouk46@gmail.com,Giza,Greater Cairo,Gold,2022-02-12
CUS01329,Reham Mahmoud,Female,1976-07-26,  01298017125  ,,Mansoura,Nile Delta,Bronze,2021-08-05
CUS02030,Wael Ahmed,Male,1982-02-18,01235490427,wael.ahmed11@gmail.com,Mansoura,Nile Delta,Silver,2020-09-09
CUS00670,Tamer Younis,Male,1981-07-09,01059402605,,Giza,Greater Cairo,Gold,2023-12-18
CUS00032,Shaimaa Sayed,Female,1983-09-08,01176038997,shaimaa.sayed6@yahoo.com,Cairo,Greater Cairo,Bronze,2023-12-12
CUS01342,Dina Ali,female,2001-05-20,01098264438,dina.ali32@yahoo.com,Alexandria,Alexandria,Gold,2020-06-10
CUS00723,Magdy Younis,Male,10/01/1980,01254481849 ,,Cairo,Greater Cairo,Bronze,2023-08-08
CUS00952,Ghada Ragab,Female,15/01/1987,01038356463,ghada.ragab65@yahoo.com,Mansoura,Nile Delta,Bronze,2022-12-26
CUS01915,Magdy Younis,male,1982-03-28, 01080868705,magdy.younis53@hotmail.com,Giza,Greater Cairo,Silver,2022-12-04
CUS02331,Samir Wahba,Male,10/06/1989, 01169002170,samir.wahba95@outlook.com,Cairo,Greater Cairo,Gold,2022-02-19
CUS00215,Mona Shaaban,Female,26/04/1977,01299565693,mona.shaaban95@yahoo.com,Tanta,Nile Delta,Bronze,2020-01-24
CUS00990,Dalia Mansour,FEMALE,02/11/1993, 01181354003,dalia.mansour5@yahoo.com,Aswan,Upper Egypt,Gold,2020-02-23
CUS01165,Tarek Mostafa,MALE,1988-05-27,01264243868,tarek.mostafa55@gmail.com,Cairo,Greater Cairo,Gold,2021-10-28
CUS02840,Ashraf Sayed,Male,2002-02-14,01233621676 ,,Giza,Greater Cairo,Silver,2022-06-08
CUS02697,Mahmoud Amin,Male,1982-07-27,01132887525,mahmoud.amin92@yahoo.com,Tanta,Nile Delta,Bronze,2020-07-11
CUS00327,Karim Badawi,Male,1970-04-24,01047733231,karim.badawi81@hotmail.com,Alexandria,Alexandria,Platinum,2021-04-16
CUS00561,Rana Hamdy,Female,2003-01-22,01165885406,rana.hamdy65@yahoo.com,Tanta,Nile Delta,Bronze,2022-02-06
CUS01384,Emad Abdallah,Male,1994-05-25, 01237318709,emad.abdallah74@outlook.com,Cairo,Greater Cairo,Gold,2020-09-06
CUS01725,Zeinab Ismail,Female,1974-02-05, 01220267379,zeinab.ismail72@outlook.com,Tanta,Nile Delta,Bronze,2020-07-14
CUS01087,Suzy Hafez,female,1992-09-05,01224919894,suzy.hafez75@outlook.com,Mansoura,Nile Delta,Silver,2020-03-10
CUS02671,Mariam Wahba,female,1996-04-05,  01117343069  ,mariam.wahba5@yahoo.com,Mansoura,Nile Delta,Bronze,2020-01-13
CUS00342,Mariam Ismail,Female,1982-09-13, 01260231696,mariam.ismail98@yahoo.com,Alexandria,Alexandria,Bronze,2022-03-11
CUS01654,Salma Mohamed,Female,1979-04-14,01125618711,salma.mohamed41@gmail.com,Giza,Greater Cairo,Bronze,2023-08-14
CUS00148,Dalia Ahmed,female,1993-09-24,01159535555,dalia.ahmed94@gmail.com,Alexandria,Alexandria,Platinum,2022-02-07
CUS02377,Walid Amin,Male,1979-11-24,01185208890,,Giza,Greater Cairo,Bronze,2023-04-16
CUS02810,Tarek Mostafa,Male,04/06/1999,01260507170,tarek.mostafa44@outlook.com,Tanta,Nile Delta,Gold,2022-04-03
CUS01108,Sherif Mansour,MALE,1996-02-04,  01293464229  ,sherif.mansour89@outlook.com,Zagazig,Nile Delta,Bronze,2021-01-16
CUS00849,Suzy Mansour,Female,1976-11-07,01179715974,suzy.mansour63@outlook.com,Alexandria,Alexandria,Gold,2021-07-28
CUS00967,Hazem Younis,male,1974-02-18,01194135858,hazem.younis79@yahoo.com,Tanta,Nile Delta,Silver,2022-06-25
CUS01073,Ayman Shaaban,Male,1993-03-10,  01060711458  ,ayman.shaaban79@outlook.com,Cairo,Greater Cairo,Gold,2023-03-11
CUS02511,Osama Hafez,Male,1974-01-13,  01281038862  ,,Cairo,Greater Cairo,Platinum,2021-10-17
CUS01906,Noha Wahba,Female,2000-07-14,  01237489392  ,noha.wahba36@yahoo.com,Cairo,Greater Cairo,Bronze,2021-04-18
CUS00156,Samir Shaaban,male,1979-03-11,01073868130,,Cairo,Greater Cairo,Silver,2023-12-05
CUS00666,Tamer Hafez,male,1986-03-12,01136930692,tamer.hafez65@gmail.com,Cairo,Greater Cairo,Bronze,2021-03-21
CUS00662,Shaimaa Nasser,Female,23/07/1987,01065819457,shaimaa.nasser63@hotmail.com,Ismailia,Canal Zone,Bronze,2020-11-23
CUS01003,Ola Nasser,Female,1985-03-06,01095890840,ola.nasser67@yahoo.com,Luxor,Upper Egypt,Gold,2020-05-12
CUS02379,Magdy Zaki,Male,1998-07-26,01168053270 ,magdy.zaki11@gmail.com,Giza,Greater Cairo,Bronze,2021-06-06
CUS02698,Salma Abdallah,female,1996-11-03, 01139615919,salma.abdallah99@yahoo.com,Giza,Greater Cairo,Bronze,2023-02-12
CUS00177,Adel Bakr,male,1993-07-27,01067354434,adel.bakr36@hotmail.com,Tanta,Nile Delta,Silver,2023-09-07
CUS02699,Eman Ismail,Female,1977-01-20,01054982975,eman.ismail4@hotmail.com,Hurghada,Red Sea,Silver,2021-12-03
CUS01880,Hassan Khalil,Male,2001-03-28,01235205271,hassan.khalil17@hotmail.com,Alexandria,Alexandria,Bronze,2020-09-11
CUS01525,Noha Khalil,female,2003-03-23,01210216145,noha.khalil27@gmail.com,Alexandria,Alexandria,Bronze,2023-09-17
CUS02865,Mohamed Ismail,Male,1993-08-05,01260507167,mohamed.ismail12@gmail.com,Giza,Greater Cairo,Bronze,2023-12-16
CUS01204,Nader Nasser,Male,2002-06-22,01216266737 ,nader.nasser88@yahoo.com,Giza,Greater Cairo,Silver,2023-07-01
CUS01991,Hazem Mahmoud,Male,1998-04-12,01149552670,hazem.mahmoud64@outlook.com,Hurghada,Red Sea,Silver,2023-05-10
CUS00025,Yasmin Saad,FEMALE,1975-05-03,01237272705,yasmin.saad98@gmail.com,Giza,Greater Cairo,Silver,2022-12-14
CUS02858,Samir Younis,MALE,08/07/1978,01038284627,samir.younis70@hotmail.com,Cairo,Greater Cairo,Silver,2023-06-03
CUS02092,Nadia Lotfy,FEMALE,1988-03-19,01277257605,nadia.lotfy28@outlook.com,Ismailia,Canal Zone,Gold,2022-11-19
CUS02113,Hany Ahmed,Male,2002-06-10,01121655092,hany.ahmed56@gmail.com,Cairo,Greater Cairo,Silver,2021-11-01
CUS02939,Fady Rizk,Male,11/01/2003,01272626684,,Port Said,Canal Zone,Platinum,2021-05-05
CUS00876,Sherif Mansour,Male,1971-06-06,01030829470,sherif.mansour22@gmail.com,Cairo,Greater Cairo,Gold,2023-06-22
CUS02740,Fady Ismail,Male,1990-08-26,01294864485,fady.ismail58@yahoo.com,Cairo,Greater Cairo,Bronze,2021-07-03
CUS00939,Hana Mansour,FEMALE,2003-09-02,01287587787,,Cairo,Greater Cairo,Bronze,2020-01-06
CUS02743,Hassan Fathy,Male,1986-02-20,  01151147664  ,hassan.fathy20@hotmail.com,Cairo,Greater Cairo,Silver,2023-11-17
CUS01553,Reem Gouda,Female,1986-12-25,01028990527,reem.gouda75@gmail.com,Aswan,Upper Egypt,Bronze,2020-03-22
CUS00347,Mahmoud Ismail,Male,1991-04-22, 01143557605,mahmoud.ismail91@yahoo.com,Mansoura,Nile Delta,Bronze,2022-01-25
CUS02549,Noha Amin,FEMALE,1997-12-08,01143601760,,Giza,Greater Cairo,Platinum,2021-02-17
CUS01699,Aisha Mahmoud,Female,1980-07-19,01217115675,aisha.mahmoud75@hotmail.com,Ismailia,Canal Zone,Bronze,2021-12-09
CUS00386,Salma Sayed,Female,18/01/1995,  01152402900  ,salma.sayed59@yahoo.com,Hurghada,Red Sea,Silver,2022-03-24
CUS02550,Omar Ismail,Male,1992-11-16,01226014825,omar.ismail14@hotmail.com,Cairo,Greater Cairo,Bronze,2023-07-06
CUS02647,Suzy Saad,Female,1990-06-20,01017115745,suzy.saad47@hotmail.com,Port Said,Canal Zone,Platinum,2022-08-28
CUS02122,Radwa Rizk,female,1990-03-08,  01210792562  ,radwa.rizk20@outlook.com,Alexandria,Alexandria,Bronze,2023-09-12
CUS00937,Essam Sayed,male,1987-08-22,01044063535 ,essam.sayed77@outlook.com,Cairo,Greater Cairo,Bronze,2022-03-09
CUS02624,Heba Younis,Female,2000-04-12,01251723183 ,heba.younis24@hotmail.com,Suez,Canal Zone,Bronze,2021-06-15
CUS02973,Ahmed Ibrahim,MALE,17/01/1979,01124183449 ,ahmed.ibrahim28@yahoo.com,Hurghada,Red Sea,Bronze,2023-02-19
CUS01333,Hassan Mostafa,Male,1981-11-14,01261441320,hassan.mostafa87@gmail.com,Cairo,Greater Cairo,Bronze,2023-11-18
CUS01935,Khaled Zaki,Male,1983-05-21, 01137701981,,Tanta,Nile Delta,Bronze,2022-08-12
CUS00936,Hazem Wahba,Male,1986-09-24,01193496702,hazem.wahba20@gmail.com,Cairo,Greater Cairo,Silver,2022-06-16
CUS00567,Amr Gouda,Male,19/08/1978,01159966944,amr.gouda14@hotmail.com,Giza,Greater Cairo,Bronze,2020-03-14
CUS01855,Mahmoud Mansour,MALE,1982-08-06, 01151010582,mahmoud.mansour73@outlook.com,Suez,Canal Zone,Silver,2021-05-12
CUS02466,Eman Bakr,FEMALE,1971-12-16,  01026577507  ,eman.bakr24@outlook.com,Cairo,Greater Cairo,Bronze,2022-11-05
CUS01646,Reem Saad,Female,1982-02-25,01191732965 ,reem.saad72@gmail.com,Zagazig,Nile Delta,Bronze,2023-04-27
CUS02154,Bassem Fathy,male,1974-09-08, 01024657987,bassem.fathy70@hotmail.com,Aswan,Upper Egypt,Bronze,2021-06-21
CUS01793,Khaled Barakat,Male,26/11/1983, 01215102440,khaled.barakat87@yahoo.com,Alexandria,Alexandria,Bronze,2021-02-23
CUS01431,Amira Mahmoud,female,05/02/1976,01098156936 ,amira.mahmoud46@yahoo.com,Giza,Greater Cairo,Silver,2023-05-05
CUS02359,Eman Fathy,Female,2000-10-18,01055716058,,Alexandria,Alexandria,Bronze,2022-07-25
CUS01014,Mahmoud Barakat,Male,2000-04-03,01067225399,mahmoud.barakat99@yahoo.com,Cairo,Greater Cairo,Bronze,2021-08-21
CUS01929,Rania Fathy,Female,2001-05-17,01147869930,rania.fathy80@hotmail.com,Mansoura,Nile Delta,Bronze,2022-04-18
CUS02285,Akram Nasser,Male,1972-07-18, 01177358487,akram.nasser16@outlook.com,Cairo,Greater Cairo,Silver,2023-03-07
CUS00127,Salma Sayed,Female,1987-04-18,  01161121302  ,salma.sayed2@yahoo.com,Aswan,Upper Egypt,Platinum,2023-08-05
CUS02127,Ramy Ahmed,Male,1997-07-17, 01219426966,ramy.ahmed54@outlook.com,Mansoura,Nile Delta,Silver,2020-07-14
CUS01348,Zeinab Ragab,female,1973-11-09,  01075211223  ,zeinab.ragab65@gmail.com,Giza,Greater Cairo,Silver,2020-06-28
CUS00356,Lobna Ibrahim,female,1983-08-14,01226271298,lobna.ibrahim42@outlook.com,Mansoura,Nile Delta,Bronze,2023-03-09
CUS00828,Reem Fathy,female,1995-07-14,01216222119,reem.fathy3@gmail.com,Giza,Greater Cairo,Gold,2021-01-17
CUS01640,Wael Shaaban,male,1976-01-02,  01172885745  ,wael.shaaban29@outlook.com,Port Said,Canal Zone,Silver,2022-10-10
CUS00985,Amira Mostafa,Female,1996-08-01,01217499695 ,amira.mostafa51@outlook.com,Zagazig,Nile Delta,Silver,2020-07-08
CUS00363,Hossam Sayed,Male,1980-05-04,01253534095,hossam.sayed89@yahoo.com,Giza,Greater Cairo,Silver,2022-03-21
CUS00346,Hossam Bakr,Male,1987-07-01, 01069282426,,Mansoura,Nile Delta,Bronze,2020-05-08
CUS02094,Rana Rizk,female,1990-12-07,01013450881,rana.rizk31@outlook.com,Alexandria,Alexandria,Bronze,2023-03-10
CUS02585,Nadia Attia,Female,16/09/1980,01117356885,nadia.attia16@hotmail.com,Alexandria,Alexandria,Bronze,2023-01-08
CUS00712,Magdy Hassan,Male,1972-10-27,01185020246,magdy.hassan7@hotmail.com,Alexandria,Alexandria,Bronze,2022-02-20
CUS02097,Youssef Bakr,male,1970-03-24,01020924873 ,,Alexandria,Alexandria,Gold,2023-03-18
CUS00011,Magdy Ahmed,Male,1992-01-16,01036189702,magdy.ahmed88@outlook.com,Cairo,Greater Cairo,Bronze,2023-12-27
CUS02929,Samir Zaki,MALE,1996-05-26,01093453652,samir.zaki37@gmail.com,Zagazig,Nile Delta,Bronze,2020-04-14
CUS01835,Hazem Gouda,Male,1980-01-09,01163245529,,Aswan,Upper Egypt,Platinum,2021-09-18
CUS00794,Samah Saad,FEMALE,1980-08-08,  01127916286  ,samah.saad71@yahoo.com,Mansoura,Nile Delta,Bronze,2020-05-24
CUS02811,Hana Saad,FEMALE,1981-03-02,01116264821,,Cairo,Greater Cairo,Bronze,2023-08-06
CUS00095,Reem Ali,Female,1990-07-26, 01061791391,reem.ali99@hotmail.com,Hurghada,Red Sea,Bronze,2023-08-02
CUS00130,Dina Lotfy,Female,1988-08-21,01032491607,dina.lotfy52@gmail.com,Alexandria,Alexandria,Bronze,2020-03-11
CUS02953,Walid Badawi,Male,1996-12-08,  01296079652  ,,Tanta,Nile Delta,Silver,2022-04-28
CUS01901,Ashraf Fathy,male,1989-12-17,01176541443,ashraf.fathy75@outlook.com,Alexandria,Alexandria,Bronze,2022-11-25
CUS02839,Yasmin Salem,Female,1972-07-18,01086452009,yasmin.salem71@gmail.com,Hurghada,Red Sea,Bronze,2021-09-10
CUS01933,Youssef Shaaban,Male,1982-05-24,01126404158,youssef.shaaban75@yahoo.com,Alexandria,Alexandria,Bronze,2020-08-21
CUS02182,Neveen Mohamed,Female,1980-04-22,01213427172,neveen.mohamed56@outlook.com,Cairo,Greater Cairo,Bronze,2020-05-18
CUS01866,Lobna Ibrahim,female,01/02/1973,01094327027,,Port Said,Canal Zone,Bronze,2022-02-13
CUS01659,Wael Attia,male,1980-02-14,01063262557 ,wael.attia39@gmail.com,Giza,Greater Cairo,Bronze,2020-03-20
CUS00517,Nadia Khalil,Female,1994-08-24,01027699655,nadia.khalil32@hotmail.com,Giza,Greater Cairo,Bronze,2022-10-13
CUS01858,Ramy Wahba,Male,28/08/1994,01249371830,ramy.wahba53@hotmail.com,Alexandria,Alexandria,Bronze,2022-08-02
CUS01278,Nader Ahmed,Male,1984-01-20, 01119282918,nader.ahmed82@gmail.com,Ismailia,Canal Zone,Gold,2023-10-16
CUS00951,Mona Bakr,Female,1997-09-05,  01087574875  ,mona.bakr91@gmail.com,Mansoura,Nile Delta,Bronze,2020-02-21
CUS01121,Akram Lotfy,Male,1985-05-24,01264130831,,Suez,Canal Zone,Bronze,2020-02-09
CUS00420,Hazem Ibrahim,Male,1980-08-25,01261559796,hazem.ibrahim1@yahoo.com,Zagazig,Nile Delta,Bronze,2021-10-23
CUS00923,Adel Bakr,male,1997-06-16,01155622852,adel.bakr99@hotmail.com,Suez,Canal Zone,Silver,2021-04-26
CUS02235,Lobna Saad,female,25/04/1999, 01199515976,lobna.saad90@yahoo.com,Mansoura,Nile Delta,Bronze,2020-01-24
CUS00478,Reem Mohamed,Female,1999-03-09,01073919907,reem.mohamed11@hotmail.com,Alexandria,Alexandria,Bronze,2023-04-05
CUS02036,Suzy Ibrahim,Female,26/11/1973,01251984383,suzy.ibrahim25@outlook.com,Giza,Greater Cairo,Bronze,2021-02-05
CUS02213,Doha Gamal,FEMALE,1972-11-27,01062730254,doha.gamal61@yahoo.com,Cairo,Greater Cairo,Silver,2020-03-05
CUS01693,Adel Nasser,MALE,1984-11-05,01165021554,,Giza,Greater Cairo,Silver,2023-01-01
CUS02248,Samir Shaaban,Male,1997-06-23,01227248138,,Aswan,Upper Egypt,Bronze,2022-02-15
CUS01472,Wael Ramadan,Male,1990-05-01,  01083051775  ,wael.ramadan98@hotmail.com,Zagazig,Nile Delta,Bronze,2021-11-22
CUS01203,Walid Gouda,Male,1977-09-05,01034616876 ,walid.gouda36@gmail.com,Cairo,Greater Cairo,Silver,2020-09-15
CUS01670,Mohamed Younis,Male,1988-12-11,  01213686869  ,mohamed.younis19@outlook.com,Aswan,Upper Egypt,Silver,2021-09-01
CUS02822,Reem Younis,FEMALE,07/09/1973,01236106296,,Cairo,Greater Cairo,Silver,2021-07-14
CUS01971,Tarek Ibrahim,Male,1983-09-16,  01198084649  ,,Cairo,Greater Cairo,Silver,2021-10-15
CUS00821,Ramy Ismail,MALE,2003-05-19,01126398778 ,,Hurghada,Red Sea,Bronze,2020-12-20
CUS01998,Magdy Ismail,Male,1976-08-23,01198415591,magdy.ismail19@hotmail.com,Cairo,Greater Cairo,Silver,2020-03-07
CUS02916,Ali Mansour,Male,19/03/1976,  01081934590  ,ali.mansour18@hotmail.com,Mansoura,Nile Delta,Silver,2020-02-05
CUS01249,Mariam Ali,Female,1990-05-24, 01291198356,mariam.ali16@gmail.com,Port Said,Canal Zone,Silver,2020-12-18
CUS02705,Ramy Mostafa,male,1987-02-09, 01240594151,ramy.mostafa16@hotmail.com,Hurghada,Red Sea,Bronze,2021-08-16
CUS02658,Ahmed Bakr,Male,15/06/2000,01038829771,ahmed.bakr97@yahoo.com,Luxor,Upper Egypt,Platinum,2023-07-12
CUS01047,Samir Mostafa,Male,1974-06-28,  01139308629  ,samir.mostafa75@outlook.com,Cairo,Greater Cairo,Bronze,2021-07-08
CUS01889,Nour Ahmed,Female,1991-05-12, 01184582694,nour.ahmed47@outlook.com,Zagazig,Nile Delta,Platinum,2021-02-14
CUS00616,Hussein Mohamed,Male,1972-03-18, 01119296843,hussein.mohamed39@yahoo.com,Port Said,Canal Zone,Gold,2023-05-08
CUS01319,Yasmin Mohamed,Female,1976-07-14,01037622902,yasmin.mohamed36@gmail.com,Cairo,Greater Cairo,Gold,2020-06-08
CUS02932,Tamer Badawi,male,1992-10-06,01151544140 ,tamer.badawi82@outlook.com,Mansoura,Nile Delta,Bronze,2023-05-02
CUS02499,Engy Fathy,Female,2000-01-18, 01187477887,engy.fathy79@hotmail.com,Ismailia,Canal Zone,Silver,2022-05-07
CUS01773,Emad Zaki,Male,23/02/1988,01133317675,emad.zaki41@hotmail.com,Suez,Canal Zone,Silver,2021-09-07
CUS03000,Hossam Hassan,Male,1970-03-06,01268861731,hossam.hassan44@yahoo.com,Luxor,Upper Egypt,Bronze,2023-09-28
CUS00132,Walid Sayed,Male,1976-02-16,  01217224328  ,,Cairo,Greater Cairo,Bronze,2022-10-05
CUS00078,Walid Attia,Male,1987-07-23,01166604960,walid.attia8@yahoo.com,Cairo,Greater Cairo,Bronze,2020-07-19
CUS02053,Zeinab Bakr,Female,1996-01-02,01240691047,zeinab.bakr51@hotmail.com,Cairo,Greater Cairo,Bronze,2022-11-05
CUS00725,Aisha Badawi,Female,2001-06-26,  01267710061  ,aisha.badawi14@outlook.com,Alexandria,Alexandria,Bronze,2023-01-09
CUS01315,Dina Zaki,Female,1983-10-03,01122361346,dina.zaki22@gmail.com,Giza,Greater Cairo,Silver,2020-08-26
CUS01852,Hussein Ibrahim,Male,1975-04-20, 01054870634,hussein.ibrahim26@outlook.com,Aswan,Upper Egypt,Bronze,2022-08-20
CUS02334,Hoda Lotfy,female,1992-07-09,  01014114138  ,hoda.lotfy95@hotmail.com,Tanta,Nile Delta,Bronze,2022-03-25
CUS02527,Bassem Fathy,MALE,1993-01-03,01251618247 ,bassem.fathy1@gmail.com,Cairo,Greater Cairo,Silver,2021-10-09
CUS01373,Samir Salem,MALE,01/04/1989,01013881308,samir.salem32@yahoo.com,Luxor,Upper Egypt,Bronze,2021-12-23
CUS01856,Tarek Hamdy,male,1998-10-07,01075618063,tarek.hamdy80@gmail.com,Cairo,Greater Cairo,Bronze,2023-11-16
CUS01320,Noha Mansour,Female,1973-06-13,  01097914631  ,noha.mansour10@gmail.com,Cairo,Greater Cairo,Bronze,2021-05-18
CUS02922,Reham Fathy,Female,1984-02-04,  01116226009  ,reham.fathy73@hotmail.com,Tanta,Nile Delta,Silver,2021-02-04
CUS02207,Reem Gouda,Female,1974-01-27,  01253300586  ,reem.gouda92@gmail.com,Giza,Greater Cairo,Bronze,2023-12-26
CUS00376,Hossam Mansour,male,2002-02-15,  01238531115  ,hossam.mansour34@outlook.com,Giza,Greater Cairo,Bronze,2023-11-20
CUS01909,Tarek Mostafa,MALE,14/01/1984,01011454855,tarek.mostafa52@outlook.com,Giza,Greater Cairo,Gold,2022-06-26
CUS00334,Lobna Lotfy,Female,1995-02-20,01141287760,lobna.lotfy60@outlook.com,Cairo,Greater Cairo,Gold,2020-06-21
CUS02289,Samir Mahmoud,male,1993-01-26,01150664631,samir.mahmoud16@outlook.com,Alexandria,Alexandria,Silver,2020-02-11
CUS02339,Sherif Gouda,Male,1976-04-21,01249003770,sherif.gouda97@gmail.com,Cairo,Greater Cairo,Gold,2023-09-20
CUS01605,Ghada Attia,FEMALE,27/04/1982,01223234940,ghada.attia44@yahoo.com,Cairo,Greater Cairo,Platinum,2021-01-06
CUS01119,Doha Farouk,Female,1987-09-09, 01268659357,doha.farouk29@outlook.com,Cairo,Greater Cairo,Bronze,2022-05-14
CUS02876,Emad Hafez,Male,12/02/1974,  01296055379  ,emad.hafez53@outlook.com,Alexandria,Alexandria,Bronze,2020-05-28
CUS01944,Samir Sayed,Male,2001-06-13,01061401330,samir.sayed11@hotmail.com,Tanta,Nile Delta,Bronze,2022-02-07
CUS02299,Mona Saad,Female,1981-07-27,01045575177,mona.saad43@gmail.com,Cairo,Greater Cairo,Bronze,2022-05-25
CUS02564,Samir Badawi,Male,1989-09-11, 01134940269,samir.badawi90@gmail.com,Cairo,Greater Cairo,Gold,2023-04-26
CUS01343,Wael Mahmoud,Male,1991-04-11,01065158740,wael.mahmoud53@hotmail.com,Luxor,Upper Egypt,Platinum,2022-06-06
CUS00321,Hazem Lotfy,male,1977-05-02,01172387558,hazem.lotfy3@hotmail.com,Alexandria,Alexandria,Silver,2020-04-25
CUS01620,Ali Badawi,Male,05/10/1983,  01014344952  ,ali.badawi98@yahoo.com,Zagazig,Nile Delta,Bronze,2021-08-23
CUS02733,Ashraf Ali,Male,1975-01-13,01152592996,ashraf.ali40@yahoo.com,Cairo,Greater Cairo,Silver,2022-07-12
CUS02061,Ashraf Khalil,MALE,2000-01-24,01246303469,ashraf.khalil82@hotmail.com,Cairo,Greater Cairo,Bronze,2023-07-13
CUS01674,Doha Bakr,Female,2002-11-14,01072143726 ,doha.bakr29@gmail.com,Hurghada,Red Sea,Silver,2023-05-18
CUS01943,Ali Amin,Male,2003-02-02,01187589905,ali.amin10@hotmail.com,Hurghada,Red Sea,Bronze,2020-12-06
CUS00261,Ramy Younis,Male,01/01/1990,  01216055696  ,ramy.younis98@hotmail.com,Mansoura,Nile Delta,Bronze,2023-02-14
CUS02863,Ramy Ramadan,Male,1989-05-22,01019329244,ramy.ramadan58@yahoo.com,Port Said,Canal Zone,Platinum,2023-04-19
CUS02040,Hana Amin,Female,1981-09-02,01295852507,,Cairo,Greater Cairo,Bronze,2022-05-01
CUS00690,Yasmin Shaaban,Female,1993-01-14,  01233190132  ,,Cairo,Greater Cairo,Bronze,2023-03-09
CUS00902,Salma Ibrahim,Female,1982-08-19,01126143430,salma.ibrahim53@outlook.com,Cairo,Greater Cairo,Bronze,2020-03-07
CUS02027,Nader Abdallah,Male,1997-05-11,  01134836379  ,nader.abdallah67@outlook.com,Zagazig,Nile Delta,Silver,2021-10-18
CUS00139,Ghada Mahmoud,FEMALE,09/01/1979,01119581091,ghada.mahmoud49@gmail.com,Giza,Greater Cairo,Bronze,2020-12-08
CUS01918,Walid Rizk,male,1984-08-15,01095870825,walid.rizk96@hotmail.com,Alexandria,Alexandria,Gold,2023-01-04
CUS01829,Salma Younis,female,1979-04-05,  01026586567  ,salma.younis35@hotmail.com,Hurghada,Red Sea,Silver,2021-12-04
CUS01574,Maged Salem,Male,2002-10-26,  01130360921  ,maged.salem35@gmail.com,Luxor,Upper Egypt,Silver,2021-10-01
CUS00320,Shaimaa Lotfy,Female,05/06/1976, 01153515775,,Cairo,Greater Cairo,Bronze,2021-10-19
CUS00654,Sherif Gamal,Male,1976-11-05,01260220019,sherif.gamal23@yahoo.com,Zagazig,Nile Delta,Bronze,2023-01-20
CUS02138,Doha Wahba,Female,1987-06-01,01036984680,doha.wahba85@hotmail.com,Zagazig,Nile Delta,Bronze,2020-04-16
CUS02360,Wael Nasser,Male,1972-08-25,01061180656 ,wael.nasser85@outlook.com,Cairo,Greater Cairo,Bronze,2021-04-03
CUS00559,Osama Saad,Male,1973-10-27,01073190952,osama.saad83@gmail.com,Zagazig,Nile Delta,Silver,2020-06-01
CUS00113,Fatima Ramadan,Female,2003-07-12,01081110769 ,fatima.ramadan45@gmail.com,Port Said,Canal Zone,Bronze,2023-03-09
CUS00532,Hazem Khalil,male,02/10/1971,01282197852,,Sharm El Sheikh,South Sinai,Bronze,2021-05-19
CUS00225,Rana Farouk,FEMALE,1975-07-28,01275661110,rana.farouk2@outlook.com,Cairo,Greater Cairo,Bronze,2021-04-11
CUS00724,Noha Lotfy,Female,1972-05-06,01055643477,noha.lotfy90@gmail.com,Zagazig,Nile Delta,Bronze,2020-03-05
CUS02467,Dina Bakr,FEMALE,1986-05-25,01184306405,dina.bakr7@outlook.com,Giza,Greater Cairo,Bronze,2020-06-28
CUS02885,Emad Ali,Male,1999-09-15, 01053544464,emad.ali16@gmail.com,Cairo,Greater Cairo,Gold,2021-08-12
CUS01434,Essam Mansour,Male,15/07/1976,01043212275 ,essam.mansour12@hotmail.com,Mansoura,Nile Delta,Silver,2023-06-14
CUS02367,Ali Hamdy,Male,1975-06-23,01253732271 ,ali.hamdy23@gmail.com,Cairo,Greater Cairo,Silver,2020-12-13
CUS01459,Ibrahim Badawi,Male,1995-11-02,01154918084,ibrahim.badawi67@hotmail.com,Cairo,Greater Cairo,Silver,2023-05-19
CUS02747,Wael Shaaban,Male,1989-11-06,01016589366,wael.shaaban34@outlook.com,Alexandria,Alexandria,Gold,2023-06-17
CUS00847,Samir Zaki,Male,1986-10-02,01232641668,samir.zaki66@gmail.com,Cairo,Greater Cairo,Bronze,2020-07-09
CUS00194,Tamer Salem,MALE,1998-09-10,01192620697,tamer.salem73@hotmail.com,Mansoura,Nile Delta,Platinum,2023-12-12
CUS01465,Reem Gouda,Female,1980-10-12,01249708789 ,reem.gouda54@yahoo.com,Sharm El Sheikh,South Sinai,Gold,2020-03-16
CUS00947,Samah Mohamed,Female,01/03/1985,01027810833 ,samah.mohamed81@yahoo.com,Cairo,Greater Cairo,Platinum,2023-01-10
CUS02022,Hazem Ramadan,Male,1997-02-17,01048986219,hazem.ramadan63@hotmail.com,Alexandria,Alexandria,Bronze,2021-11-03
CUS01630,Maged Ibrahim,Male,02/06/1989,01019888274,,Giza,Greater Cairo,Bronze,2021-07-22
CUS00118,Ali Mansour,Male,2001-08-01,01098165507,ali.mansour66@yahoo.com,Cairo,Greater Cairo,Bronze,2021-11-02
CUS00646,Samah Rizk,Female,1993-05-14,01158924311,samah.rizk89@yahoo.com,Suez,Canal Zone,Silver,2022-12-08
CUS01871,Ayman Saad,Male,1972-08-02, 01180828077,ayman.saad94@hotmail.com,Aswan,Upper Egypt,Bronze,2021-01-08
CUS00004,Nader Ramadan,Male,1976-01-04,01139796480,nader.ramadan58@hotmail.com,Alexandria,Alexandria,Silver,2023-08-25
CUS00075,Amira Gamal,FEMALE,06/05/1996,01083569939,amira.gamal1@gmail.com,Tanta,Nile Delta,Silver,2020-02-27
CUS01756,Reem Nasser,Female,01/01/1999,01124508258,reem.nasser75@outlook.com,Hurghada,Red Sea,Bronze,2020-05-21
CUS00468,Omar Nasser,Male,1993-06-05,  01126415312  ,omar.nasser73@hotmail.com,Luxor,Upper Egypt,Bronze,2021-09-03
CUS00006,Essam Sayed,male,1998-12-23,  01152803305  ,,Cairo,Greater Cairo,Silver,2022-11-04
CUS01247,Nour Amin,Female,1971-03-12,01013128008,nour.amin59@hotmail.com,Cairo,Greater Cairo,Bronze,2023-12-20
CUS00920,Nour Gouda,female,1993-04-23,01115971136 ,nour.gouda8@yahoo.com,Cairo,Greater Cairo,Bronze,2023-04-14
CUS00229,Sherif Mahmoud,male,1991-12-02,01258853980,sherif.mahmoud47@hotmail.com,Suez,Canal Zone,Silver,2021-11-18
CUS01064,Ahmed Badawi,Male,1989-03-19,01213016518 ,ahmed.badawi55@hotmail.com,Giza,Greater Cairo,Silver,2020-08-19
CUS00243,Adel Gouda,Male,1977-11-22,  01165989834  ,,Suez,Canal Zone,Silver,2022-08-03
CUS02317,Amira Hassan,Female,1979-01-02,01199249717 ,,Cairo,Greater Cairo,Bronze,2021-11-10
CUS01161,Walid Farouk,Male,1981-01-23,01159729857,,Aswan,Upper Egypt,Silver,2021-08-07
CUS02556,Akram Farouk,Male,1987-10-04,01220859238 ,akram.farouk62@yahoo.com,Port Said,Canal Zone,Bronze,2023-09-26
CUS01527,Hoda Hafez,Female,1979-02-08, 01195386415,hoda.hafez91@hotmail.com,Giza,Greater Cairo,Silver,2021-09-23
CUS01606,Hussein Mansour,Male,1979-05-25,  01144023937  ,hussein.mansour59@yahoo.com,Alexandria,Alexandria,Bronze,2020-04-08
CUS02832,Ibrahim Mahmoud,Male,1986-07-11,01117277146,ibrahim.mahmoud66@hotmail.com,Mansoura,Nile Delta,Gold,2020-07-15
CUS02365,Mahmoud Gamal,MALE,2000-09-27,  01291247233  ,mahmoud.gamal2@gmail.com,Alexandria,Alexandria,Gold,2023-09-28
CUS02588,Manar Amin,FEMALE,1975-08-25,01118999119,manar.amin98@outlook.com,Tanta,Nile Delta,Silver,2020-07-08
CUS01990,Ramy Wahba,Male,1973-12-07, 01294366747,,Zagazig,Nile Delta,Bronze,2020-08-11
CUS02390,Dina Lotfy,FEMALE,20/10/1992,01025835492,dina.lotfy34@gmail.com,Tanta,Nile Delta,Silver,2021-02-04
CUS01976,Ramy Gamal,Male,11/12/1992, 01052897398,ramy.gamal67@outlook.com,Port Said,Canal Zone,Platinum,2023-08-23
CUS01762,Ibrahim Saad,Male,1986-02-12,01133926002,ibrahim.saad9@gmail.com,Aswan,Upper Egypt,Bronze,2023-09-13
CUS01306,Magdy Attia,Male,1977-10-24,01165765838 ,magdy.attia96@outlook.com,Luxor,Upper Egypt,Gold,2021-05-06
CUS01542,Osama Amin,MALE,09/11/1974,01282015813,osama.amin65@hotmail.com,Cairo,Greater Cairo,Bronze,2023-05-04
CUS00623,Rana Khalil,female,12/01/1976,01022364660 ,rana.khalil54@outlook.com,Giza,Greater Cairo,Silver,2021-10-26
CUS02351,Tamer Farouk,Male,2003-12-21,01066676860,tamer.farouk11@yahoo.com,Mansoura,Nile Delta,Silver,2022-02-04
CUS01494,Maged Rizk,Male,1971-04-16,01172509349 ,maged.rizk3@outlook.com,Cairo,Greater Cairo,Bronze,2023-08-12
CUS00111,Hoda Khalil,FEMALE,1984-07-20,01088201440,hoda.khalil93@hotmail.com,Giza,Greater Cairo,Bronze,2023-10-19
CUS02782,Shaimaa Barakat,female,1975-12-28,  01218099750  ,shaimaa.barakat90@gmail.com,Aswan,Upper Egypt,Silver,2020-07-15
CUS01170,Ayman Ahmed,Male,1978-07-23,01170741910 ,ayman.ahmed71@hotmail.com,Giza,Greater Cairo,Bronze,2022-04-19
CUS02500,Amr Mahmoud,Male,1985-09-21,  01025728855  ,amr.mahmoud36@gmail.com,Giza,Greater Cairo,Silver,2022-02-07
CUS00233,Aisha Younis,Female,1996-11-18, 01073606441,aisha.younis9@gmail.com,Alexandria,Alexandria,Bronze,2021-09-21
CUS00067,Nader Hamdy,Male,1986-10-10,01125808361,nader.hamdy10@outlook.com,Cairo,Greater Cairo,Gold,2021-09-04
CUS02753,Ashraf Mostafa,Male,1997-03-10,01298718130 ,ashraf.mostafa94@outlook.com,Cairo,Greater Cairo,Gold,2023-07-06
CUS02073,Rana Lotfy,Female,2001-11-01,01021199291 ,rana.lotfy60@outlook.com,Cairo,Greater Cairo,Bronze,2021-10-01
CUS02193,Rania Shaaban,Female,1971-03-13,01254105176,rania.shaaban54@hotmail.com,Tanta,Nile Delta,Silver,2020-04-22
CUS00537,Noha Zaki,Female,1984-05-22,01175796479,noha.zaki13@yahoo.com,Aswan,Upper Egypt,Platinum,2020-05-14
CUS00126,Osama Mansour,MALE,1986-04-09, 01192286747,osama.mansour97@hotmail.com,Giza,Greater Cairo,Bronze,2022-07-09
CUS02134,Rana Barakat,Female,1989-02-01,01111127403,rana.barakat61@yahoo.com,Alexandria,Alexandria,Bronze,2020-04-25
CUS01255,Dina Barakat,Female,1995-07-24,01164306604,dina.barakat31@yahoo.com,Tanta,Nile Delta,Bronze,2022-12-20
CUS02717,Manar Gouda,Female,1983-07-01, 01266025173,manar.gouda83@hotmail.com,Mansoura,Nile Delta,Silver,2020-07-13
CUS01977,Rana Abdallah,Female,1976-01-24,01071140454,rana.abdallah99@hotmail.com,Cairo,Greater Cairo,Silver,2023-02-04
CUS02501,Neveen Hamdy,Female,1985-03-07,  01158535261  ,neveen.hamdy60@hotmail.com,Aswan,Upper Egypt,Silver,2021-06-05
CUS02999,Engy Wahba,Female,1993-12-25,  01172074335  ,engy.wahba74@yahoo.com,Giza,Greater Cairo,Silver,2020-08-13
CUS02076,Osama Wahba,Male,1990-03-18,01165413189,osama.wahba33@outlook.com,Luxor,Upper Egypt,Bronze,2023-10-16
CUS00485,Aisha Salem,FEMALE,1996-04-22,01057941821,aisha.salem47@yahoo.com,Alexandria,Alexandria,Silver,2020-04-13
CUS01655,Yasmin Farouk,Female,1974-12-19,01240617207,yasmin.farouk20@outlook.com,Cairo,Greater Cairo,Bronze,2023-02-06
CUS02721,Khaled Mahmoud,Male,1998-08-09,01222559504,khaled.mahmoud3@gmail.com,Suez,Canal Zone,Bronze,2022-04-27
CUS02303,Amira Gamal,female,1982-05-05, 01157408620,amira.gamal56@yahoo.com,Alexandria,Alexandria,Bronze,2020-04-18
CUS02443,Fatima Nasser,Female,1998-09-06,01254886176,fatima.nasser95@outlook.com,Hurghada,Red Sea,Bronze,2020-05-03
CUS01775,Hassan Hafez,Male,05/09/2003,01218690503,hassan.hafez87@hotmail.com,Hurghada,Red Sea,Bronze,2020-12-01
CUS00919,Engy Zaki,Female,19/07/2002, 01122119306,engy.zaki7@gmail.com,Hurghada,Red Sea,Silver,2020-10-05
CUS01647,Rania Mostafa,Female,1994-03-11,01062774608,rania.mostafa48@hotmail.com,Cairo,Greater Cairo,Bronze,2023-05-13
CUS01027,Ramy Sayed,Male,1978-02-07, 01271937580,ramy.sayed51@yahoo.com,Luxor,Upper Egypt,Silver,2022-10-11
CUS01031,Doha Salem,Female,1987-07-25,  01216727400  ,doha.salem63@outlook.com,Cairo,Greater Cairo,Bronze,2022-02-15
CUS00883,Dina Mohamed,Female,1979-11-19,01088769634,dina.mohamed36@yahoo.com,Cairo,Greater Cairo,Bronze,2020-10-27
CUS01336,Ayman Fathy,Male,03/01/1983,  01183068652  ,ayman.fathy91@gmail.com,Mansoura,Nile Delta,Bronze,2020-01-28
CUS02258,Essam Ahmed,Male,1991-06-10,01289554114,essam.ahmed89@outlook.com,Giza,Greater Cairo,Silver,2020-06-10
CUS00365,Ayman Amin,MALE,1975-01-05, 01176937935,,Port Said,Canal Zone,Bronze,2023-12-11
CUS02126,Suzy Gamal,Female,1988-11-06,01277489764,suzy.gamal72@outlook.com,Mansoura,Nile Delta,Bronze,2023-11-17
CUS00028,Youssef Hamdy,male,1980-05-25,01087029205,,Alexandria,Alexandria,Bronze,2020-04-02
CUS00474,Nader Lotfy,male,06/12/1987,01088309763,nader.lotfy53@outlook.com,Suez,Canal Zone,Bronze,2020-09-17
CUS00526,Wael Ragab,male,1978-10-09, 01155844991,wael.ragab74@outlook.com,Alexandria,Alexandria,Bronze,2021-03-15
CUS00726,Sara Ibrahim,Female,22/05/1975,01173703158 ,sara.ibrahim16@gmail.com,Aswan,Upper Egypt,Bronze,2021-02-19
CUS00056,Ramy Ragab,male,1986-07-21,01186775659,ramy.ragab78@outlook.com,Port Said,Canal Zone,Silver,2020-07-11
CUS00639,Radwa Mohamed,female,06/10/1983,01094627132,radwa.mohamed94@outlook.com,Cairo,Greater Cairo,Silver,2022-06-27
CUS00303,Rania Sayed,female,1976-09-02,  01224148036  ,rania.sayed94@hotmail.com,Alexandria,Alexandria,Silver,2023-09-16
CUS02652,Akram Shaaban,Male,18/12/1992,01076202837,akram.shaaban85@gmail.com,Giza,Greater Cairo,Bronze,2022-08-26
CUS01277,Doha Gouda,Female,1972-12-03,01112668228,doha.gouda35@yahoo.com,Cairo,Greater Cairo,Bronze,2021-09-21
CUS02680,Suzy Abdallah,FEMALE,1980-04-06,  01134384883  ,suzy.abdallah9@gmail.com,Alexandria,Alexandria,Silver,2020-07-28
CUS00625,Salma Mahmoud,FEMALE,1976-12-13,  01192545856  ,salma.mahmoud43@outlook.com,Mansoura,Nile Delta,Bronze,2022-03-11
CUS02056,Mohamed Ismail,Male,1993-11-25,01051795025,mohamed.ismail82@hotmail.com,Mansoura,Nile Delta,Platinum,2020-02-23
CUS01281,Nadia Saad,Female,1979-11-28,01041308738,nadia.saad18@hotmail.com,Mansoura,Nile Delta,Gold,2022-10-27
CUS01050,Tamer Sayed,Male,1981-02-12,01249738181,tamer.sayed20@outlook.com,Cairo,Greater Cairo,Platinum,2023-09-16
CUS00337,Ahmed Barakat,Male,1979-01-08,01285088096,ahmed.barakat26@gmail.com,Luxor,Upper Egypt,Bronze,2022-04-22
CUS00048,Hany Khalil,Male,1998-02-26,  01049581964  ,hany.khalil49@yahoo.com,Alexandria,Alexandria,Bronze,2020-09-03
CUS00107,Heba Barakat,Female,1987-12-09,01283061428,heba.barakat10@hotmail.com,Giza,Greater Cairo,Bronze,2023-04-17
CUS01080,Rania Attia,Female,19/06/1977,01186648532,rania.attia5@hotmail.com,Port Said,Canal Zone,Silver,2021-08-17
CUS02262,Amira Hassan,FEMALE,1979-03-18,01233801615,amira.hassan70@outlook.com,Mansoura,Nile Delta,Silver,2023-02-12
CUS01145,Engy Barakat,Female,1970-08-05,01190362099,engy.barakat14@outlook.com,Cairo,Greater Cairo,Silver,2020-09-23
CUS02424,Rania Bakr,Female,2001-06-10,01138152295,rania.bakr63@hotmail.com,Giza,Greater Cairo,Silver,2020-07-06
CUS01837,Mariam Shaaban,Female,22/02/1978,01214626030,,Cairo,Greater Cairo,Silver,2022-04-01
CUS01754,Omar Lotfy,Male,1983-02-13,01036286037,,Cairo,Greater Cairo,Gold,2020-06-25
CUS01102,Aisha Ramadan,Female,1977-02-25,01146371543,aisha.ramadan27@gmail.com,Ismailia,Canal Zone,Bronze,2023-04-18
CUS01969,Aisha Younis,FEMALE,1995-01-03, 01094423779,aisha.younis96@outlook.com,Giza,Greater Cairo,Silver,2022-03-02
CUS00524,Nour Gouda,Female,15/09/2003,  01146129093  ,nour.gouda99@hotmail.com,Aswan,Upper Egypt,Silver,2021-08-11
CUS02281,Dalia Ali,Female,2002-11-17,01110959112,dalia.ali1@hotmail.com,Cairo,Greater Cairo,Bronze,2021-12-13
CUS01429,Ahmed Amin,Male,1971-02-14,01054974011,ahmed.amin89@gmail.com,Mansoura,Nile Delta,Silver,2022-06-01
CUS02651,Youssef Wahba,Male,1987-06-26,01250379612,,Cairo,Greater Cairo,Bronze,2020-10-28
CUS00604,Hossam Khalil,Male,1981-02-25,  01150888220  ,hossam.khalil24@yahoo.com,Cairo,Greater Cairo,Bronze,2020-04-07
CUS01490,Ramy Barakat,male,02/08/1994, 01061981352,ramy.barakat28@hotmail.com,Giza,Greater Cairo,Bronze,2022-11-10
CUS02591,Youssef Ahmed,Male,23/02/1972,01081274611,youssef.ahmed2@gmail.com,Aswan,Upper Egypt,Bronze,2021-01-12
CUS00061,Dina Younis,FEMALE,1971-07-02,01086807176,dina.younis27@hotmail.com,Giza,Greater Cairo,Gold,2023-09-01
CUS02795,Omar Ramadan,Male,28/12/1995,01299183792,omar.ramadan63@gmail.com,Giza,Greater Cairo,Silver,2023-02-04
CUS00672,Karim Ismail,MALE,1993-08-18,01160307037,,Suez,Canal Zone,Platinum,2023-05-27
CUS00093,Fady Ahmed,Male,1989-08-26,01283841249 ,fady.ahmed24@gmail.com,Hurghada,Red Sea,Silver,2021-07-18
CUS00667,Engy Mohamed,Female,1998-02-27,01090753445,engy.mohamed8@gmail.com,Cairo,Greater Cairo,Silver,2020-07-17
CUS01888,Ibrahim Salem,MALE,1979-08-05,01274783604 ,ibrahim.salem48@gmail.com,Cairo,Greater Cairo,Bronze,2021-05-04
CUS00281,Walid Nasser,male,1994-12-14, 01290154282,walid.nasser31@outlook.com,Suez,Canal Zone,Platinum,2022-10-22
CUS01720,Hazem Barakat,Male,1999-10-18,01271877617,hazem.barakat58@hotmail.com,Cairo,Greater Cairo,Bronze,2020-04-09
CUS00360,Heba Lotfy,Female,1989-08-02,  01210626224  ,heba.lotfy31@yahoo.com,Alexandria,Alexandria,Bronze,2020-01-14
CUS00900,Ibrahim Ahmed,Male,1998-10-16,  01272727812  ,ibrahim.ahmed75@yahoo.com,Cairo,Greater Cairo,Silver,2020-12-19
CUS01936,Dalia Khalil,FEMALE,1973-10-09,01214649226,dalia.khalil58@hotmail.com,Hurghada,Red Sea,Bronze,2023-03-20
CUS01995,Salma Salem,Female,1986-08-01,  01185654005  ,salma.salem14@outlook.com,Zagazig,Nile Delta,Silver,2022-04-04
CUS02350,Ahmed Hamdy,Male,28/12/1992,01283470479,ahmed.hamdy51@hotmail.com,Cairo,Greater Cairo,Bronze,2021-08-07
CUS00761,Reem Attia,Female,1979-02-23,01277893186 ,reem.attia11@yahoo.com,Cairo,Greater Cairo,Gold,2021-10-16
CUS02159,Doha Mostafa,Female,1984-04-27,01020425903,doha.mostafa58@outlook.com,Giza,Greater Cairo,Silver,2023-08-03
CUS02667,Magdy Ali,Male,1971-06-07,  01218695503  ,magdy.ali63@hotmail.com,Cairo,Greater Cairo,Platinum,2020-03-21
CUS00043,Khaled Hafez,Male,1981-06-02,01029825571,khaled.hafez47@gmail.com,Cairo,Greater Cairo,Bronze,2022-12-22
CUS02174,Noha Nasser,Female,1971-10-06,01183064767 ,noha.nasser51@outlook.com,Luxor,Upper Egypt,Bronze,2021-07-07
CUS00205,Akram Ramadan,Male,1970-05-26,01161271721,,Mansoura,Nile Delta,Gold,2022-07-20
CUS01474,Emad Hassan,Male,1988-02-10,  01157184646  ,emad.hassan60@gmail.com,Giza,Greater Cairo,Silver,2022-05-27
CUS02101,Hossam Wahba,Male,1980-10-08, 01055635936,hossam.wahba83@yahoo.com,Suez,Canal Zone,Bronze,2023-08-14
CUS00069,Ali Hassan,Male,1998-05-07,01087346846,,Cairo,Greater Cairo,Bronze,2023-11-14
CUS01876,Rana Amin,female,1992-07-12,01110431784,rana.amin46@hotmail.com,Alexandria,Alexandria,Bronze,2020-03-22
CUS02417,Sara Shaaban,FEMALE,1980-12-02,01297747615 ,sara.shaaban44@hotmail.com,Giza,Greater Cairo,Bronze,2020-06-04
CUS02232,Hazem Mostafa,Male,1981-01-14,01261415291 ,hazem.mostafa77@outlook.com,Cairo,Greater Cairo,Silver,2021-08-14
CUS00138,Aisha Mansour,FEMALE,1976-05-09,01068843284,aisha.mansour44@outlook.com,Tanta,Nile Delta,Bronze,2022-08-12
CUS00797,Ola Sayed,Female,1994-08-20, 01042867782,ola.sayed69@hotmail.com,Port Said,Canal Zone,Platinum,2023-04-14
CUS02181,Yasmin Nasser,Female,2003-10-07,01145712217,,Giza,Greater Cairo,Silver,2020-11-01
CUS02129,Nader Ragab,Male,1982-03-05,01159855194,nader.ragab9@yahoo.com,Suez,Canal Zone,Silver,2020-03-21
CUS00759,Maged Hafez,Male,1993-08-09,01284969806,maged.hafez42@yahoo.com,Suez,Canal Zone,Gold,2022-10-25
CUS00542,Fatima Ali,female,1971-09-04,01263410254,,Mansoura,Nile Delta,Silver,2021-01-09
CUS01020,Ola Abdallah,Female,1994-04-11,01016649866,ola.abdallah45@gmail.com,Cairo,Greater Cairo,Bronze,2021-09-06
CUS02326,Neveen Mohamed,Female,1974-10-23,01010762307,neveen.mohamed30@hotmail.com,Port Said,Canal Zone,Bronze,2021-07-08
CUS00166,Noha Bakr,Female,1979-12-01,01165571528,noha.bakr82@hotmail.com,Aswan,Upper Egypt,Bronze,2021-04-04
CUS00249,Tamer Farouk,Male,1989-03-07,01020550179 ,,Ismailia,Canal Zone,Bronze,2023-07-02
CUS01332,Samah Younis,female,07/07/1992,  01090241789  ,samah.younis76@hotmail.com,Tanta,Nile Delta,Gold,2020-04-13
CUS02018,Bassem Lotfy,Male,1971-01-19,01210112761,bassem.lotfy53@gmail.com,Suez,Canal Zone,Gold,2021-01-07
CUS00447,Fatima Salem,female,1976-05-13,01086522053 ,fatima.salem12@hotmail.com,Ismailia,Canal Zone,Silver,2023-08-21
CUS01359,Emad Ismail,Male,2000-12-13,  01292380239  ,emad.ismail59@outlook.com,Cairo,Greater Cairo,Gold,2021-06-26
CUS02146,Tamer Attia,Male,1971-07-13,01085419724,tamer.attia64@gmail.com,Aswan,Upper Egypt,Silver,2023-03-01
CUS01330,Youssef Hassan,Male,18/05/1976,01266856278,,Alexandria,Alexandria,Bronze,2021-07-24
CUS02958,Sherif Ali,Male,23/08/1992,01283335618 ,sherif.ali23@yahoo.com,Luxor,Upper Egypt,Gold,2021-10-11
CUS02151,Hussein Abdallah,Male,1981-07-27, 01127150326,hussein.abdallah88@gmail.com,Giza,Greater Cairo,Bronze,2022-09-02
CUS00435,Tamer Lotfy,Male,1971-12-14,01117258943,tamer.lotfy21@gmail.com,Cairo,Greater Cairo,Bronze,2021-06-05
CUS02123,Ahmed Ibrahim,Male,2002-10-16,01190412028,ahmed.ibrahim49@outlook.com,Ismailia,Canal Zone,Silver,2020-12-20
CUS00578,Hossam Attia,Male,1993-01-20, 01259566126,hossam.attia70@hotmail.com,Port Said,Canal Zone,Bronze,2021-05-12
CUS02429,Tamer Hamdy,Male,1981-04-20,01060395249,tamer.hamdy57@gmail.com,Giza,Greater Cairo,Gold,2021-05-27
CUS02787,Rana Ramadan,Female,1986-04-21,  01128865768  ,rana.ramadan34@outlook.com,Ismailia,Canal Zone,Bronze,2021-10-18
CUS01849,Neveen Rizk,FEMALE,1980-02-20,01077060632,neveen.rizk53@yahoo.com,Suez,Canal Zone,Bronze,2023-06-19
CUS00763,Wael Younis,Male,1985-10-26,  01055112093  ,,Cairo,Greater Cairo,Silver,2020-02-26
CUS00389,Walid Shaaban,MALE,24/09/1974,01147898265,walid.shaaban17@hotmail.com,Zagazig,Nile Delta,Bronze,2020-12-10
CUS00236,Khaled Badawi,Male,06/06/1986,01085495759,khaled.badawi58@yahoo.com,Zagazig,Nile Delta,Bronze,2022-02-01
CUS02649,Tamer Ragab,male,1975-05-24,01290725443,tamer.ragab79@hotmail.com,Giza,Greater Cairo,Silver,2020-07-15
CUS01985,Ghada Nasser,FEMALE,1994-03-11,01097161477,ghada.nasser14@gmail.com,Cairo,Greater Cairo,Gold,2020-10-27
CUS00268,Hana Ragab,FEMALE,1987-05-21,01044419684,hana.ragab4@yahoo.com,Tanta,Nile Delta,Silver,2022-08-16
CUS00771,Ahmed Hamdy,Male,12/10/1991,  01110367395  ,ahmed.hamdy19@hotmail.com,Cairo,Greater Cairo,Gold,2022-09-13
CUS02166,Yasmin Amin,Female,1989-10-12,01047432847,yasmin.amin44@outlook.com,Ismailia,Canal Zone,Silver,2021-07-07
CUS00438,Khaled Nasser,Male,1995-10-02,  01062652401  ,khaled.nasser89@outlook.com,Aswan,Upper Egypt,Silver,2023-06-21
CUS00674,Yasmin Shaaban,Female,1982-03-14, 01172891711,yasmin.shaaban79@gmail.com,Alexandria,Alexandria,Bronze,2020-02-03
CUS00250,Hazem Ahmed,male,2000-02-09, 01018891570,hazem.ahmed78@yahoo.com,Luxor,Upper Egypt,Bronze,2021-03-22
CUS02202,Reham Hamdy,Female,1980-05-19,  01288181822  ,reham.hamdy13@hotmail.com,Cairo,Greater Cairo,Bronze,2022-06-07
CUS01575,Bassem Barakat,Male,1992-12-14,01068233482 ,bassem.barakat84@outlook.com,Cairo,Greater Cairo,Bronze,2020-04-17
CUS02143,Fady Saad,Male,1971-03-19,01185416798,fady.saad96@hotmail.com,Tanta,Nile Delta,Gold,2022-08-16
CUS02082,Eman Hafez,Female,1996-08-26,01263971244,eman.hafez17@hotmail.com,Cairo,Greater Cairo,Bronze,2023-12-01
CUS02662,Karim Gouda,male,1972-07-20,  01197075083  ,karim.gouda16@yahoo.com,Suez,Canal Zone,Silver,2023-06-21
CUS02612,Karim Hassan,Male,1970-02-24,01120744651,karim.hassan73@gmail.com,Cairo,Greater Cairo,Bronze,2020-08-10
CUS02785,Eman Khalil,FEMALE,03/11/2003, 01182933966,eman.khalil11@gmail.com,Luxor,Upper Egypt,Bronze,2023-03-15
CUS00449,Essam Salem,male,19/06/1983,01090675244,essam.salem61@yahoo.com,Giza,Greater Cairo,Bronze,2020-04-28
CUS01470,Hassan Ragab,Male,1995-09-03, 01037675125,hassan.ragab4@outlook.com,Hurghada,Red Sea,Silver,2021-02-16
CUS00717,Maged Salem,Male,1982-12-01,01224468787,maged.salem97@outlook.com,Aswan,Upper Egypt,Silver,2022-04-18
CUS00803,Ayman Salem,male,1974-03-16,  01111023114  ,ayman.salem54@gmail.com,Alexandria,Alexandria,Bronze,2020-03-07
CUS02659,Ramy Gamal,Male,1978-06-17, 01184819507,,Cairo,Greater Cairo,Platinum,2023-07-09
CUS02049,Hana Ismail,Female,1993-04-02,01015851616,hana.ismail18@hotmail.com,Alexandria,Alexandria,Gold,2023-11-16
CUS01902,Tarek Attia,Male,2002-07-18,  01210285745  ,tarek.attia51@outlook.com,Cairo,Greater Cairo,Bronze,2023-05-21
CUS01169,Doha Sayed,FEMALE,1984-12-20,01027075254,doha.sayed12@yahoo.com,Cairo,Greater Cairo,Bronze,2020-07-08
CUS00083,Shaimaa Wahba,female,1983-11-22,01155748676 ,shaimaa.wahba72@outlook.com,Giza,Greater Cairo,Bronze,2022-12-15
CUS02463,Hazem Abdallah,Male,17/06/1997,01191127117,hazem.abdallah24@hotmail.com,Mansoura,Nile Delta,Silver,2020-01-11
CUS01461,Ahmed Ramadan,MALE,07/08/1974,01252061564 ,ahmed.ramadan13@yahoo.com,Giza,Greater Cairo,Bronze,2023-06-27
CUS01894,Noha Hassan,Female,18/09/1985,01270068638,,Cairo,Greater Cairo,Bronze,2021-09-10
CUS01669,Adel Hassan,Male,1985-04-28,01044123401 ,,Cairo,Greater Cairo,Bronze,2020-07-13
CUS02001,Ghada Gamal,Female,1980-09-23,01069371666,ghada.gamal24@yahoo.com,Cairo,Greater Cairo,Bronze,2021-06-23
CUS00476,Sherif Attia,Male,1994-04-16, 01055694444,sherif.attia98@hotmail.com,Sharm El Sheikh,South Sinai,Gold,2023-11-05
CUS00518,Emad Rizk,Male,1970-02-10, 01298687917,emad.rizk57@gmail.com,Aswan,Upper Egypt,Bronze,2023-01-12
CUS00405,Fatima Ramadan,female,1992-04-24,01280881914,fatima.ramadan98@yahoo.com,Giza,Greater Cairo,Gold,2021-02-12
CUS00385,Karim Mostafa,male,1993-03-28,01161028923,karim.mostafa50@outlook.com,Zagazig,Nile Delta,Silver,2022-06-26
CUS02472,Suzy Sayed,FEMALE,11/11/1993,  01240048805  ,suzy.sayed30@gmail.com,Ismailia,Canal Zone,Gold,2021-11-10
CUS02153,Nadia Shaaban,Female,08/12/1998,01251477329,nadia.shaaban30@gmail.com,Tanta,Nile Delta,Bronze,2022-02-07
CUS01634,Fatima Zaki,Female,1989-08-02,01258473870 ,,Hurghada,Red Sea,Bronze,2023-08-04
CUS02907,Tarek Sayed,Male,1973-09-17,01178102084,tarek.sayed12@gmail.com,Ismailia,Canal Zone,Bronze,2020-10-20
CUS00689,Zeinab Attia,Female,1999-06-26,01172226540,zeinab.attia50@outlook.com,Hurghada,Red Sea,Bronze,2020-03-26
CUS01241,Yasmin Lotfy,Female,1994-02-04, 01182090202,yasmin.lotfy52@yahoo.com,Luxor,Upper Egypt,Bronze,2021-11-04
CUS00063,Maged Zaki,Male,13/10/2003,  01223732098  ,maged.zaki72@hotmail.com,Aswan,Upper Egypt,Bronze,2022-11-04
CUS00853,Omar Barakat,Male,1981-02-19,01053941883,omar.barakat72@hotmail.com,Cairo,Greater Cairo,Silver,2021-07-20
CUS02897,Zeinab Hamdy,Female,1988-07-06,01022403536 ,zeinab.hamdy6@yahoo.com,Alexandria,Alexandria,Bronze,2020-03-09
CUS02517,Ibrahim Mostafa,MALE,1972-02-26, 01273421110,ibrahim.mostafa30@gmail.com,Cairo,Greater Cairo,Bronze,2020-03-13
CUS01263,Mahmoud Shaaban,Male,1995-05-24,01113795294,mahmoud.shaaban31@outlook.com,Giza,Greater Cairo,Bronze,2020-06-20
CUS00224,Ramy Saad,male,05/06/1982,  01086325036  ,ramy.saad22@hotmail.com,Giza,Greater Cairo,Bronze,2021-05-20
CUS02194,Walid Gouda,Male,2003-02-15, 01130061479,walid.gouda63@outlook.com,Alexandria,Alexandria,Gold,2022-03-20
CUS00374,Ayman Rizk,Male,1989-09-18,01261377017,ayman.rizk12@gmail.com,Tanta,Nile Delta,Silver,2022-03-09
CUS01825,Walid Ramadan,Male,1970-04-10,  01280074188  ,walid.ramadan81@outlook.com,Mansoura,Nile Delta,Bronze,2023-11-02
CUS02579,Hossam Abdallah,Male,13/01/1985,01238150876,hossam.abdallah57@gmail.com,Giza,Greater Cairo,Bronze,2022-02-26
CUS02917,Mahmoud Nasser,male,1975-01-05, 01130519904,mahmoud.nasser87@hotmail.com,Zagazig,Nile Delta,Bronze,2021-11-12
CUS02943,Ayman Zaki,Male,02/11/1974,  01176136537  ,ayman.zaki33@hotmail.com,Giza,Greater Cairo,Gold,2022-12-10
CUS02729,Hazem Shaaban,Male,1986-10-19,01035766487,hazem.shaaban78@gmail.com,Cairo,Greater Cairo,Silver,2020-03-08
CUS00010,Ibrahim Mansour,male,1993-12-05,01262138657 ,ibrahim.mansour82@yahoo.com,Tanta,Nile Delta,Bronze,2021-08-10
CUS01945,Walid Hamdy,male,17/03/1970,01190165869,walid.hamdy41@gmail.com,Hurghada,Red Sea,Bronze,2023-11-20
CUS01839,Hoda Sayed,FEMALE,1977-11-28, 01140438117,hoda.sayed58@yahoo.com,Port Said,Canal Zone,Bronze,2023-10-15
CUS00709,Neveen Ibrahim,Female,1987-07-21,01049925737,neveen.ibrahim27@gmail.com,Cairo,Greater Cairo,Bronze,2020-08-06
CUS00256,Manar Mostafa,Female,1984-07-24,01147382097,manar.mostafa83@outlook.com,Alexandria,Alexandria,Silver,2022-08-22
CUS01618,Neveen Sayed,Female,1986-06-10, 01283635162,neveen.sayed34@gmail.com,Mansoura,Nile Delta,Silver,2023-07-17
CUS00390,Khaled Badawi,MALE,2000-05-05,01039277781,khaled.badawi74@gmail.com,Hurghada,Red Sea,Silver,2021-07-14
CUS01582,Walid Mohamed,MALE,1981-01-08,01289200771,,Giza,Greater Cairo,Silver,2023-01-03
CUS00925,Ola Farouk,FEMALE,1973-01-23,  01267109058  ,ola.farouk98@outlook.com,Giza,Greater Cairo,Silver,2023-08-23
CUS02037,Neveen Ibrahim,Female,09/11/1972,  01161363891  ,neveen.ibrahim89@yahoo.com,Cairo,Greater Cairo,Bronze,2021-01-04
CUS02441,Maged Ali,Male,1987-09-08,01044222536 ,maged.ali59@yahoo.com,Alexandria,Alexandria,Bronze,2023-01-06
CUS01225,Omar Younis,male,1989-01-21,01272600538,omar.younis9@hotmail.com,Giza,Greater Cairo,Bronze,2021-01-28
CUS01947,Reham Mostafa,Female,1988-02-10, 01021286470,reham.mostafa74@yahoo.com,Giza,Greater Cairo,Bronze,2020-05-28
CUS00740,Bassem Nasser,Male,1971-03-03,01292427437,,Giza,Greater Cairo,Bronze,2023-04-08
CUS00041,Wael Saad,Male,1973-04-19,01157621071,wael.saad41@hotmail.com,Cairo,Greater Cairo,Bronze,2020-12-23
CUS00869,Mona Ali,Female,1979-05-12,01240812818,mona.ali83@gmail.com,Luxor,Upper Egypt,Bronze,2022-06-03
CUS00540,Ashraf Farouk,Male,1980-09-07,01224806311,ashraf.farouk3@gmail.com,Cairo,Greater Cairo,Silver,2023-02-25
CUS02552,Reham Bakr,female,1981-07-13,01073541182,reham.bakr78@hotmail.com,Cairo,Greater Cairo,Bronze,2021-09-07
CUS01372,Nader Amin,Male,1978-03-07,  01275269328  ,nader.amin49@hotmail.com,Cairo,Greater Cairo,Gold,2022-07-08
CUS01146,Hoda Salem,Female,1978-04-22,01288930579,hoda.salem69@yahoo.com,Luxor,Upper Egypt,Bronze,2023-06-27
CUS01032,Shaimaa Nasser,Female,05/01/1990,01082016067,shaimaa.nasser72@hotmail.com,Alexandria,Alexandria,Bronze,2023-07-11
CUS00373,Maged Salem,male,1986-04-20,01298933292,maged.salem50@outlook.com,Cairo,Greater Cairo,Gold,2020-09-07
CUS00668,Rana Bakr,female,1993-01-05,  01041361578  ,rana.bakr73@gmail.com,Cairo,Greater Cairo,Silver,2021-11-02
CUS00358,Omar Mahmoud,Male,1985-12-15,01073188059,,Alexandria,Alexandria,Bronze,2020-03-10
CUS00968,Ghada Salem,Female,1972-06-13,  01014463768  ,ghada.salem83@gmail.com,Giza,Greater Cairo,Gold,2023-10-14
CUS01354,Salma Mohamed,Female,1994-04-25,01176803099,,Zagazig,Nile Delta,Silver,2021-08-18
CUS01036,Khaled Ali,Male,10/09/1978,01119140411,khaled.ali99@gmail.com,Tanta,Nile Delta,Bronze,2020-08-23
CUS00471,Akram Ali,Male,1991-11-01,  01073068018  ,akram.ali97@hotmail.com,Cairo,Greater Cairo,Silver,2023-02-18
CUS01397,Rania Mostafa,Female,2002-05-05,01127216331,rania.mostafa1@gmail.com,Giza,Greater Cairo,Bronze,2020-08-03
CUS02665,Salma Ragab,Female,1987-08-09,01237580935,salma.ragab67@yahoo.com,Mansoura,Nile Delta,Silver,2023-02-13
CUS01550,Sherif Saad,Male,1975-04-08,01124290225,sherif.saad78@outlook.com,Mansoura,Nile Delta,Silver,2022-03-16
CUS01257,Noha Khalil,FEMALE,12/10/1971, 01175614874,noha.khalil78@outlook.com,Cairo,Greater Cairo,Bronze,2021-11-05
CUS02095,Omar Saad,Male,1996-01-14,01189233826 ,omar.saad81@outlook.com,Giza,Greater Cairo,Gold,2021-12-15
CUS01556,Nader Mahmoud,Male,1983-07-15,01078613363,nader.mahmoud83@gmail.com,Cairo,Greater Cairo,Platinum,2021-08-27
CUS02633,Dalia Shaaban,Female,09/04/1995,01044373881,dalia.shaaban34@outlook.com,Cairo,Greater Cairo,Bronze,2023-06-23
CUS01251,Ashraf Lotfy,Male,1970-04-26,01123763883,ashraf.lotfy58@gmail.com,Hurghada,Red Sea,Silver,2022-08-28
CUS01700,Ashraf Mohamed,Male,1997-05-15, 01094238694,ashraf.mohamed28@outlook.com,Alexandria,Alexandria,Bronze,2023-12-09
CUS01253,Radwa Fathy,Female,1976-06-14,01056554895,radwa.fathy39@gmail.com,Cairo,Greater Cairo,Bronze,2021-04-19
CUS02828,Emad Zaki,male,1991-03-06,01158236901,emad.zaki89@outlook.com,Cairo,Greater Cairo,Bronze,2021-03-05
CUS00080,Hany Hafez,Male,2003-09-23,  01292978636  ,hany.hafez87@outlook.com,Cairo,Greater Cairo,Bronze,2021-09-20
CUS01173,Noha Khalil,FEMALE,1992-04-08,  01033261698  ,,Mansoura,Nile Delta,Bronze,2022-11-26
CUS00815,Noha Abdallah,Female,1974-01-09,01026429653,noha.abdallah68@gmail.com,Luxor,Upper Egypt,Bronze,2022-11-24
CUS01853,Ahmed Mahmoud,Male,17/12/1970,01123052513,ahmed.mahmoud59@gmail.com,Luxor,Upper Egypt,Silver,2022-11-26
CUS02221,Nadia Badawi,female,1972-12-22,01222721215,nadia.badawi22@outlook.com,Tanta,Nile Delta,Silver,2020-10-18
CUS02673,Walid Mansour,Male,2001-01-26,  01054395754  ,,Tanta,Nile Delta,Gold,2021-06-28
CUS02106,Maged Hafez,Male,24/08/1972,01158656813,maged.hafez33@hotmail.com,Giza,Greater Cairo,Bronze,2021-06-03
CUS00134,Eman Badawi,Female,1978-12-18,01089299984,eman.badawi68@hotmail.com,Giza,Greater Cairo,Bronze,2022-08-18
CUS01141,Akram Ramadan,Male,1970-04-16,01023486212,,Aswan,Upper Egypt,Bronze,2020-04-06
CUS00934,Omar Shaaban,Male,1998-08-17,01179013223,omar.shaaban33@hotmail.com,Alexandria,Alexandria,Bronze,2022-05-09
CUS00929,Samah Ahmed,Female,1999-09-12,01232656439 ,samah.ahmed16@yahoo.com,Mansoura,Nile Delta,Silver,2022-05-12
CUS00824,Heba Hafez,female,1996-02-18,01090154379,heba.hafez82@outlook.com,Giza,Greater Cairo,Gold,2022-12-10
CUS01532,Nadia Ramadan,Female,1973-02-26,01277934407,nadia.ramadan39@gmail.com,Mansoura,Nile Delta,Bronze,2020-06-28
CUS01215,Ibrahim Lotfy,male,1977-03-26,01164511793 ,ibrahim.lotfy3@yahoo.com,Tanta,Nile Delta,Silver,2020-08-02
CUS00505,Hassan Abdallah,Male,2003-05-04, 01076936024,hassan.abdallah38@hotmail.com,Tanta,Nile Delta,Bronze,2023-12-12
CUS01395,Hany Rizk,male,1990-02-21,  01118218152  ,hany.rizk55@gmail.com,Giza,Greater Cairo,Silver,2021-01-26
CUS02396,Bassem Mahmoud,Male,1973-05-01,01160922178,bassem.mahmoud80@outlook.com,Giza,Greater Cairo,Silver,2022-03-27
CUS01997,Wael Ramadan,Male,19/08/1975,01186491866 ,wael.ramadan90@hotmail.com,Port Said,Canal Zone,Silver,2022-08-24
CUS02435,Mahmoud Khalil,Male,1999-06-16,01277946312,mahmoud.khalil46@yahoo.com,Ismailia,Canal Zone,Bronze,2023-04-17
CUS01959,Adel Younis,Male,26/04/1995,01171212493 ,adel.younis10@yahoo.com,Mansoura,Nile Delta,Bronze,2020-06-19
CUS01385,Manar Fathy,Female,1975-12-07,01111171326,manar.fathy56@yahoo.com,Mansoura,Nile Delta,Gold,2020-09-12
CUS00895,Magdy Shaaban,Male,1987-02-16,01066882181,magdy.shaaban86@hotmail.com,Mansoura,Nile Delta,Silver,2023-02-05
CUS00829,Walid Mahmoud,Male,1971-07-05,  01271153456  ,walid.mahmoud99@yahoo.com,Zagazig,Nile Delta,Bronze,2022-06-12
CUS02968,Samir Wahba,MALE,1988-11-11,01151328431,samir.wahba44@outlook.com,Alexandria,Alexandria,Bronze,2023-08-10
CUS01684,Akram Hafez,Male,26/08/1973,01286813030,akram.hafez97@yahoo.com,Aswan,Upper Egypt,Silver,2023-06-14
CUS02654,Ayman Hassan,male,1970-02-11,01297686025,ayman.hassan35@yahoo.com,Cairo,Greater Cairo,Platinum,2022-10-21
CUS02602,Mohamed Ahmed,Male,1980-12-25,01024423852,mohamed.ahmed64@yahoo.com,Cairo,Greater Cairo,Bronze,2020-06-22
CUS02554,Khaled Younis,Male,1988-07-26,01234774343,khaled.younis34@outlook.com,Port Said,Canal Zone,Bronze,2020-09-15
CUS00653,Nour Ahmed,Female,1993-02-06,  01081017414  ,nour.ahmed73@hotmail.com,Alexandria,Alexandria,Silver,2020-03-07
CUS00173,Reham Khalil,Female,1994-09-13,01032935793,reham.khalil19@yahoo.com,Alexandria,Alexandria,Bronze,2020-07-10
CUS00039,Hoda Ahmed,Female,1975-05-13,  01066268745  ,hoda.ahmed70@gmail.com,Tanta,Nile Delta,Bronze,2023-12-12
CUS02908,Suzy Amin,FEMALE,1988-03-25,01210277815 ,suzy.amin84@hotmail.com,Cairo,Greater Cairo,Bronze,2022-04-26
CUS00714,Suzy Ragab,Female,1993-07-03,01243983969,suzy.ragab97@yahoo.com,Giza,Greater Cairo,Gold,2020-06-17
CUS00091,Doha Ahmed,Female,1970-12-09,01093290380,doha.ahmed82@hotmail.com,Cairo,Greater Cairo,Bronze,2021-12-07
CUS02865,Mohamed Ismail,Male,1993-08-05,01260507167,mohamed.ismail12@gmail.com,Giza,Greater Cairo,Bronze,2023-12-16
CUS01206,Sherif Mansour,Male,13/02/1973,01087561798,sherif.mansour75@yahoo.com,Hurghada,Red Sea,Gold,2020-11-19
CUS02629,Amira Mohamed,Female,1973-06-03, 01280058340,amira.mohamed53@yahoo.com,Alexandria,Alexandria,Bronze,2022-07-17
CUS01828,Nour Hafez,Female,1979-01-21, 01140556252,,Ismailia,Canal Zone,Bronze,2022-06-14
CUS01156,Samir Ramadan,Male,1993-05-14,  01172889571  ,,Zagazig,Nile Delta,Silver,2021-01-27
CUS01325,Zeinab Zaki,Female,1976-05-16, 01139417237,zeinab.zaki57@hotmail.com,Ismailia,Canal Zone,Bronze,2023-07-24
CUS00217,Salma Ibrahim,Female,1982-07-11, 01263956682,salma.ibrahim28@gmail.com,Giza,Greater Cairo,Bronze,2021-06-03
CUS00511,Mahmoud Hassan,Male,1985-01-03,01027007519 ,mahmoud.hassan32@hotmail.com,Mansoura,Nile Delta,Bronze,2021-10-13
CUS01681,Reham Shaaban,Female,2002-11-04,01244655375,reham.shaaban7@gmail.com,Giza,Greater Cairo,Bronze,2020-08-08
CUS00500,Hazem Barakat,Male,1986-03-23,01189034390,hazem.barakat6@gmail.com,Ismailia,Canal Zone,Silver,2021-04-04
CUS02520,Dina Sayed,female,12/10/1970,01023000847,,Zagazig,Nile Delta,Bronze,2021-06-03
CUS01857,Zeinab Hassan,Female,1997-09-11,01178234430,zeinab.hassan97@gmail.com,Zagazig,Nile Delta,Silver,2020-09-11
CUS01389,Ali Ismail,Male,1972-10-21,01023839095,ali.ismail15@outlook.com,Ismailia,Canal Zone,Bronze,2023-09-09
CUS01520,Hazem Badawi,MALE,1994-06-14,01292321426,hazem.badawi7@outlook.com,Port Said,Canal Zone,Silver,2021-03-27
CUS02387,Nadia Abdallah,female,1987-08-04,01148644859,nadia.abdallah88@outlook.com,Giza,Greater Cairo,Gold,2022-01-28
CUS02767,Karim Mansour,Male,1976-12-04, 01056175274,karim.mansour80@yahoo.com,Alexandria,Alexandria,Silver,2020-11-16
CUS02077,Hany Mohamed,Male,1998-07-09,01249475498,hany.mohamed92@gmail.com,Cairo,Greater Cairo,Bronze,2020-08-06
CUS01541,Ola Nasser,Female,1993-10-15,01126775788,ola.nasser83@hotmail.com,Tanta,Nile Delta,Bronze,2023-08-28
CUS01218,Engy Shaaban,female,20/04/1973,01197110687,engy.shaaban49@hotmail.com,Tanta,Nile Delta,Bronze,2021-12-10
CUS01417,Aisha Bakr,female,23/02/1971,01126750164,aisha.bakr62@yahoo.com,Cairo,Greater Cairo,Platinum,2020-03-19
CUS02218,Walid Amin,Male,1990-07-01,01061388703,walid.amin62@outlook.com,Giza,Greater Cairo,Silver,2022-02-28
CUS02561,Heba Saad,Female,1997-10-12, 01089666963,heba.saad20@yahoo.com,Hurghada,Red Sea,Bronze,2021-01-15
CUS01677,Salma Mohamed,Female,1989-06-15,01129165758 ,salma.mohamed12@outlook.com,Cairo,Greater Cairo,Platinum,2020-09-19
CUS01198,Hoda Saad,Female,1981-02-13, 01247383278,hoda.saad5@yahoo.com,Ismailia,Canal Zone,Bronze,2023-09-03
CUS01543,Hossam Zaki,MALE,1976-07-18,01197067214 ,hossam.zaki19@hotmail.com,Alexandria,Alexandria,Bronze,2022-06-18
CUS00954,Ali Mahmoud,Male,12/10/1977,  01091928972  ,ali.mahmoud85@gmail.com,Suez,Canal Zone,Bronze,2022-03-14
CUS00751,Manar Rizk,female,2003-07-06,  01277072182  ,manar.rizk39@gmail.com,Cairo,Greater Cairo,Bronze,2023-07-13
CUS00235,Samir Attia,Male,06/10/1980, 01281848989,samir.attia86@yahoo.com,Cairo,Greater Cairo,Bronze,2021-04-04
CUS00733,Sara Rizk,Female,28/05/1987,01189783556,sara.rizk73@yahoo.com,Mansoura,Nile Delta,Gold,2022-05-07
CUS01549,Radwa Badawi,Female,1995-11-08,01136567299,radwa.badawi46@outlook.com,Cairo,Greater Cairo,Bronze,2020-08-02
CUS01157,Bassem Rizk,male,2000-09-21,01074579455,bassem.rizk30@gmail.com,Cairo,Greater Cairo,Gold,2021-08-10
CUS02617,Fady Saad,Male,2001-10-03,01088263481,fady.saad96@outlook.com,Giza,Greater Cairo,Gold,2022-09-23
CUS02446,Ahmed Badawi,Male,2003-05-23,01143966025,ahmed.badawi53@outlook.com,Giza,Greater Cairo,Silver,2021-02-20
CUS01210,Rana Saad,FEMALE,1984-09-17,01247303947,rana.saad89@gmail.com,Sharm El Sheikh,South Sinai,Bronze,2023-12-18
CUS01066,Ashraf Attia,Male,1985-05-27,01179657329,ashraf.attia69@gmail.com,Zagazig,Nile Delta,Silver,2023-05-25
CUS02157,Omar Ismail,Male,1989-01-21,01085722289,omar.ismail37@hotmail.com,Cairo,Greater Cairo,Bronze,2021-01-17
CUS01063,Bassem Khalil,MALE,1992-10-27, 01028571145,bassem.khalil21@hotmail.com,Hurghada,Red Sea,Bronze,2022-04-20
CUS01168,Magdy Khalil,MALE,1987-08-14,  01084518625  ,magdy.khalil97@hotmail.com,Alexandria,Alexandria,Gold,2022-01-06
CUS01493,Mahmoud Wahba,Male,2001-08-09,01160242229,mahmoud.wahba65@hotmail.com,Cairo,Greater Cairo,Gold,2021-10-12
CUS02515,Emad Nasser,Male,2001-03-25,  01036629338  ,emad.nasser64@outlook.com,Mansoura,Nile Delta,Platinum,2021-09-26
CUS00885,Maged Ragab,Male,1999-11-05,01025457307,,Hurghada,Red Sea,Gold,2023-02-05
CUS00144,Magdy Younis,Male,2001-04-19, 01082963514,magdy.younis71@yahoo.com,Giza,Greater Cairo,Bronze,2020-09-05
CUS02990,Ghada Ahmed,Female,1984-01-11,  01045101571  ,ghada.ahmed53@hotmail.com,Luxor,Upper Egypt,Bronze,2020-04-07
CUS00851,Manar Mostafa,Female,23/08/1999,01064044021,manar.mostafa19@gmail.com,Cairo,Greater Cairo,Silver,2022-01-13
CUS00718,Amira Mohamed,Female,1971-01-10,  01037794800  ,amira.mohamed16@outlook.com,Ismailia,Canal Zone,Bronze,2022-11-13
CUS02890,Eman Mahmoud,Female,18/12/1985,01273559135,,Aswan,Upper Egypt,Silver,2020-11-26
CUS02503,Hany Hamdy,Male,1971-01-14,01244766218,hany.hamdy40@yahoo.com,Alexandria,Alexandria,Gold,2022-01-16
CUS00265,Manar Farouk,Female,1975-12-28,01222714930,manar.farouk55@yahoo.com,Luxor,Upper Egypt,Gold,2022-02-21
CUS00076,Hassan Wahba,Male,24/12/1974,01044345256,hassan.wahba7@gmail.com,Zagazig,Nile Delta,Bronze,2021-01-28
CUS02493,Adel Younis,male,1986-01-25,  01183327306  ,adel.younis20@outlook.com,Hurghada,Red Sea,Platinum,2020-12-21
CUS00396,Ayman Hassan,Male,1985-05-02,01249379055,ayman.hassan67@hotmail.com,Port Said,Canal Zone,Silver,2021-12-04
CUS02589,Manar Nasser,Female,1977-04-01,01029114425,manar.nasser67@outlook.com,Cairo,Greater Cairo,Bronze,2022-01-20
CUS02225,Mona Mansour,Female,1976-04-03,01065154377,mona.mansour82@gmail.com,Cairo,Greater Cairo,Platinum,2021-05-14
CUS02847,Manar Ismail,Female,1996-11-24,01039268622,manar.ismail24@yahoo.com,Hurghada,Red Sea,Silver,2020-04-05
CUS00397,Mahmoud Ismail,MALE,1979-05-28,01028013093,mahmoud.ismail80@outlook.com,Luxor,Upper Egypt,Bronze,2020-09-09
CUS01366,Heba Amin,Female,1985-04-12,01240291991,,Cairo,Greater Cairo,Silver,2020-03-23
CUS02542,Zeinab Hafez,Female,1977-09-25,01085537487,zeinab.hafez27@gmail.com,Hurghada,Red Sea,Platinum,2022-04-01
CUS01904,Hazem Ramadan,male,1998-05-15,01223388485,,Cairo,Greater Cairo,Bronze,2020-10-17
CUS00596,Khaled Salem,MALE,1988-07-09,  01240590640  ,khaled.salem34@hotmail.com,Alexandria,Alexandria,Gold,2023-08-20
CUS02110,Salma Hafez,Female,1974-12-07,01291640859,salma.hafez37@outlook.com,Ismailia,Canal Zone,Silver,2020-05-05
CUS01297,Heba Salem,Female,1984-11-26,  01116606138  ,heba.salem97@outlook.com,Cairo,Greater Cairo,Silver,2020-12-02
CUS01822,Dina Zaki,Female,20/11/1979, 01212157711,dina.zaki57@outlook.com,Cairo,Greater Cairo,Bronze,2021-06-28
CUS00873,Reem Ragab,female,1986-08-06,01084188311,reem.ragab67@gmail.com,Mansoura,Nile Delta,Bronze,2023-03-26
CUS02959,Fatima Ali,Female,12/11/1978,01257143574,fatima.ali82@hotmail.com,Cairo,Greater Cairo,Bronze,2023-12-07
CUS02327,Essam Ramadan,Male,1985-06-06, 01124687093,essam.ramadan68@outlook.com,Aswan,Upper Egypt,Bronze,2023-02-02
CUS01549,Radwa Badawi,Female,1995-11-08,01136567299,radwa.badawi46@outlook.com,Cairo,Greater Cairo,Bronze,2020-08-02
CUS00037,Dina Rizk,female,03/01/1974,01096702893 ,dina.rizk43@gmail.com,Giza,Greater Cairo,Bronze,2020-08-02
CUS02951,Rania Hamdy,female,1974-01-21,01284713976,rania.hamdy38@yahoo.com,Aswan,Upper Egypt,Bronze,2020-01-05
CUS02144,Manar Ibrahim,female,1985-09-18,01156071748,manar.ibrahim5@gmail.com,Giza,Greater Cairo,Silver,2022-10-12
CUS02600,Khaled Rizk,Male,1973-06-22,01146162961 ,khaled.rizk3@outlook.com,Cairo,Greater Cairo,Gold,2020-02-20
CUS00978,Hana Ibrahim,FEMALE,1994-10-05,01288099210,hana.ibrahim40@gmail.com,Cairo,Greater Cairo,Bronze,2020-09-05
CUS01572,Mahmoud Zaki,Male,1998-12-26,01025712553,mahmoud.zaki38@yahoo.com,Cairo,Greater Cairo,Silver,2023-01-15
CUS01123,Shaimaa Mahmoud,female,1997-08-09,  01142875807  ,shaimaa.mahmoud76@hotmail.com,Luxor,Upper Egypt,Bronze,2021-04-14
CUS02240,Mahmoud Farouk,Male,1994-04-17,01088173211,mahmoud.farouk65@hotmail.com,Cairo,Greater Cairo,Silver,2021-01-25
CUS02505,Dalia Nasser,female,1994-01-17,01059283441 ,dalia.nasser97@yahoo.com,Cairo,Greater Cairo,Bronze,2020-07-15
CUS01893,Amira Mahmoud,Female,1975-02-12,  01033248060  ,amira.mahmoud25@yahoo.com,Hurghada,Red Sea,Bronze,2021-10-14
CUS00676,Youssef Salem,Male,1980-07-04,01292985330 ,youssef.salem36@yahoo.com,Ismailia,Canal Zone,Gold,2020-11-05
CUS00729,Omar Salem,Male,1978-09-05,01074114251,omar.salem97@outlook.com,Cairo,Greater Cairo,Bronze,2022-04-27
CUS00413,Amira Gouda,Female,1976-12-24,  01292020513  ,amira.gouda30@gmail.com,Port Said,Canal Zone,Bronze,2021-07-02
CUS01517,Ramy Mahmoud,Male,06/06/1988, 01215998983,ramy.mahmoud3@yahoo.com,Mansoura,Nile Delta,Bronze,2023-01-26
CUS01650,Ali Mahmoud,Male,1977-11-25,  01217433350  ,,Tanta,Nile Delta,Bronze,2023-04-18
CUS00826,Samir Farouk,Male,1984-07-17,01156030008,samir.farouk22@yahoo.com,Suez,Canal Zone,Silver,2021-10-20
CUS00617,Ramy Mohamed,Male,1978-08-04,01113412336 ,ramy.mohamed58@outlook.com,Cairo,Greater Cairo,Silver,2023-04-07
CUS00115,Nadia Rizk,Female,1997-10-12,01246985109,nadia.rizk72@outlook.com,Mansoura,Nile Delta,Silver,2021-06-18
CUS00418,Nader Zaki,MALE,2000-04-18,  01230625554  ,nader.zaki98@hotmail.com,Giza,Greater Cairo,Silver,2022-08-21
CUS01626,Nour Hassan,Female,1980-03-08, 01027399889,nour.hassan60@outlook.com,Tanta,Nile Delta,Bronze,2020-03-12
CUS02987,Suzy Attia,Female,2003-09-17,01156930070,suzy.attia46@outlook.com,Cairo,Greater Cairo,Bronze,2023-02-04
CUS00090,Hana Ali,Female,1992-08-04,01285414925,hana.ali90@hotmail.com,Alexandria,Alexandria,Bronze,2020-07-13
CUS02083,Tamer Sayed,Male,10/07/1998,01120079941,tamer.sayed6@yahoo.com,Alexandria,Alexandria,Silver,2021-11-07
CUS00754,Maged Lotfy,Male,1997-02-20,01157617011,maged.lotfy62@gmail.com,Giza,Greater Cairo,Bronze,2022-06-07
CUS02547,Mona Bakr,Female,1996-07-25,01124657843,mona.bakr3@outlook.com,Cairo,Greater Cairo,Gold,2023-09-21
CUS01631,Rania Rizk,female,1977-10-25,01099863623,rania.rizk12@gmail.com,Zagazig,Nile Delta,Silver,2020-10-26
CUS00012,Mohamed Farouk,Male,1988-01-09, 01082156607,mohamed.farouk64@gmail.com,Ismailia,Canal Zone,Silver,2020-05-25
CUS02445,Nadia Amin,Female,1982-02-16,01231347320 ,nadia.amin79@outlook.com,Giza,Greater Cairo,Bronze,2023-07-05
CUS00285,Osama Khalil,Male,1999-07-04,01115474970 ,osama.khalil15@yahoo.com,Alexandria,Alexandria,Bronze,2020-06-03
CUS01067,Samir Bakr,Male,1970-10-06,01295900652,samir.bakr16@gmail.com,Cairo,Greater Cairo,Platinum,2021-07-05
CUS01192,Magdy Ramadan,Male,1979-04-22,01037593285,,Alexandria,Alexandria,Bronze,2022-05-23
CUS01441,Ashraf Salem,Male,1977-11-15,01226979489 ,,Ismailia,Canal Zone,Bronze,2023-04-28
CUS02849,Walid Salem,Male,1979-06-23, 01246207497,walid.salem65@outlook.com,Alexandria,Alexandria,Gold,2020-02-15
CUS02848,Suzy Wahba,Female,1983-05-07,01181911375,,Cairo,Greater Cairo,Bronze,2023-08-14
CUS02756,Aisha Ismail,Female,08/02/1988, 01142101779,aisha.ismail97@gmail.com,Giza,Greater Cairo,Silver,2020-06-11
CUS01569,Fatima Hafez,Female,1975-07-09,01241119594,fatima.hafez58@outlook.com,Mansoura,Nile Delta,Silver,2022-02-25
CUS02428,Hana Salem,Female,2000-07-23,01229515155,hana.salem34@outlook.com,Port Said,Canal Zone,Gold,2021-09-15
CUS02621,Nadia Hassan,Female,2002-12-14,  01220613190  ,nadia.hassan90@yahoo.com,Hurghada,Red Sea,Silver,2020-07-11
CUS01688,Nader Mostafa,male,1988-10-15,01045229697,nader.mostafa35@outlook.com,Alexandria,Alexandria,Bronze,2023-02-10
CUS00852,Youssef Mansour,Male,12/11/1984,  01131369764  ,youssef.mansour43@outlook.com,Zagazig,Nile Delta,Bronze,2020-11-09
CUS02208,Fady Ismail,Male,1995-01-25,01224336913,fady.ismail21@hotmail.com,Luxor,Upper Egypt,Bronze,2023-01-02
CUS00896,Heba Hafez,Female,1973-08-03,  01078231337  ,heba.hafez30@hotmail.com,Cairo,Greater Cairo,Gold,2020-01-27
CUS00497,Hossam Hamdy,Male,1987-07-13,01224406372,hossam.hamdy16@outlook.com,Alexandria,Alexandria,Bronze,2020-10-10
CUS02306,Hussein Amin,MALE,1979-07-16, 01070572729,hussein.amin93@outlook.com,Giza,Greater Cairo,Gold,2023-05-14
CUS01783,Essam Younis,Male,1987-06-13,  01169276156  ,essam.younis99@yahoo.com,Alexandria,Alexandria,Bronze,2020-08-19
CUS00336,Noha Amin,Female,1978-01-02,01051831217,noha.amin75@yahoo.com,Cairo,Greater Cairo,Silver,2021-08-10
CUS00516,Nadia Nasser,Female,24/06/1971,01268260695,nadia.nasser14@outlook.com,Cairo,Greater Cairo,Bronze,2022-09-15
CUS01349,Hany Salem,Male,1979-03-06, 01230806860,hany.salem68@yahoo.com,Ismailia,Canal Zone,Silver,2022-10-19
CUS01016,Ghada Zaki,FEMALE,1982-01-17,01287607161,,Port Said,Canal Zone,Bronze,2020-10-03
CUS02856,Doha Mahmoud,Female,1983-10-01,01034070150,doha.mahmoud39@outlook.com,Alexandria,Alexandria,Gold,2022-11-27
CUS02851,Zeinab Amin,Female,1973-10-19,01271970673,zeinab.amin16@outlook.com,Mansoura,Nile Delta,Silver,2021-12-27
CUS01782,Mona Wahba,Female,1985-05-17,  01189707590  ,mona.wahba70@outlook.com,Suez,Canal Zone,Silver,2023-11-06
CUS02570,Youssef Ramadan,male,1970-09-24, 01152791853,youssef.ramadan14@outlook.com,Port Said,Canal Zone,Silver,2020-08-28
CUS01786,Hazem Hafez,Male,1979-11-05,01172409137 ,hazem.hafez72@yahoo.com,Suez,Canal Zone,Silver,2023-11-19
CUS02071,Noha Nasser,Female,13/02/1980,  01211693674  ,noha.nasser34@gmail.com,Zagazig,Nile Delta,Silver,2021-03-22
CUS00357,Mohamed Ibrahim,Male,1999-07-11,01263598753,,Cairo,Greater Cairo,Silver,2021-06-22
CUS02900,Eman Badawi,Female,1979-06-10,01129693407,eman.badawi40@yahoo.com,Cairo,Greater Cairo,Bronze,2020-08-27
CUS01313,Yasmin Gamal,Female,1975-02-09,01288968371,yasmin.gamal9@yahoo.com,Alexandria,Alexandria,Silver,2020-05-01
CUS01636,Eman Ahmed,Female,1999-12-09, 01039861312,eman.ahmed81@outlook.com,Cairo,Greater Cairo,Bronze,2020-10-08
CUS00551,Hoda Attia,Female,1983-06-24,  01228164926  ,hoda.attia23@yahoo.com,Alexandria,Alexandria,Bronze,2023-02-01
CUS02389,Omar Ismail,MALE,1983-12-10,  01287781486  ,omar.ismail23@outlook.com,Tanta,Nile Delta,Bronze,2021-05-20
CUS02480,Ayman Ibrahim,Male,1996-07-24,01160524625,,Hurghada,Red Sea,Platinum,2022-04-09
CUS02522,Eman Lotfy,female,1994-02-28,01241704978,eman.lotfy63@yahoo.com,Cairo,Greater Cairo,Bronze,2020-11-24
CUS02266,Engy Ramadan,Female,1994-04-27, 01195094024,engy.ramadan39@outlook.com,Mansoura,Nile Delta,Silver,2023-05-24
CUS01228,Hossam Ramadan,Male,1997-10-26,01093535134,hossam.ramadan73@gmail.com,Cairo,Greater Cairo,Bronze,2022-07-18
CUS02725,Rania Hassan,FEMALE,05/11/1985,  01077481727  ,rania.hassan52@gmail.com,Giza,Greater Cairo,Bronze,2020-10-15
CUS00958,Mahmoud Salem,MALE,1992-09-22, 01264127552,mahmoud.salem94@hotmail.com,Cairo,Greater Cairo,Silver,2023-05-17
CUS01774,Essam Gamal,MALE,16/11/1995,  01284463328  ,essam.gamal42@outlook.com,Port Said,Canal Zone,Platinum,2022-11-15
CUS02142,Ashraf Saad,Male,1975-04-13,01221394849 ,ashraf.saad66@yahoo.com,Alexandria,Alexandria,Silver,2021-12-26
CUS01009,Suzy Saad,Female,01/04/1976, 01199791980,suzy.saad84@hotmail.com,Cairo,Greater Cairo,Bronze,2021-01-22
CUS01093,Ayman Ali,Male,1973-12-17,01181808026,,Mansoura,Nile Delta,Bronze,2022-01-05
CUS02719,Ali Wahba,male,1972-06-12, 01149593469,ali.wahba9@yahoo.com,Aswan,Upper Egypt,Bronze,2022-04-14
CUS00997,Yasmin Mostafa,Female,1975-06-24,  01269946219  ,yasmin.mostafa47@hotmail.com,Suez,Canal Zone,Silver,2021-07-17
CUS01680,Hoda Abdallah,Female,21/02/1999,01162874708,hoda.abdallah67@outlook.com,Tanta,Nile Delta,Bronze,2022-03-17
CUS00154,Heba Zaki,female,1972-12-26,  01261210252  ,heba.zaki56@outlook.com,Alexandria,Alexandria,Silver,2020-04-24
CUS02830,Omar Ramadan,Male,13/09/1970,01049751649,omar.ramadan75@outlook.com,Cairo,Greater Cairo,Gold,2023-12-01
CUS00581,Mohamed Mansour,Male,1986-12-21,01220641221,mohamed.mansour34@hotmail.com,Giza,Greater Cairo,Bronze,2021-12-26
CUS01471,Fatima Mansour,Female,1989-03-21,  01096750195  ,fatima.mansour68@yahoo.com,Alexandria,Alexandria,Gold,2020-07-22
CUS00704,Hossam Hassan,Male,1992-12-03,01259407992,hossam.hassan1@hotmail.com,Cairo,Greater Cairo,Silver,2022-09-12
CUS01213,Hazem Ali,MALE,2003-11-28,  01070969959  ,hazem.ali71@yahoo.com,Cairo,Greater Cairo,Silver,2022-05-27
CUS00897,Akram Saad,MALE,2001-05-07,  01133485502  ,akram.saad45@hotmail.com,Giza,Greater Cairo,Bronze,2023-07-23
CUS00488,Maged Ali,Male,1983-05-27,  01226567268  ,maged.ali1@gmail.com,Giza,Greater Cairo,Gold,2022-03-12
CUS00560,Noha Abdallah,Female,1975-07-27,01017522634 ,noha.abdallah36@yahoo.com,Mansoura,Nile Delta,Silver,2020-06-27
CUS01142,Heba Badawi,FEMALE,03/02/1973,01114353181,heba.badawi15@yahoo.com,Giza,Greater Cairo,Silver,2020-12-16
CUS01120,Fatima Khalil,Female,07/03/1974,01275990558,fatima.khalil43@gmail.com,Cairo,Greater Cairo,Bronze,2021-04-01
CUS00513,Hussein Ahmed,MALE,1992-07-23, 01275257692,hussein.ahmed30@hotmail.com,Port Said,Canal Zone,Silver,2021-02-12
CUS00634,Hussein Gouda,Male,1984-11-15,01126759028,hussein.gouda97@hotmail.com,Alexandria,Alexandria,Gold,2022-01-13
CUS02628,Dina Shaaban,Female,1978-11-27,01212323115 ,,Tanta,Nile Delta,Silver,2023-07-02
CUS01665,Omar Ramadan,MALE,1980-08-20,01267697780,,Sharm El Sheikh,South Sinai,Bronze,2022-06-11
CUS01013,Sara Fathy,female,1976-03-24,  01222053475  ,sara.fathy92@outlook.com,Port Said,Canal Zone,Silver,2023-08-18
CUS01932,Essam Hamdy,MALE,1984-04-11,01133882168 ,essam.hamdy71@outlook.com,Alexandria,Alexandria,Bronze,2022-08-17
CUS01151,Rania Farouk,female,1978-05-18,  01177563757  ,,Tanta,Nile Delta,Gold,2023-10-26
CUS02853,Tarek Fathy,Male,1986-01-10,  01059668050  ,tarek.fathy3@yahoo.com,Cairo,Greater Cairo,Bronze,2022-05-15
CUS00117,Rana Lotfy,Female,1970-02-27,01073306295,rana.lotfy11@gmail.com,Hurghada,Red Sea,Silver,2023-07-20
CUS00741,Amr Farouk,Male,01/02/1987,01051405395 ,amr.farouk30@gmail.com,Alexandria,Alexandria,Bronze,2020-07-23
CUS02809,Nadia Ibrahim,Female,1976-12-01,  01032902802  ,nadia.ibrahim39@gmail.com,Alexandria,Alexandria,Gold,2023-03-08
CUS01975,Ashraf Farouk,Male,2003-06-28,  01171214909  ,ashraf.farouk10@hotmail.com,Giza,Greater Cairo,Silver,2021-08-18
CUS01082,Sara Gamal,Female,1981-08-18,  01136346840  ,sara.gamal9@hotmail.com,Cairo,Greater Cairo,Silver,2021-02-15
CUS01811,Dina Hamdy,Female,1973-07-24,01222162326,,Mansoura,Nile Delta,Silver,2023-11-26
CUS00831,Ahmed Barakat,Male,1998-04-11,01141866734,ahmed.barakat18@outlook.com,Cairo,Greater Cairo,Silver,2020-04-08
CUS00120,Amira Attia,female,1995-10-01,01133492771 ,amira.attia15@hotmail.com,Alexandria,Alexandria,Platinum,2022-12-15
CUS00657,Heba Barakat,Female,1975-11-21,01180778039,heba.barakat83@yahoo.com,Giza,Greater Cairo,Bronze,2022-06-05
CUS02834,Ahmed Saad,Male,1982-11-09,01049830164,ahmed.saad64@outlook.com,Giza,Greater Cairo,Gold,2023-05-23
CUS02737,Ayman Mohamed,Male,1974-06-02,01295533714,ayman.mohamed41@gmail.com,Sharm El Sheikh,South Sinai,Bronze,2021-10-17
CUS02980,Radwa Bakr,Female,09/12/1989,  01229113941  ,radwa.bakr79@yahoo.com,Ismailia,Canal Zone,Gold,2020-03-11
CUS00636,Zeinab Ahmed,Female,1976-05-27,01247026058,zeinab.ahmed33@hotmail.com,Giza,Greater Cairo,Silver,2020-01-04
CUS00370,Bassem Gouda,Male,1974-06-05,  01272982807  ,bassem.gouda94@hotmail.com,Cairo,Greater Cairo,Gold,2023-07-14
CUS00269,Mahmoud Ismail,Male,1980-05-05,01044681437,mahmoud.ismail6@outlook.com,Giza,Greater Cairo,Gold,2020-01-28
CUS00047,Omar Gamal,Male,24/02/1986,01016462242 ,omar.gamal64@outlook.com,Giza,Greater Cairo,Bronze,2022-09-13
CUS00992,Eman Hafez,Female,1982-06-08,01159757038,eman.hafez94@outlook.com,Tanta,Nile Delta,Gold,2020-07-07
CUS00877,Adel Amin,Male,1979-04-06,01197687081 ,adel.amin70@yahoo.com,Tanta,Nile Delta,Bronze,2022-09-10
CUS00774,Engy Amin,Female,14/01/1995,01020214735,engy.amin54@gmail.com,Giza,Greater Cairo,Bronze,2022-10-22
CUS01220,Reham Salem,Female,1977-06-28,01286498139,reham.salem92@outlook.com,Cairo,Greater Cairo,Platinum,2023-03-07
CUS01127,Samir Hassan,Male,1979-07-05, 01081253299,samir.hassan18@outlook.com,Cairo,Greater Cairo,Platinum,2021-06-21
CUS00005,Yasmin Gamal,female,04/08/1971,01165831276,yasmin.gamal45@hotmail.com,Cairo,Greater Cairo,Bronze,2022-08-26
CUS01596,Eman Mohamed,Female,1988-03-10,01188004977,eman.mohamed73@hotmail.com,Alexandria,Alexandria,Bronze,2020-10-03
CUS02312,Reem Gouda,Female,1976-06-16,01044908784,,Luxor,Upper Egypt,Silver,2023-07-01
CUS02492,Hassan Farouk,Male,1977-11-27,01218420105 ,hassan.farouk75@gmail.com,Cairo,Greater Cairo,Silver,2020-05-15
CUS01078,Ramy Abdallah,Male,1990-02-13, 01077425226,,Tanta,Nile Delta,Gold,2022-01-17
CUS00838,Radwa Saad,Female,13/09/1975, 01260774044,radwa.saad72@outlook.com,Giza,Greater Cairo,Gold,2023-02-22
CUS00682,Emad Mahmoud,Male,1998-11-03,01252763636,emad.mahmoud98@gmail.com,Cairo,Greater Cairo,Bronze,2021-02-06
CUS01716,Zeinab Mostafa,Female,2002-11-07,01098460162,zeinab.mostafa69@gmail.com,Sharm El Sheikh,South Sinai,Silver,2020-03-05
CUS02353,Hussein Khalil,Male,27/03/1983,  01226925127  ,hussein.khalil32@hotmail.com,Mansoura,Nile Delta,Silver,2023-01-25
CUS02618,Sherif Ali,MALE,1970-05-11, 01035984086,sherif.ali23@gmail.com,Cairo,Greater Cairo,Bronze,2023-01-01
CUS02362,Omar Attia,male,1970-04-16,01294694682,omar.attia18@gmail.com,Giza,Greater Cairo,Silver,2020-05-12
CUS02198,Mahmoud Ismail,Male,11/01/1986,01137594352,mahmoud.ismail13@gmail.com,Luxor,Upper Egypt,Bronze,2020-05-26
CUS01149,Bassem Badawi,Male,14/02/1992, 01225890596,bassem.badawi96@yahoo.com,Luxor,Upper Egypt,Silver,2020-06-02
CUS00575,Ashraf Mansour,male,1980-07-22,01224284867,,Luxor,Upper Egypt,Bronze,2023-01-06
CUS00051,Ibrahim Zaki,Male,1995-08-16,  01245568288  ,ibrahim.zaki48@yahoo.com,Ismailia,Canal Zone,Bronze,2023-01-09
CUS00854,Mohamed Khalil,Male,1978-01-28,01114551461,mohamed.khalil56@hotmail.com,Suez,Canal Zone,Bronze,2022-11-05
CUS01983,Reem Abdallah,Female,1985-02-27,01157952384,reem.abdallah22@outlook.com,Giza,Greater Cairo,Gold,2022-10-03
CUS01824,Samir Lotfy,Male,2003-06-19,01028085930,samir.lotfy58@outlook.com,Hurghada,Red Sea,Bronze,2020-02-25
CUS00834,Tarek Lotfy,Male,11/03/1985, 01223816907,tarek.lotfy25@yahoo.com,Cairo,Greater Cairo,Gold,2021-02-06
CUS01116,Rania Bakr,Female,1975-03-26,01182543688,rania.bakr69@outlook.com,Alexandria,Alexandria,Bronze,2022-08-18
CUS01167,Karim Badawi,MALE,1972-06-22, 01014415512,karim.badawi24@hotmail.com,Aswan,Upper Egypt,Bronze,2022-07-19
CUS02519,Fady Barakat,male,1975-02-18,01192011499,fady.barakat15@outlook.com,Tanta,Nile Delta,Bronze,2022-03-28
CUS01907,Hazem Ibrahim,male,2001-01-02,  01130280473  ,hazem.ibrahim84@hotmail.com,Port Said,Canal Zone,Silver,2023-06-20
CUS00972,Ahmed Ali,male,1972-11-14,01216227011 ,ahmed.ali53@hotmail.com,Port Said,Canal Zone,Gold,2021-01-05
CUS00400,Eman Salem,FEMALE,01/05/1984,01060621018,eman.salem16@yahoo.com,Zagazig,Nile Delta,Gold,2022-10-27
CUS02560,Hazem Amin,Male,1998-10-21,01090763816,hazem.amin97@gmail.com,Alexandria,Alexandria,Bronze,2021-03-26
CUS02369,Emad Ramadan,male,17/05/1992,01110745899,,Giza,Greater Cairo,Bronze,2022-12-14
CUS00020,Nader Mostafa,male,05/12/1997, 01119506414,,Giza,Greater Cairo,Bronze,2022-05-05
CUS00685,Suzy Mansour,female,2000-05-24,01289431668,,Port Said,Canal Zone,Bronze,2021-04-09
CUS00036,Aisha Shaaban,female,1998-09-24,  01243534652  ,aisha.shaaban8@yahoo.com,Hurghada,Red Sea,Bronze,2021-04-27
CUS02877,Hossam Gamal,Male,1972-12-18,01050185344,hossam.gamal50@yahoo.com,Alexandria,Alexandria,Bronze,2021-09-12
CUS00525,Wael Badawi,Male,1996-06-03,01185223282,wael.badawi58@outlook.com,Aswan,Upper Egypt,Gold,2021-10-27
CUS02456,Tamer Gamal,Male,1972-01-14,  01133641606  ,tamer.gamal32@hotmail.com,Cairo,Greater Cairo,Bronze,2022-11-14
CUS00921,Khaled Sayed,Male,2002-10-09,01159981121,,Luxor,Upper Egypt,Silver,2022-03-10
CUS01842,Mahmoud Nasser,Male,1983-02-06, 01034993585,,Giza,Greater Cairo,Bronze,2023-01-10
CUS01891,Ali Younis,Male,1982-02-16,01059735290,ali.younis12@outlook.com,Cairo,Greater Cairo,Silver,2021-04-13
CUS00538,Ayman Mostafa,Male,1981-08-11, 01225238583,ayman.mostafa63@outlook.com,Cairo,Greater Cairo,Bronze,2021-01-10
CUS01706,Manar Fathy,female,06/06/1976,01074362557,manar.fathy37@gmail.com,Cairo,Greater Cairo,Bronze,2022-04-08
CUS02979,Amira Younis,Female,1977-04-26,  01113153095  ,amira.younis76@outlook.com,Tanta,Nile Delta,Bronze,2023-06-15
CUS00246,Rana Bakr,Female,1990-11-26,01146434606,rana.bakr19@gmail.com,Port Said,Canal Zone,Bronze,2021-09-10
CUS00785,Mona Zaki,female,1996-02-22,01146111036,mona.zaki1@gmail.com,Cairo,Greater Cairo,Gold,2023-01-16
CUS01410,Salma Badawi,Female,1996-07-03,01066033776 ,salma.badawi11@yahoo.com,Luxor,Upper Egypt,Bronze,2021-11-21
CUS02538,Engy Ismail,Female,1983-04-25,01264506267,engy.ismail98@yahoo.com,Cairo,Greater Cairo,Platinum,2023-11-22
CUS00155,Fatima Lotfy,female,1973-05-17,01052857940,fatima.lotfy7@outlook.com,Ismailia,Canal Zone,Silver,2023-10-19
CUS01687,Nader Abdallah,Male,25/11/1991, 01035137242,nader.abdallah88@outlook.com,Port Said,Canal Zone,Bronze,2022-04-06
CUS00626,Mona Lotfy,Female,1973-04-06,01029187023,mona.lotfy2@outlook.com,Giza,Greater Cairo,Silver,2023-06-07
CUS02924,Nader Barakat,Male,1993-06-17,01240119082 ,nader.barakat98@outlook.com,Cairo,Greater Cairo,Bronze,2023-05-05
CUS01347,Samir Saad,Male,01/04/1977,01178349575,samir.saad90@outlook.com,Giza,Greater Cairo,Platinum,2020-01-01
CUS00570,Amira Abdallah,Female,11/11/1978, 01022133101,amira.abdallah22@outlook.com,Giza,Greater Cairo,Bronze,2020-11-05
CUS02981,Hossam Gouda,male,1987-01-25, 01117795914,hossam.gouda86@outlook.com,Giza,Greater Cairo,Silver,2022-01-18
CUS01759,Rania Ragab,FEMALE,1971-04-10,01232158429,rania.ragab27@outlook.com,Cairo,Greater Cairo,Gold,2021-07-19
CUS01817,Salma Farouk,Female,1982-01-06,01157939516,salma.farouk18@gmail.com,Giza,Greater Cairo,Bronze,2023-03-08
CUS02066,Karim Amin,Male,1995-11-25,01239105235,karim.amin11@yahoo.com,Hurghada,Red Sea,Bronze,2023-01-06
CUS00128,Doha Fathy,Female,1989-05-18,01216403434 ,doha.fathy61@gmail.com,Luxor,Upper Egypt,Bronze,2023-12-11
CUS02094,Rana Rizk,female,1990-12-07,01013450881,rana.rizk31@outlook.com,Alexandria,Alexandria,Bronze,2023-03-10
CUS02007,Hoda Mahmoud,FEMALE,17/02/1980, 01247483872,hoda.mahmoud73@outlook.com,Giza,Greater Cairo,Bronze,2020-03-08
CUS00981,Mariam Ali,female,1983-01-09, 01230034371,mariam.ali17@gmail.com,Giza,Greater Cairo,Bronze,2021-06-23
CUS01246,Khaled Barakat,Male,1975-11-21,01145699484,,Mansoura,Nile Delta,Silver,2021-10-02
CUS00191,Walid Sayed,Male,1990-09-21,01050549608,walid.sayed71@yahoo.com,Cairo,Greater Cairo,Bronze,2023-07-03
CUS01140,Hussein Sayed,Male,1972-03-03, 01059804167,hussein.sayed24@yahoo.com,Alexandria,Alexandria,Bronze,2020-02-23
CUS00993,Amr Hafez,Male,01/06/1988,01211062915,amr.hafez40@gmail.com,Cairo,Greater Cairo,Bronze,2022-03-25
CUS00700,Mahmoud Younis,male,1990-10-25,01215285691,mahmoud.younis9@gmail.com,Alexandria,Alexandria,Silver,2021-03-04
CUS00607,Walid Ahmed,male,1996-06-21,01071322699,walid.ahmed92@hotmail.com,Cairo,Greater Cairo,Bronze,2022-06-01
CUS00181,Aisha Mansour,Female,1982-06-27,01174304823,aisha.mansour81@outlook.com,Giza,Greater Cairo,Gold,2022-08-26
CUS00302,Suzy Rizk,FEMALE,1991-06-25, 01084762274,suzy.rizk86@gmail.com,Alexandria,Alexandria,Bronze,2020-08-26
CUS02545,Rania Zaki,Female,1985-09-15, 01173192975,rania.zaki82@hotmail.com,Cairo,Greater Cairo,Bronze,2022-07-16
CUS02823,Akram Mohamed,male,1971-08-19, 01165979497,akram.mohamed63@hotmail.com,Mansoura,Nile Delta,Silver,2020-10-07
CUS01061,Youssef Hassan,male,2003-02-28, 01245755742,youssef.hassan53@gmail.com,Luxor,Upper Egypt,Bronze,2023-09-23
CUS02867,Nader Mansour,Male,01/02/1971,01225019417,nader.mansour88@hotmail.com,Alexandria,Alexandria,Bronze,2022-05-25
CUS02926,Radwa Gouda,Female,1981-06-08,  01078663550  ,radwa.gouda57@hotmail.com,Suez,Canal Zone,Gold,2022-02-04
CUS02566,Ashraf Rizk,Male,13/07/1984,01242706628,ashraf.rizk11@hotmail.com,Giza,Greater Cairo,Bronze,2022-04-11
CUS01070,Magdy Hamdy,Male,1970-01-01,01016163850,magdy.hamdy76@hotmail.com,Giza,Greater Cairo,Bronze,2021-01-12
CUS02525,Karim Ahmed,Male,1979-05-01,  01151526888  ,karim.ahmed54@outlook.com,Hurghada,Red Sea,Silver,2022-04-08
CUS02206,Suzy Salem,FEMALE,1993-02-26,01290068637,suzy.salem42@hotmail.com,Suez,Canal Zone,Silver,2023-12-12
CUS01244,Ashraf Mansour,Male,23/06/1985,01260456057,ashraf.mansour50@gmail.com,Aswan,Upper Egypt,Bronze,2022-01-05
CUS00017,Ramy Ibrahim,Male,1995-04-14, 01076399516,ramy.ibrahim73@outlook.com,Giza,Greater Cairo,Bronze,2022-11-25
CUS01114,Aisha Saad,Female,1989-12-27,01173680989,aisha.saad54@hotmail.com,Alexandria,Alexandria,Gold,2022-02-08
CUS00547,Dina Salem,Female,1995-10-27,01180250319,dina.salem33@outlook.com,Cairo,Greater Cairo,Gold,2022-12-11
CUS00659,Shaimaa Mansour,Female,1990-12-02,  01213753144  ,shaimaa.mansour7@outlook.com,Mansoura,Nile Delta,Silver,2021-09-12
CUS02750,Osama Hassan,Male,1989-12-14,01280485498 ,osama.hassan72@gmail.com,Mansoura,Nile Delta,Gold,2023-07-07
CUS02781,Reham Farouk,Female,25/05/1980,01215071282,reham.farouk87@outlook.com,Cairo,Greater Cairo,Bronze,2020-03-04
CUS01505,Sherif Hamdy,Male,1974-09-22,  01011162685  ,sherif.hamdy54@hotmail.com,Giza,Greater Cairo,Platinum,2020-06-07
CUS00960,Amr Bakr,male,1984-07-26,01249985512 ,amr.bakr58@outlook.com,Zagazig,Nile Delta,Bronze,2022-12-02
CUS02332,Ashraf Shaaban,Male,11/05/1990,01217181290,ashraf.shaaban1@gmail.com,Cairo,Greater Cairo,Gold,2020-08-13
CUS00798,Omar Sayed,Male,1978-04-14,01037509178,,Alexandria,Alexandria,Bronze,2023-12-05
CUS00226,Tamer Hassan,Male,1996-01-02,  01177674770  ,tamer.hassan13@outlook.com,Cairo,Greater Cairo,Silver,2023-04-03
CUS02075,Ghada Nasser,female,1971-05-22,01058454479,ghada.nasser8@hotmail.com,Luxor,Upper Egypt,Silver,2020-08-11
CUS01800,Walid Hassan,Male,1976-10-04,  01090961227  ,walid.hassan94@gmail.com,Cairo,Greater Cairo,Silver,2023-04-28
CUS02486,Hoda Badawi,Female,1997-11-07,01089782008,hoda.badawi80@outlook.com,Ismailia,Canal Zone,Bronze,2020-09-15
CUS00164,Dina Lotfy,Female,2003-11-20,01240524866 ,dina.lotfy78@hotmail.com,Alexandria,Alexandria,Bronze,2023-09-05
CUS02278,Hossam Wahba,Male,1990-06-01, 01096246474,hossam.wahba18@outlook.com,Alexandria,Alexandria,Platinum,2021-10-24
CUS02086,Wael Wahba,Male,1995-11-14,01091393213,wael.wahba35@yahoo.com,Alexandria,Alexandria,Silver,2023-04-19
CUS01694,Reem Shaaban,Female,1994-12-22,01066920243,reem.shaaban20@gmail.com,Cairo,Greater Cairo,Silver,2023-06-11
CUS01046,Ramy Salem,male,1971-07-03,01156880867,,Mansoura,Nile Delta,Gold,2022-10-24
CUS00470,Emad Ragab,Male,1977-02-15, 01090722659,emad.ragab83@gmail.com,Ismailia,Canal Zone,Gold,2023-05-05
CUS00955,Neveen Farouk,female,1998-01-27,  01228275660  ,neveen.farouk41@gmail.com,Giza,Greater Cairo,Gold,2020-08-09
CUS02668,Adel Hafez,Male,25/09/1993,01166835720,,Mansoura,Nile Delta,Bronze,2021-07-17
CUS02736,Salma Ibrahim,Female,1992-11-07,  01074340200  ,,Hurghada,Red Sea,Silver,2020-05-23
CUS00640,Wael Saad,Male,1998-01-11, 01195202397,wael.saad71@hotmail.com,Giza,Greater Cairo,Gold,2023-06-25
CUS02826,Khaled Amin,Male,1985-07-24, 01278553033,khaled.amin66@gmail.com,Aswan,Upper Egypt,Bronze,2022-10-17
CUS01219,Ayman Rizk,Male,2002-02-23,01269004183,,Mansoura,Nile Delta,Silver,2021-07-27
CUS01159,Mona Badawi,Female,1996-07-09,01011380509 ,mona.badawi9@yahoo.com,Luxor,Upper Egypt,Silver,2022-04-24
CUS01416,Heba Abdallah,Female,20/06/1990,01174461050,heba.abdallah49@hotmail.com,Port Said,Canal Zone,Bronze,2020-09-27
CUS02759,Noha Mahmoud,Female,1972-02-06,01150253247,noha.mahmoud38@hotmail.com,Tanta,Nile Delta,Bronze,2023-08-02
CUS01528,Maged Saad,Male,1975-11-03, 01295377710,maged.saad21@outlook.com,Giza,Greater Cairo,Bronze,2023-06-25
CUS02969,Zeinab Gamal,Female,07/09/1976, 01063871679,zeinab.gamal32@outlook.com,Port Said,Canal Zone,Bronze,2021-01-11
CUS01301,Shaimaa Khalil,Female,1984-04-06,01122142709 ,shaimaa.khalil81@hotmail.com,Cairo,Greater Cairo,Silver,2021-10-14
CUS02914,Tamer Attia,MALE,1998-07-02,01099304493,tamer.attia61@hotmail.com,Ismailia,Canal Zone,Bronze,2020-01-02
CUS01604,Salma Ismail,Female,22/04/1989,01263720043,salma.ismail86@yahoo.com,Giza,Greater Cairo,Bronze,2022-03-17
CUS00161,Emad Ahmed,Male,01/11/1999,01062163068,emad.ahmed14@gmail.com,Giza,Greater Cairo,Bronze,2022-11-13
CUS01705,Walid Mohamed,Male,1975-10-20,01092786146,walid.mohamed90@gmail.com,Giza,Greater Cairo,Silver,2023-01-23
CUS00957,Essam Mostafa,Male,1996-12-03,01279077891,essam.mostafa69@gmail.com,Alexandria,Alexandria,Bronze,2021-12-25
CUS02963,Ayman Khalil,Male,20/04/2000,  01147664344  ,ayman.khalil99@yahoo.com,Giza,Greater Cairo,Silver,2020-11-20
CUS00878,Maged Fathy,male,1984-03-26, 01148902041,maged.fathy74@outlook.com,Mansoura,Nile Delta,Silver,2020-03-15
CUS01920,Hussein Fathy,Male,25/12/1985,  01242075322  ,hussein.fathy93@hotmail.com,Giza,Greater Cairo,Silver,2020-07-20
CUS01885,Tarek Mansour,Male,23/05/1993, 01026937073,tarek.mansour32@outlook.com,Cairo,Greater Cairo,Bronze,2023-10-02
CUS02201,Ibrahim Salem,male,26/06/1994,01131449737,ibrahim.salem76@gmail.com,Ismailia,Canal Zone,Silver,2021-08-25
CUS00099,Dina Younis,Female,1998-07-13,01214136476,dina.younis70@hotmail.com,Cairo,Greater Cairo,Gold,2021-05-22
CUS02875,Doha Fathy,Female,01/12/2001,01125785548,,Hurghada,Red Sea,Silver,2023-10-24
CUS02558,Amr Mahmoud,MALE,1982-07-16,  01064772783  ,,Giza,Greater Cairo,Bronze,2023-09-15
CUS00254,Adel Badawi,male,14/09/1984,  01167440042  ,adel.badawi87@hotmail.com,Giza,Greater Cairo,Bronze,2021-01-22
CUS00104,Hussein Mansour,Male,1975-05-28,  01082292089  ,hussein.mansour3@gmail.com,Alexandria,Alexandria,Gold,2023-10-07
CUS01446,Ashraf Attia,male,1992-05-21,01082003712,ashraf.attia13@gmail.com,Cairo,Greater Cairo,Silver,2020-04-27
CUS01444,Dina Hamdy,Female,1982-01-09,  01152653860  ,dina.hamdy83@outlook.com,Giza,Greater Cairo,Silver,2021-09-16
CUS01649,Heba Shaaban,Female,19/12/1995, 01058602368,,Hurghada,Red Sea,Bronze,2020-10-06
CUS00587,Manar Ragab,Female,1992-04-14, 01247430602,manar.ragab82@hotmail.com,Cairo,Greater Cairo,Bronze,2023-04-28
CUS00628,Maged Sayed,male,1991-09-09,01059046143 ,,Zagazig,Nile Delta,Silver,2023-02-04
CUS01697,Rania Hassan,Female,1991-04-01,  01121413833  ,,Cairo,Greater Cairo,Bronze,2021-03-17
CUS02102,Hussein Ali,Male,1993-10-07,01246586986,hussein.ali30@gmail.com,Alexandria,Alexandria,Bronze,2021-06-26
CUS02200,Heba Lotfy,Female,1990-09-15,01041084722 ,,Giza,Greater Cairo,Gold,2022-08-18
CUS00404,Ali Mahmoud,Male,1988-09-16,01066906118,ali.mahmoud88@gmail.com,Aswan,Upper Egypt,Bronze,2023-01-20
CUS01155,Tarek Fathy,Male,2002-02-11,  01144842564  ,tarek.fathy77@outlook.com,Mansoura,Nile Delta,Bronze,2021-04-24
CUS02256,Walid Ismail,male,1994-03-23,01017223183 ,walid.ismail60@gmail.com,Alexandria,Alexandria,Bronze,2022-09-04
CUS01683,Bassem Hafez,Male,1988-11-08,01170656290,bassem.hafez94@hotmail.com,Mansoura,Nile Delta,Silver,2021-06-19
CUS02057,Shaimaa Shaaban,Female,1978-09-09,01071856291,shaimaa.shaaban26@gmail.com,Alexandria,Alexandria,Silver,2023-09-07
CUS02892,Maged Sayed,MALE,1979-08-17,01190757837 ,maged.sayed79@gmail.com,Tanta,Nile Delta,Gold,2020-04-22
CUS00453,Mariam Badawi,Female,1976-01-07,01235186888 ,mariam.badawi45@yahoo.com,Giza,Greater Cairo,Platinum,2021-11-19
CUS02302,Youssef Zaki,Male,1981-08-22,01110326238,youssef.zaki56@hotmail.com,Alexandria,Alexandria,Bronze,2022-01-26
CUS01328,Mohamed Ragab,Male,1976-07-24, 01229745439,mohamed.ragab97@gmail.com,Hurghada,Red Sea,Gold,2023-02-12
CUS02050,Lobna Shaaban,Female,14/09/1993,  01074348569  ,lobna.shaaban31@hotmail.com,Cairo,Greater Cairo,Bronze,2022-07-21
CUS00881,Dalia Barakat,FEMALE,2002-09-28, 01268837018,dalia.barakat48@hotmail.com,Cairo,Greater Cairo,Silver,2021-04-21
CUS02966,Bassem Bakr,male,1989-01-06,  01126801640  ,bassem.bakr2@yahoo.com,Tanta,Nile Delta,Bronze,2023-04-06
CUS00624,Essam Rizk,Male,1978-06-22,01259067682,essam.rizk74@yahoo.com,Alexandria,Alexandria,Bronze,2021-04-17
CUS02394,Sherif Ibrahim,MALE,1995-03-12,01054292729 ,sherif.ibrahim36@hotmail.com,Cairo,Greater Cairo,Bronze,2021-12-15
CUS02819,Walid Bakr,Male,1995-12-08,01034982678,,Cairo,Greater Cairo,Bronze,2023-09-11
CUS01788,Akram Farouk,MALE,1999-03-26,01076745463,akram.farouk5@yahoo.com,Mansoura,Nile Delta,Gold,2021-12-16
CUS00263,Radwa Wahba,Female,1996-05-01,01273042053,radwa.wahba74@gmail.com,Cairo,Greater Cairo,Silver,2023-02-23
CUS01635,Dalia Barakat,Female,1983-02-01, 01024034673,dalia.barakat41@outlook.com,Port Said,Canal Zone,Bronze,2021-03-15
CUS01439,Tarek Badawi,Male,1994-08-06,  01291823674  ,,Cairo,Greater Cairo,Bronze,2022-11-09
CUS02199,Doha Ramadan,Female,1987-04-02,01131682480,doha.ramadan59@outlook.com,Alexandria,Alexandria,Bronze,2020-11-24
CUS01970,Yasmin Abdallah,female,1984-10-12,  01172310967  ,yasmin.abdallah91@outlook.com,Cairo,Greater Cairo,Bronze,2023-08-14
CUS02521,Rana Salem,Female,1982-09-21, 01020088018,,Tanta,Nile Delta,Bronze,2020-10-10
CUS01803,Magdy Ahmed,Male,1990-03-17,01214025785,magdy.ahmed71@yahoo.com,Giza,Greater Cairo,Gold,2023-09-26
CUS00641,Dina Hafez,Female,18/10/1992, 01240544052,,Cairo,Greater Cairo,Bronze,2023-06-20
CUS02386,Amr Younis,Male,1982-12-12,01017601140,,Alexandria,Alexandria,Bronze,2022-04-16
CUS02599,Reham Younis,Female,1999-06-28,01042865053,reham.younis80@gmail.com,Giza,Greater Cairo,Silver,2022-01-12
CUS02878,Ashraf Salem,Male,1999-06-01,  01295794390  ,ashraf.salem15@yahoo.com,Cairo,Greater Cairo,Bronze,2021-09-01
CUS01960,Nadia Saad,Female,1992-05-24,01031861832,nadia.saad25@gmail.com,Hurghada,Red Sea,Bronze,2022-10-03
CUS00489,Reham Salem,Female,1975-12-09,01036404306 ,,Port Said,Canal Zone,Silver,2022-04-26
CUS01844,Ola Shaaban,female,22/01/1970,01160683991,ola.shaaban20@gmail.com,Mansoura,Nile Delta,Silver,2021-11-21
CUS01735,Maged Farouk,Male,27/07/2003,01161017988,maged.farouk34@outlook.com,Cairo,Greater Cairo,Bronze,2023-12-08
CUS00147,Bassem Fathy,MALE,2003-10-23,  01244351488  ,,Mansoura,Nile Delta,Gold,2021-11-16
CUS01535,Ramy Ragab,Male,1998-12-21,01230610994,ramy.ragab46@hotmail.com,Giza,Greater Cairo,Gold,2021-09-08
CUS01987,Ayman Badawi,Male,1985-12-25,01136865874,ayman.badawi16@outlook.com,Zagazig,Nile Delta,Silver,2020-11-11
CUS01370,Ashraf Ramadan,Male,1991-01-12,01098427126,ashraf.ramadan74@yahoo.com,Cairo,Greater Cairo,Bronze,2020-12-21
CUS02451,Adel Khalil,Male,1996-03-16,01094140638 ,adel.khalil20@outlook.com,Cairo,Greater Cairo,Bronze,2023-05-28
CUS02984,Mahmoud Ragab,Male,2001-11-02, 01091454630,mahmoud.ragab59@hotmail.com,Aswan,Upper Egypt,Gold,2022-02-02
CUS02812,Nadia Hafez,Female,2002-10-07,01263715764,nadia.hafez11@outlook.com,Mansoura,Nile Delta,Bronze,2023-12-21
CUS00660,Sherif Sayed,MALE,1999-03-08,  01252991351  ,sherif.sayed2@gmail.com,Alexandria,Alexandria,Bronze,2023-04-23
CUS01795,Akram Shaaban,Male,1972-07-21,01139951222,akram.shaaban73@outlook.com,Cairo,Greater Cairo,Silver,2021-03-18
CUS02512,Adel Mansour,male,2001-09-12,01276486755,adel.mansour25@gmail.com,Suez,Canal Zone,Bronze,2022-07-20
CUS00187,Reham Sayed,Female,12/09/1983, 01252746321,reham.sayed22@gmail.com,Aswan,Upper Egypt,Silver,2022-10-11
CUS01148,Amira Abdallah,female,06/07/1983,01026313047 ,amira.abdallah98@outlook.com,Mansoura,Nile Delta,Bronze,2022-08-09
CUS00609,Suzy Amin,Female,1987-10-19,  01117961369  ,suzy.amin37@gmail.com,Alexandria,Alexandria,Bronze,2023-03-24
CUS02192,Fatima Ismail,Female,20/09/1997,01077252568,fatima.ismail87@hotmail.com,Suez,Canal Zone,Silver,2020-05-07
CUS02800,Maged Mostafa,MALE,1977-09-17,  01064642413  ,maged.mostafa29@hotmail.com,Cairo,Greater Cairo,Silver,2023-08-10
CUS01931,Zeinab Ismail,female,1983-06-08, 01215042790,zeinab.ismail28@gmail.com,Alexandria,Alexandria,Silver,2022-11-13
CUS00198,Samah Gamal,Female,1984-03-14,01210997236,samah.gamal53@hotmail.com,Suez,Canal Zone,Bronze,2020-01-19
CUS02328,Ayman Mohamed,Male,1980-05-19,01035940199 ,,Cairo,Greater Cairo,Bronze,2022-10-02
CUS00294,Hassan Rizk,male,1976-07-18,01010784780 ,hassan.rizk52@outlook.com,Giza,Greater Cairo,Platinum,2022-10-27
CUS00767,Wael Zaki,male,1990-04-08,01129960983,wael.zaki19@gmail.com,Hurghada,Red Sea,Silver,2023-03-05
CUS00401,Ramy Younis,Male,1987-10-04, 01032917330,ramy.younis87@outlook.com,Cairo,Greater Cairo,Bronze,2023-10-05
CUS00123,Karim Amin,Male,1985-05-07,01037214866,karim.amin16@gmail.com,Giza,Greater Cairo,Silver,2023-10-01
CUS00203,Amr Barakat,MALE,1972-06-03,01089932574,amr.barakat99@outlook.com,Cairo,Greater Cairo,Silver,2021-11-15
CUS00836,Ashraf Mohamed,Male,1998-03-24,01051540622,ashraf.mohamed42@hotmail.com,Giza,Greater Cairo,Silver,2021-09-05
CUS02295,Ahmed Lotfy,Male,1977-12-15,01085783209,ahmed.lotfy2@gmail.com,Cairo,Greater Cairo,Gold,2023-07-18
CUS01440,Karim Zaki,male,1985-07-20,01140202191,karim.zaki21@outlook.com,Tanta,Nile Delta,Silver,2023-02-22
CUS01734,Salma Badawi,Female,1999-11-02,  01123993698  ,salma.badawi9@hotmail.com,Giza,Greater Cairo,Gold,2023-11-26
CUS01696,Essam Khalil,MALE,1977-07-06,01219916771,essam.khalil30@gmail.com,Cairo,Greater Cairo,Silver,2021-10-13
CUS02976,Hussein Shaaban,Male,1997-06-26,01220794452,,Cairo,Greater Cairo,Bronze,2023-05-19
CUS01708,Hussein Fathy,male,1993-01-24,01011586540 ,hussein.fathy21@yahoo.com,Cairo,Greater Cairo,Bronze,2021-01-03
CUS02961,Sherif Hamdy,male,1982-07-05,01185579536,sherif.hamdy40@hotmail.com,Cairo,Greater Cairo,Gold,2021-09-16
CUS01154,Radwa Mostafa,Female,08/08/1990, 01255226010,radwa.mostafa99@gmail.com,Tanta,Nile Delta,Gold,2023-08-11
CUS01662,Ayman Sayed,MALE,1976-03-12,01249146431,ayman.sayed70@gmail.com,Alexandria,Alexandria,Bronze,2022-07-08
CUS02433,Sherif Amin,male,1984-12-17,01294739020,,Ismailia,Canal Zone,Silver,2021-06-01
CUS01760,Wael Mohamed,Male,1972-05-23, 01065189596,wael.mohamed36@outlook.com,Alexandria,Alexandria,Bronze,2023-12-09
CUS00855,Reham Ibrahim,Female,12/05/1975,01194029135,reham.ibrahim89@outlook.com,Cairo,Greater Cairo,Bronze,2020-06-06
CUS01590,Ayman Fathy,male,2000-11-05,  01092869403  ,,Tanta,Nile Delta,Silver,2021-09-24
CUS02268,Hossam Amin,Male,1988-06-02,  01132090814  ,hossam.amin33@outlook.com,Tanta,Nile Delta,Silver,2021-07-01
CUS00642,Bassem Ismail,Male,1986-12-16,01155231541,bassem.ismail42@gmail.com,Giza,Greater Cairo,Bronze,2020-04-19
CUS00002,Zeinab Fathy,Female,1978-11-10,01043914361,,Port Said,Canal Zone,Silver,2023-10-13
CUS02161,Bassem Badawi,MALE,2001-09-16,01089810354,bassem.badawi23@outlook.com,Mansoura,Nile Delta,Gold,2022-06-25
CUS00699,Youssef Abdallah,Male,1990-01-04,01053827193,youssef.abdallah71@gmail.com,Cairo,Greater Cairo,Bronze,2023-11-11
CUS01637,Hany Shaaban,male,06/02/1988,01264293820,,Giza,Greater Cairo,Gold,2021-07-25
CUS01292,Bassem Sayed,male,2002-03-27,01097087978,bassem.sayed77@gmail.com,Cairo,Greater Cairo,Silver,2020-01-15
CUS02904,Ibrahim Khalil,Male,1990-01-23,01080740167,ibrahim.khalil18@yahoo.com,Giza,Greater Cairo,Bronze,2021-08-05
CUS02490,Sara Bakr,Female,1994-08-25,01280045908,sara.bakr24@hotmail.com,Giza,Greater Cairo,Silver,2023-05-20
CUS01521,Heba Ismail,Female,09/01/1994, 01189070577,,Cairo,Greater Cairo,Bronze,2020-04-17
CUS01854,Dina Hafez,Female,2000-04-17,01213591830 ,dina.hafez30@outlook.com,Aswan,Upper Egypt,Silver,2023-03-02
CUS01137,Ibrahim Salem,Male,1975-06-26,01268092604,ibrahim.salem33@yahoo.com,Luxor,Upper Egypt,Silver,2020-07-22
CUS02993,Fady Shaaban,MALE,1974-05-24, 01026172270,fady.shaaban25@hotmail.com,Alexandria,Alexandria,Bronze,2022-04-03
CUS01632,Fady Lotfy,Male,1979-05-24,01164922827,,Giza,Greater Cairo,Bronze,2020-04-09
CUS01999,Khaled Gouda,Male,1994-02-15,01146322502,,Cairo,Greater Cairo,Bronze,2023-06-22
CUS00664,Nadia Sayed,Female,1977-07-27,01021610244,nadia.sayed61@outlook.com,Cairo,Greater Cairo,Bronze,2020-02-08
CUS00684,Hassan Mansour,MALE,1975-12-03,01068112164,,Mansoura,Nile Delta,Bronze,2022-11-17
CUS01258,Manar Younis,Female,06/01/1986, 01227900806,manar.younis59@outlook.com,Alexandria,Alexandria,Bronze,2021-05-06
CUS00318,Sherif Amin,Male,1998-02-26, 01291450675,sherif.amin44@outlook.com,Cairo,Greater Cairo,Gold,2021-07-01
CUS00649,Mohamed Fathy,Male,1997-12-25, 01063183240,mohamed.fathy43@yahoo.com,Hurghada,Red Sea,Silver,2023-03-25
CUS01435,Rana Ramadan,Female,1986-02-06,01113858404,rana.ramadan57@outlook.com,Cairo,Greater Cairo,Silver,2021-01-19
CUS01480,Ola Khalil,Female,12/10/2003,01246504456,ola.khalil32@outlook.com,Giza,Greater Cairo,Bronze,2023-05-11
CUS00710,Wael Attia,Male,1987-05-01,01285595538,,Tanta,Nile Delta,Bronze,2023-01-02
CUS01283,Eman Barakat,female,1980-04-01,01280059269,eman.barakat67@outlook.com,Alexandria,Alexandria,Bronze,2022-02-19
CUS01769,Ghada Mostafa,Female,1989-03-20, 01144236666,ghada.mostafa18@gmail.com,Giza,Greater Cairo,Platinum,2023-12-23
CUS00973,Bassem Shaaban,Male,1998-04-26,01092713862,bassem.shaaban59@hotmail.com,Zagazig,Nile Delta,Silver,2023-06-28
CUS02676,Akram Abdallah,male,2000-06-28,  01232163428  ,akram.abdallah54@yahoo.com,Giza,Greater Cairo,Platinum,2021-06-12
CUS02681,Heba Amin,Female,1994-04-11,01220540657,heba.amin92@yahoo.com,Cairo,Greater Cairo,Bronze,2020-03-18
CUS01307,Mariam Abdallah,Female,1978-11-23,01046059588,mariam.abdallah93@outlook.com,Tanta,Nile Delta,Gold,2023-09-08
CUS01401,Amr Abdallah,Male,1975-10-03,01142732649,amr.abdallah37@outlook.com,Cairo,Greater Cairo,Silver,2021-07-02
CUS01409,Shaimaa Ali,Female,1981-09-21,01055086729,shaimaa.ali77@yahoo.com,Alexandria,Alexandria,Bronze,2020-10-24
CUS02238,Ola Farouk,Female,10/12/1982, 01027884579,ola.farouk34@yahoo.com,Cairo,Greater Cairo,Bronze,2022-08-16
CUS01497,Mariam Ragab,female,1997-01-21,01211809088,mariam.ragab74@gmail.com,Mansoura,Nile Delta,Bronze,2020-01-24
CUS02039,Fady Barakat,Male,1988-02-22,  01131424500  ,fady.barakat45@gmail.com,Cairo,Greater Cairo,Bronze,2023-05-12
CUS01530,Ayman Amin,Male,1970-01-19,01057105377,,Alexandria,Alexandria,Silver,2021-01-03
CUS01664,Youssef Badawi,male,1984-12-14,01149004748,youssef.badawi9@outlook.com,Alexandria,Alexandria,Bronze,2020-09-10
CUS01355,Tamer Sayed,Male,1984-11-20, 01269677601,tamer.sayed77@gmail.com,Alexandria,Alexandria,Bronze,2022-06-18
CUS02972,Hussein Rizk,Male,1974-03-22,01111879066,hussein.rizk37@yahoo.com,Cairo,Greater Cairo,Silver,2022-10-26
CUS02992,Fady Nasser,Male,2003-07-18,  01163476495  ,fady.nasser49@yahoo.com,Hurghada,Red Sea,Bronze,2020-11-28
CUS01644,Bassem Mostafa,Male,27/11/2000,  01141589221  ,bassem.mostafa98@outlook.com,Mansoura,Nile Delta,Bronze,2021-05-17
CUS01052,Hossam Badawi,Male,2003-08-08, 01179898039,hossam.badawi52@hotmail.com,Alexandria,Alexandria,Silver,2020-10-14
CUS00796,Mohamed Bakr,male,1996-10-11,  01074561311  ,mohamed.bakr33@hotmail.com,Luxor,Upper Egypt,Silver,2021-11-13
CUS02694,Ola Khalil,Female,1976-05-18,01059222062,ola.khalil99@outlook.com,Alexandria,Alexandria,Bronze,2021-11-27
CUS01598,Nour Mahmoud,FEMALE,02/11/1987,  01054572063  ,,Cairo,Greater Cairo,Bronze,2023-03-27
CUS02605,Mohamed Gamal,Male,1975-09-17,01257444596,mohamed.gamal68@gmail.com,Cairo,Greater Cairo,Silver,2022-08-06
CUS02730,Zeinab Mahmoud,Female,09/05/1989,01040144463,zeinab.mahmoud83@gmail.com,Alexandria,Alexandria,Bronze,2020-09-11
CUS02626,Mohamed Gamal,Male,1973-11-15,01220291302 ,mohamed.gamal49@yahoo.com,Ismailia,Canal Zone,Silver,2021-04-02
CUS01820,Mahmoud Ibrahim,Male,2001-02-09,01084062798,mahmoud.ibrahim73@hotmail.com,Giza,Greater Cairo,Silver,2020-07-01
CUS01723,Khaled Amin,Male,1973-08-01, 01266221870,khaled.amin30@gmail.com,Giza,Greater Cairo,Silver,2023-01-05
CUS01184,Samir Ramadan,Male,1987-01-17,01195434927,samir.ramadan95@yahoo.com,Port Said,Canal Zone,Silver,2022-12-14
CUS02573,Fady Gouda,Male,1983-09-23,  01248097542  ,,Giza,Greater Cairo,Bronze,2023-07-27
CUS01060,Sara Barakat,Female,2000-06-23,01212655477 ,,Mansoura,Nile Delta,Silver,2020-07-25
CUS00541,Sara Ahmed,Female,2003-04-12,01236634140,sara.ahmed38@yahoo.com,Port Said,Canal Zone,Bronze,2022-06-14
CUS01679,Omar Abdallah,MALE,2002-11-19,01288747091,omar.abdallah36@outlook.com,Cairo,Greater Cairo,Silver,2020-12-04
CUS02797,Ahmed Mansour,Male,1995-05-05,01064117511,ahmed.mansour69@hotmail.com,Cairo,Greater Cairo,Gold,2023-12-19
CUS02936,Dalia Ramadan,female,2003-08-27,01015323895,,Cairo,Greater Cairo,Bronze,2023-04-27
CUS02533,Hoda Mostafa,Female,1998-05-11,01018647179,,Giza,Greater Cairo,Silver,2020-01-05
CUS01758,Suzy Mansour,female,1979-09-28,01182711014,suzy.mansour96@hotmail.com,Alexandria,Alexandria,Bronze,2022-06-28
CUS01924,Sara Mostafa,Female,28/09/1997,  01025775968  ,sara.mostafa1@gmail.com,Giza,Greater Cairo,Gold,2022-10-01
CUS00096,Doha Wahba,female,1975-02-06,  01281565674  ,doha.wahba88@outlook.com,Alexandria,Alexandria,Gold,2020-04-18
CUS01021,Radwa Zaki,Female,28/02/1985, 01192420626,radwa.zaki98@hotmail.com,Tanta,Nile Delta,Bronze,2023-06-10
CUS00564,Amira Abdallah,female,1989-01-13,  01248530763  ,amira.abdallah25@hotmail.com,Cairo,Greater Cairo,Bronze,2021-03-10
CUS02791,Essam Gouda,Male,1971-11-05,01117123469,essam.gouda61@outlook.com,Tanta,Nile Delta,Silver,2021-06-13
CUS00864,Samir Attia,Male,1976-06-27,  01137151869  ,samir.attia54@outlook.com,Giza,Greater Cairo,Bronze,2020-04-26
CUS01485,Noha Nasser,Female,1988-12-07,01191966264,noha.nasser36@hotmail.com,Giza,Greater Cairo,Silver,2020-11-11
CUS01882,Ghada Zaki,Female,1986-12-17,  01162033611  ,ghada.zaki38@hotmail.com,Luxor,Upper Egypt,Bronze,2020-12-28
CUS01039,Fady Ali,Male,1991-07-13,01247815498,fady.ali32@outlook.com,Cairo,Greater Cairo,Bronze,2021-11-07
CUS00207,Ahmed Hassan,Male,1974-01-14,  01080499776  ,ahmed.hassan25@gmail.com,Cairo,Greater Cairo,Bronze,2020-10-03
CUS00393,Essam Saad,Male,1976-10-06,01174987079,essam.saad42@gmail.com,Giza,Greater Cairo,Silver,2021-07-27
CUS02843,Adel Hassan,Male,25/10/1994,01128847760,adel.hassan35@gmail.com,Suez,Canal Zone,Bronze,2023-03-20
CUS00871,Hossam Farouk,male,1997-08-21,01149281259,hossam.farouk66@yahoo.com,Giza,Greater Cairo,Gold,2022-05-07
CUS00398,Rana Shaaban,female,1999-02-09,01267088619,rana.shaaban35@yahoo.com,Giza,Greater Cairo,Silver,2022-10-22
CUS02815,Osama Ragab,Male,1972-05-28,01032725140 ,osama.ragab40@yahoo.com,Alexandria,Alexandria,Bronze,2023-10-08
CUS02930,Ahmed Lotfy,Male,1984-03-23,01280371740,,Giza,Greater Cairo,Silver,2020-04-02
CUS01029,Neveen Ahmed,Female,1983-05-06,  01064679723  ,neveen.ahmed25@hotmail.com,Giza,Greater Cairo,Bronze,2023-05-06
CUS02691,Karim Ismail,Male,04/05/1999,01136407444,karim.ismail30@yahoo.com,Alexandria,Alexandria,Gold,2023-09-21
CUS01486,Hany Fathy,Male,1991-05-02,01045472873,hany.fathy90@yahoo.com,Giza,Greater Cairo,Bronze,2022-08-04
CUS02661,Hazem Gamal,Male,1978-10-09,01294111189,hazem.gamal16@hotmail.com,Alexandria,Alexandria,Silver,2022-01-11
CUS00961,Nader Gamal,Male,1975-06-13,01037647507,,Cairo,Greater Cairo,Bronze,2022-06-04
CUS01571,Mona Farouk,Female,1984-03-09,01266398137,mona.farouk64@hotmail.com,Alexandria,Alexandria,Bronze,2022-02-25
CUS02774,Neveen Salem,Female,27/09/1974,01177684507,,Giza,Greater Cairo,Bronze,2021-10-09
CUS01896,Samir Gouda,male,1987-03-24, 01151198679,samir.gouda99@yahoo.com,Zagazig,Nile Delta,Bronze,2023-10-27
CUS02732,Nader Khalil,male,13/05/1982,  01298380048  ,nader.khalil15@outlook.com,Alexandria,Alexandria,Bronze,2023-07-24
CUS02147,Hany Nasser,Male,1976-02-06,01087556403,hany.nasser57@yahoo.com,Giza,Greater Cairo,Bronze,2020-04-21
CUS00805,Sherif Badawi,Male,20/03/1997, 01147470286,sherif.badawi3@yahoo.com,Giza,Greater Cairo,Silver,2023-05-13
CUS01752,Hassan Mostafa,male,2002-08-10,01053091868,hassan.mostafa21@gmail.com,Cairo,Greater Cairo,Bronze,2021-05-26
CUS02455,Neveen Shaaban,Female,1976-01-24,01117934675,neveen.shaaban16@outlook.com,Alexandria,Alexandria,Gold,2020-04-22
CUS00503,Karim Khalil,Male,1997-09-26,01021545180,karim.khalil18@gmail.com,Giza,Greater Cairo,Silver,2022-07-19
CUS00780,Suzy Attia,female,1994-06-21,01136724504,suzy.attia3@hotmail.com,Mansoura,Nile Delta,Gold,2022-07-24
CUS01864,Nadia Mohamed,Female,02/02/1990,01228945147 ,nadia.mohamed75@outlook.com,Alexandria,Alexandria,Gold,2021-04-10
CUS00201,Shaimaa Rizk,Female,1973-11-16,01232693431,shaimaa.rizk4@hotmail.com,Mansoura,Nile Delta,Silver,2023-02-05
CUS02183,Amira Mostafa,Female,2001-02-09,01187163248,,Cairo,Greater Cairo,Silver,2021-05-25
CUS02089,Karim Rizk,Male,1991-03-28,01138424694 ,karim.rizk28@yahoo.com,Aswan,Upper Egypt,Bronze,2022-08-02
CUS02279,Aisha Mahmoud,female,1971-08-20,01034423105,aisha.mahmoud21@hotmail.com,Mansoura,Nile Delta,Bronze,2022-07-08
CUS01797,Engy Younis,Female,1983-10-22,01140581795,engy.younis1@yahoo.com,Tanta,Nile Delta,Silver,2022-06-26
CUS00379,Fady Amin,Male,1993-11-13,  01191981404  ,,Aswan,Upper Egypt,Silver,2023-12-13
CUS02337,Ali Farouk,Male,2003-10-26,01123126013,ali.farouk89@outlook.com,Giza,Greater Cairo,Bronze,2023-06-05
CUS00419,Sara Gouda,Female,1996-09-17,01032405653,,Tanta,Nile Delta,Silver,2020-12-07
CUS01699,Aisha Mahmoud,Female,1980-07-19,01217115675,aisha.mahmoud75@hotmail.com,Ismailia,Canal Zone,Bronze,2021-12-09
CUS00392,Amr Lotfy,Male,1975-08-28, 01261284717,amr.lotfy11@gmail.com,Giza,Greater Cairo,Gold,2023-11-22
CUS02641,Mahmoud Shaaban,Male,1986-02-20, 01262218930,mahmoud.shaaban32@outlook.com,Giza,Greater Cairo,Bronze,2023-05-11
CUS01523,Tarek Farouk,Male,05/08/1989,01242127494,tarek.farouk28@gmail.com,Giza,Greater Cairo,Bronze,2022-12-08
CUS01163,Ayman Ibrahim,MALE,1971-04-27,  01244852582  ,ayman.ibrahim17@outlook.com,Giza,Greater Cairo,Silver,2021-03-02
CUS01496,Ashraf Hamdy,Male,1995-06-24, 01230134690,ashraf.hamdy43@outlook.com,Mansoura,Nile Delta,Platinum,2022-04-11
CUS02696,Adel Ibrahim,Male,1979-07-22,01169820526 ,adel.ibrahim73@hotmail.com,Alexandria,Alexandria,Silver,2020-12-11
CUS02028,Dalia Hamdy,female,1989-12-09,  01032362187  ,dalia.hamdy6@outlook.com,Ismailia,Canal Zone,Silver,2021-10-27
CUS01153,Ghada Farouk,Female,03/09/1989, 01010421479,ghada.farouk64@outlook.com,Tanta,Nile Delta,Silver,2022-03-16
CUS01368,Yasmin Farouk,FEMALE,26/05/1970,  01139151447  ,yasmin.farouk60@outlook.com,Suez,Canal Zone,Bronze,2020-05-11
CUS02569,Nader Ibrahim,Male,1995-02-24,01041426731 ,nader.ibrahim1@yahoo.com,Hurghada,Red Sea,Bronze,2020-05-07
CUS00065,Lobna Rizk,Female,13/07/1996,01214740436,lobna.rizk92@yahoo.com,Giza,Greater Cairo,Silver,2023-11-12
CUS02063,Aisha Amin,Female,1993-02-17,01193427480,aisha.amin35@gmail.com,Hurghada,Red Sea,Bronze,2021-12-21
CUS01181,Hussein Zaki,Male,1985-11-27,01079447570,hussein.zaki34@outlook.com,Ismailia,Canal Zone,Silver,2021-06-23
CUS00493,Akram Attia,Male,02/02/1973,  01197225409  ,akram.attia89@hotmail.com,Cairo,Greater Cairo,Silver,2020-02-24
CUS00380,Mariam Mohamed,Female,1977-09-09,01243358157 ,mariam.mohamed53@yahoo.com,Giza,Greater Cairo,Bronze,2020-11-27
CUS02236,Rania Barakat,Female,24/11/1997,01172902517,rania.barakat63@hotmail.com,Alexandria,Alexandria,Silver,2023-08-21
CUS00764,Ayman Fathy,MALE,1975-12-21,  01016893126  ,ayman.fathy47@hotmail.com,Zagazig,Nile Delta,Gold,2020-01-06
CUS02265,Ahmed Bakr,Male,2003-01-04,01085431973,ahmed.bakr77@outlook.com,Mansoura,Nile Delta,Bronze,2022-05-16
CUS00792,Reem Fathy,Female,2001-05-14,  01043837801  ,reem.fathy8@outlook.com,Alexandria,Alexandria,Bronze,2022-04-14
CUS01077,Dalia Fathy,Female,1980-07-25,01181950326,dalia.fathy92@hotmail.com,Giza,Greater Cairo,Silver,2022-03-06
CUS00879,Engy Hassan,Female,1981-10-06,  01119379467  ,engy.hassan98@outlook.com,Cairo,Greater Cairo,Silver,2020-04-16
CUS00338,Dalia Hafez,Female,1991-10-10,  01154106502  ,,Tanta,Nile Delta,Bronze,2021-01-21
CUS02768,Samah Ahmed,Female,13/04/1974,01118826662,samah.ahmed3@hotmail.com,Cairo,Greater Cairo,Bronze,2022-09-21
CUS02344,Emad Badawi,MALE,13/07/1979,01216660861 ,emad.badawi23@hotmail.com,Giza,Greater Cairo,Bronze,2020-07-21
CUS01017,Ramy Fathy,Male,1994-05-10,01295910603,ramy.fathy1@yahoo.com,Cairo,Greater Cairo,Bronze,2023-09-15
CUS01276,Osama Zaki,Male,1986-02-25,01289017790,osama.zaki26@yahoo.com,Cairo,Greater Cairo,Bronze,2023-09-14
CUS00456,Heba Fathy,Female,15/11/1976,01288011850,heba.fathy59@outlook.com,Alexandria,Alexandria,Bronze,2020-04-28
CUS00816,Noha Gouda,FEMALE,2001-04-17,01060746101,noha.gouda32@yahoo.com,Alexandria,Alexandria,Bronze,2020-03-23
CUS02318,Fady Badawi,MALE,2003-12-18,  01292684135  ,fady.badawi43@yahoo.com,Giza,Greater Cairo,Gold,2021-10-26
CUS00996,Hana Ahmed,FEMALE,14/10/1998,01098286472,hana.ahmed3@gmail.com,Cairo,Greater Cairo,Gold,2020-08-17
CUS01982,Yasmin Rizk,Female,1995-10-06,  01172695253  ,yasmin.rizk88@yahoo.com,Hurghada,Red Sea,Bronze,2020-02-17
CUS00202,Eman Rizk,female,1978-10-09,  01144488013  ,eman.rizk20@outlook.com,Cairo,Greater Cairo,Silver,2022-03-09
CUS00162,Hussein Bakr,Male,2001-10-18,  01035020518  ,hussein.bakr6@yahoo.com,Mansoura,Nile Delta,Bronze,2022-06-16
CUS01580,Nadia Rizk,Female,2003-09-11,01181364647,,Alexandria,Alexandria,Bronze,2020-05-06
CUS02778,Mahmoud Hassan,male,17/05/1972,01150858588,mahmoud.hassan18@yahoo.com,Cairo,Greater Cairo,Bronze,2022-09-04
CUS02450,Hazem Ragab,Male,1981-10-14,  01121660380  ,hazem.ragab71@gmail.com,Giza,Greater Cairo,Silver,2022-04-16
CUS00703,Yasmin Abdallah,female,2002-06-11,01195138411,yasmin.abdallah86@outlook.com,Giza,Greater Cairo,Silver,2020-01-07
CUS01501,Youssef Farouk,Male,24/01/1984,01087074737,youssef.farouk41@hotmail.com,Alexandria,Alexandria,Silver,2023-11-08
CUS01130,Ali Mahmoud,male,1978-09-08,01229236657,ali.mahmoud23@yahoo.com,Cairo,Greater Cairo,Platinum,2021-10-24
CUS02614,Osama Saad,male,2000-02-02,01116475229,osama.saad63@outlook.com,Zagazig,Nile Delta,Bronze,2021-02-09
CUS01022,Adel Hafez,Male,1986-05-24,01051257395,adel.hafez16@outlook.com,Giza,Greater Cairo,Gold,2021-10-08
CUS01586,Fatima Mahmoud,Female,2001-06-10,  01146452326  ,fatima.mahmoud90@gmail.com,Cairo,Greater Cairo,Bronze,2020-05-13
CUS01956,Salma Bakr,FEMALE,18/04/1981,01223877852,salma.bakr49@yahoo.com,Port Said,Canal Zone,Silver,2021-08-18
CUS02254,Shaimaa Attia,Female,1994-05-24,  01119660505  ,shaimaa.attia78@yahoo.com,Aswan,Upper Egypt,Bronze,2023-11-08
CUS00035,Dina Khalil,Female,1989-12-23, 01215412975,dina.khalil46@outlook.com,Ismailia,Canal Zone,Bronze,2020-11-10
CUS00776,Nadia Khalil,FEMALE,1988-11-09,01131724678,,Cairo,Greater Cairo,Silver,2022-05-18
CUS02557,Hoda Abdallah,female,1980-11-16,  01284946680  ,hoda.abdallah75@yahoo.com,Alexandria,Alexandria,Silver,2022-12-17
CUS01479,Ayman Hamdy,Male,10/03/1988,  01085433047  ,ayman.hamdy44@gmail.com,Hurghada,Red Sea,Bronze,2023-05-07
CUS01391,Akram Ramadan,Male,1977-02-19,01273085393,akram.ramadan67@yahoo.com,Cairo,Greater Cairo,Bronze,2021-03-14
CUS02140,Reem Ahmed,Female,1993-07-17,  01184551091  ,reem.ahmed51@hotmail.com,Luxor,Upper Egypt,Gold,2021-05-28
CUS01364,Amr Mostafa,Male,1992-11-08,01233634793,amr.mostafa1@outlook.com,Mansoura,Nile Delta,Bronze,2021-03-27
CUS02946,Ali Ismail,Male,1971-12-01,  01096328902  ,ali.ismail73@hotmail.com,Cairo,Greater Cairo,Platinum,2022-04-18
CUS02613,Samah Saad,female,18/01/1983,01113248190,samah.saad51@outlook.com,Cairo,Greater Cairo,Gold,2021-04-05
CUS02825,Magdy Mansour,Male,08/10/2001,01233545030,magdy.mansour80@hotmail.com,Giza,Greater Cairo,Bronze,2022-05-06
CUS02042,Nader Rizk,Male,1998-07-03,01127082399 ,nader.rizk72@gmail.com,Alexandria,Alexandria,Bronze,2022-08-04
CUS00242,Amr Attia,male,06/04/1978,01148851088,amr.attia39@outlook.com,Port Said,Canal Zone,Silver,2023-04-01
CUS02062,Adel Lotfy,Male,1975-09-02,01178880796 ,adel.lotfy96@outlook.com,Alexandria,Alexandria,Silver,2021-05-09
CUS02364,Ayman Hafez,Male,1978-10-22, 01213231624,ayman.hafez57@gmail.com,Alexandria,Alexandria,Bronze,2021-01-27
CUS00601,Hoda Attia,female,1976-09-26,01052796441,hoda.attia61@yahoo.com,Cairo,Greater Cairo,Bronze,2020-09-19
CUS02436,Yasmin Ismail,Female,1982-01-19,  01113965137  ,yasmin.ismail60@outlook.com,Giza,Greater Cairo,Bronze,2020-11-22
CUS01298,Magdy Badawi,Male,1973-03-08,01250607997,magdy.badawi34@outlook.com,Cairo,Greater Cairo,Bronze,2023-10-26
CUS02215,Youssef Wahba,Male,1997-02-15,  01299325851  ,youssef.wahba67@gmail.com,Zagazig,Nile Delta,Bronze,2022-08-08
CUS02889,Osama Hamdy,Male,1994-10-04, 01172993322,osama.hamdy45@outlook.com,Aswan,Upper Egypt,Bronze,2021-04-16
CUS02069,Sherif Wahba,Male,2000-02-12, 01051958630,,Cairo,Greater Cairo,Gold,2023-11-02
CUS00647,Heba Wahba,Female,2000-09-11, 01091079800,heba.wahba29@outlook.com,Alexandria,Alexandria,Bronze,2022-10-27
CUS01529,Rania Fathy,Female,1997-05-11,01045999989,rania.fathy83@outlook.com,Hurghada,Red Sea,Bronze,2022-02-20
CUS02880,Nader Saad,Male,20/09/1993, 01083307962,nader.saad65@hotmail.com,Cairo,Greater Cairo,Bronze,2020-07-19
CUS01268,Lobna Nasser,Female,1978-03-24, 01089252562,lobna.nasser71@gmail.com,Alexandria,Alexandria,Bronze,2020-06-20
CUS01900,Khaled Saad,MALE,1994-09-16,01034929441,khaled.saad72@hotmail.com,Hurghada,Red Sea,Silver,2020-07-22
CUS00563,Hassan Mansour,MALE,1990-10-21,01032727871,,Cairo,Greater Cairo,Silver,2021-05-27
CUS01736,Sara Khalil,Female,1988-09-20,01157278097,,Suez,Canal Zone,Silver,2023-03-08
CUS02735,Karim Rizk,Male,1994-07-20,  01080219375  ,karim.rizk6@yahoo.com,Port Said,Canal Zone,Bronze,2023-06-08
CUS02484,Sherif Younis,male,20/09/1980,01075866125,sherif.younis75@yahoo.com,Cairo,Greater Cairo,Silver,2020-10-26
CUS00190,Tarek Shaaban,male,1981-12-22,01153588695,tarek.shaaban60@yahoo.com,Cairo,Greater Cairo,Silver,2022-06-20
CUS01807,Mahmoud Nasser,male,1991-05-14,01249022112 ,mahmoud.nasser28@outlook.com,Mansoura,Nile Delta,Bronze,2023-05-15
CUS00976,Youssef Ibrahim,Male,1992-09-26,01080095741,youssef.ibrahim13@outlook.com,Cairo,Greater Cairo,Bronze,2020-02-17
CUS02748,Fatima Ibrahim,Female,1999-07-25,  01291427314  ,fatima.ibrahim70@hotmail.com,Cairo,Greater Cairo,Bronze,2021-09-15
CUS02048,Fatima Ahmed,Female,1999-11-05,01069248631 ,fatima.ahmed7@outlook.com,Tanta,Nile Delta,Bronze,2022-11-16
CUS02559,Hossam Zaki,male,1970-08-06,01143671926,,Cairo,Greater Cairo,Silver,2020-07-16
CUS01083,Sherif Bakr,Male,1984-08-26,  01216711227  ,sherif.bakr62@yahoo.com,Giza,Greater Cairo,Bronze,2022-05-28
CUS00475,Hossam Saad,Male,1990-12-16, 01022321103,hossam.saad32@yahoo.com,Alexandria,Alexandria,Bronze,2020-02-16
CUS02905,Omar Gouda,male,1992-04-27,01116616517,omar.gouda77@outlook.com,Alexandria,Alexandria,Platinum,2023-04-08
CUS00748,Ibrahim Attia,MALE,1993-12-06,01081626275,ibrahim.attia99@hotmail.com,Alexandria,Alexandria,Gold,2020-09-17
CUS02301,Rania Farouk,Female,1999-09-02,01189851109,rania.farouk71@yahoo.com,Hurghada,Red Sea,Bronze,2023-04-20
CUS00022,Ibrahim Lotfy,male,1992-07-11, 01043257324,ibrahim.lotfy78@hotmail.com,Cairo,Greater Cairo,Bronze,2020-11-10
CUS00460,Ahmed Salem,male,1971-10-23,01220572666,ahmed.salem82@hotmail.com,Cairo,Greater Cairo,Gold,2021-04-21
CUS01185,Walid Mansour,Male,1971-12-17,01163405043,walid.mansour28@hotmail.com,Cairo,Greater Cairo,Silver,2022-02-26
CUS02325,Yasmin Ismail,female,1976-01-03,01121504486,yasmin.ismail60@hotmail.com,Aswan,Upper Egypt,Bronze,2020-06-25
CUS00956,Dina Wahba,Female,1989-09-23, 01149330568,dina.wahba53@yahoo.com,Giza,Greater Cairo,Silver,2023-06-05
CUS01216,Zeinab Ismail,Female,1986-05-09,01053763511,zeinab.ismail43@outlook.com,Cairo,Greater Cairo,Bronze,2020-02-06
CUS02434,Yasmin Fathy,Female,01/05/1971, 01051652412,yasmin.fathy55@hotmail.com,Giza,Greater Cairo,Bronze,2023-01-26
CUS02854,Salma Ahmed,female,1998-11-15,01291558768,salma.ahmed51@hotmail.com,Suez,Canal Zone,Bronze,2020-10-28
CUS01516,Karim Khalil,Male,1979-01-02,01298719014,karim.khalil95@yahoo.com,Cairo,Greater Cairo,Bronze,2022-04-18
CUS02392,Nadia Salem,Female,1983-10-10,01084843081,nadia.salem96@hotmail.com,Cairo,Greater Cairo,Bronze,2021-09-17
CUS00770,Radwa Bakr,Female,28/01/1981,01043635013 ,radwa.bakr18@yahoo.com,Aswan,Upper Egypt,Silver,2023-05-07
CUS01686,Amira Bakr,FEMALE,1971-11-21,01076025664,amira.bakr26@hotmail.com,Luxor,Upper Egypt,Gold,2022-01-08
CUS00131,Samir Saad,Male,1995-05-15,01188775038,samir.saad17@yahoo.com,Giza,Greater Cairo,Silver,2022-12-23
CUS02920,Adel Badawi,Male,1970-05-26,01155007832,adel.badawi89@gmail.com,Giza,Greater Cairo,Bronze,2022-10-26
CUS02136,Ayman Hafez,Male,14/11/2002,  01098760377  ,ayman.hafez9@gmail.com,Suez,Canal Zone,Silver,2020-11-06
CUS01483,Radwa Ahmed,Female,1975-05-20,  01121010615  ,radwa.ahmed92@outlook.com,Alexandria,Alexandria,Bronze,2020-06-13
CUS00331,Karim Hafez,Male,1975-10-26,01040283277,karim.hafez22@hotmail.com,Giza,Greater Cairo,Silver,2022-02-21
CUS01239,Sherif Amin,MALE,14/12/1991,  01036855295  ,sherif.amin3@gmail.com,Ismailia,Canal Zone,Silver,2023-08-02
CUS00467,Mahmoud Wahba,Male,14/10/1986,01191051682,mahmoud.wahba4@gmail.com,Giza,Greater Cairo,Silver,2021-06-14
CUS02170,Manar Mansour,female,1992-04-22,01243649169,manar.mansour48@hotmail.com,Giza,Greater Cairo,Bronze,2020-09-20
CUS01639,Walid Ali,Male,1994-05-01,01047701601 ,walid.ali72@outlook.com,Sharm El Sheikh,South Sinai,Silver,2022-09-09
CUS01096,Ola Gamal,Female,1977-02-13,01143030893 ,ola.gamal66@yahoo.com,Cairo,Greater Cairo,Bronze,2023-08-06
CUS01131,Sara Gamal,Female,1975-03-01,01245499509,sara.gamal56@hotmail.com,Zagazig,Nile Delta,Bronze,2021-12-25
CUS01295,Youssef Nasser,Male,1976-06-11,  01194842464  ,youssef.nasser5@hotmail.com,Hurghada,Red Sea,Silver,2021-11-03
CUS00861,Samah Khalil,Female,1980-07-19, 01039832632,,Hurghada,Red Sea,Bronze,2020-09-23
